dump_addr,size,ref_symbol,ref_elf,ref_addr,match_type,score,notes
0x08008000,116,_crt0_entry,ref1011_via,0x08008000,exact,1.000,size inferred from next symbol (asm routine)
0x08008074,14,msloop,ref1011_via,0x08008074,exact,1.000,size inferred from next symbol (asm routine)
0x08008082,16,psloop,ref1011_via,0x08008082,exact,1.000,size inferred from next symbol (asm routine)
0x08008092,20,dloop,ref1011_via,0x08008092,exact,1.000,size inferred from next symbol (asm routine)
0x080080A6,22,bloop,ref1011_via,0x080080A6,exact,1.000,size inferred from next symbol (asm routine)
0x080080BC,12,finiloop|initloop,ref1011_via,0x080080BC,exact-ambiguous,1.000,size inferred from next symbol (asm routine) ; identical body for: finiloop|initloop
0x080080C8,8,endinitloop,ref1011_via,0x080080C8,exact,1.000,size inferred from next symbol (asm routine)
0x080080D0,12,finiloop|initloop,ref1011_via,0x080080BC,exact-ambiguous,1.000,size inferred from next symbol (asm routine) ; identical body for: finiloop|initloop
0x080080DC,64,endfiniloop,ref1011_via,0x080080DC,fuzzy,0.889,
0x08008124,24,__port_switch,ref1011_via,0x08008124,exact,1.000,size inferred from next symbol (asm routine) ; xrefs: chSchGoSleepS@0x080120CC(b) chSchDoPreemption@0x0801213C(b)
0x0800813C,16,__port_thread_start,ref1011_via,0x0800813C,exact,1.000,size inferred from next symbol (asm routine) ; xrefs: chThdCreateSuspendedI@0x08012214(ptr)
0x08008152,6,__port_exit_from_isr,ref1011_via,0x08008152,exact,1.000,size inferred from next symbol (asm routine) ; tiny body placed (adjacent)
0x08008158,48,__aeabi_uldivmod,ref1011_via,0x08008158,exact,1.000,size inferred from next symbol (asm routine) ; xrefs: timer_read32@0x08010CEC(bl~)
0x08008458,2,__aeabi_idiv0,ref1011_via,0x08008434,exact-ambiguous,1.000,tiny body placed (vote) ; ambiguous body {__aeabi_idiv0|__aeabi_ldiv0|__chibios_override_boardInit|__cpu_init|__late_init|__malloc_lock|__malloc_unlock|_fini|battery_stop|board_init|default_layer_debug|default_layer_state_set_user|dummy_cb|early_hardware_init_post|housekeeping_task_user|keyboard_post_init_user|keyboard_pre_init_user|layer_debug|layer_state_set_user|led_init_ports|led_set_user|led_update_ports|matrix_init_user|matrix_power_down|matrix_power_up|matrix_print|matrix_scan_user|matrix_setup|notify_usb_device_state_change_user|oneshot_layer_changed_user|oneshot_locked_mods_changed_user|oneshot_mods_changed_user|post_process_record_user|rgb_matrix_none_indicators_user|suspend_power_down_user|suspend_wakeup_init_user|via_init_kb|via_set_layout_options_kb|wireless_enter_bluetooth_pin_code_entry_kb|wireless_enter_connected_kb|wireless_enter_discoverable_kb|wireless_enter_reconnecting_kb|wireless_enter_sleep_kb|wireless_exit_bluetooth_pin_code_entry_kb|wireless_post_task} resolved by caller: b.w from __aeabi_uldivmod@0x08008158+0x14 ; same body also matches: __aeabi_ldiv0|__chibios_override_boardInit|__cpu_init|__late_init|__malloc_lock|__malloc_unlock|_fini|battery_stop|board_init|default_layer_debug|default_layer_state_set_user|dummy_cb|early_hardware_init_post|housekeeping_task_user|keyboard_post_init_user|keyboard_pre_init_user|layer_debug|layer_state_set_user|led_init_ports|led_set_user|led_update_ports|matrix_init_user|matrix_power_down|matrix_power_up|matrix_print|matrix_scan_user|matrix_setup|notify_usb_device_state_change_user|oneshot_layer_changed_user|oneshot_locked_mods_changed_user|oneshot_mods_changed_user|post_process_record_user|rgb_matrix_none_indicators_user|suspend_power_down_user|suspend_wakeup_init_user|via_init_kb|via_set_layout_options_kb|wireless_enter_bluetooth_pin_code_entry_kb|wireless_enter_connected_kb|wireless_enter_discoverable_kb|wireless_enter_reconnecting_kb|wireless_enter_sleep_kb|wireless_exit_bluetooth_pin_code_entry_kb|wireless_post_task ; xrefs: __aeabi_uldivmod@0x08008158(b)
0x0800845C,16,strlen,ref1011_via,0x08008438,exact,1.000,
0x08008470,160,memchr,ref1011_via,0x08008450,exact,1.000,size inferred from next symbol (asm routine)
0x08008510,24,wreless_keyboard_leds,ref1011_via,0x080084F0,exact,1.000,
0x08008528,36,wireless_event_queue_init,ref1011_via,0x08008508,exact,1.000,xrefs: wireless_init@0x08008590(bl)
0x0800854C,68,wireless_event_enqueue,ref1011_via,0x0800852C,fuzzy,0.885,
0x08008590,40,wireless_init,ref1011_via,0x08008570,exact,1.000,xrefs: keyboard_post_init_kb@0x0800B10C(bl)
0x080085B8,52,wireless_pairing_ex,ref1011_via,0x08008598,fuzzy-anchored,0.667,call-anchored: b.w from keychron_wireless_common_task@0x0800A990+0x1C ; xrefs: keychron_wireless_common_task@0x0800A990(b)
0x080085EC,68,wireless_connect,ref1011_via,0x080085C8,exact,1.000,xrefs: wireless_send_consumer@0x080087B8(b) wireless_send_mouse@0x08008700(b) wireless_enter_disconnected_kb@0x0800A964(bl) wireless_send_system@0x08008798(b)
0x08008700,52,wireless_send_mouse,ref1011_via,0x080086CC,exact,1.000,
0x08008734,72,wireless_connect_ex,ref1011_via,0x08008700,fuzzy-anchored,0.806,call-anchored: b.w from bt_transport_enable@0x08009D28+0x2C ; xrefs: bt_transport_enable@0x08009D28(b) p24g_transport_enable@0x08009D90(b) process_record_keychron_wireless@0x0800A85C(bl~)
0x0800877C,16,wireless_disconnect,ref1011_via,0x08008748,exact,1.000,xrefs: wireless_low_battery_shutdown@0x08008848(bl) bt_transport_enable@0x08009D28(bl) p24g_transport_enable@0x08009D90(bl)
0x0800878C,2,wireless_enter_discoverable_kb,ref1011_via,0x08008758,exact-ambiguous,1.000,tiny body placed (adjacent) ; ambiguous body {__aeabi_idiv0|__aeabi_ldiv0|__chibios_override_boardInit|__cpu_init|__late_init|__malloc_lock|__malloc_unlock|_fini|battery_stop|board_init|default_layer_debug|default_layer_state_set_user|dummy_cb|early_hardware_init_post|housekeeping_task_user|keyboard_post_init_user|keyboard_pre_init_user|layer_debug|layer_state_set_user|led_init_ports|led_set_user|led_update_ports|matrix_init_user|matrix_power_down|matrix_power_up|matrix_print|matrix_scan_user|matrix_setup|notify_usb_device_state_change_user|oneshot_layer_changed_user|oneshot_locked_mods_changed_user|oneshot_mods_changed_user|post_process_record_user|rgb_matrix_none_indicators_user|suspend_power_down_user|suspend_wakeup_init_user|via_init_kb|via_set_layout_options_kb|wireless_enter_bluetooth_pin_code_entry_kb|wireless_enter_connected_kb|wireless_enter_discoverable_kb|wireless_enter_reconnecting_kb|wireless_enter_sleep_kb|wireless_exit_bluetooth_pin_code_entry_kb|wireless_post_task} resolved by caller: bl(fuzzy-paired) from wireless_event_task@0x080088D0+0x7A ; same body also matches: __aeabi_idiv0|__aeabi_ldiv0|__chibios_override_boardInit|__cpu_init|__late_init|__malloc_lock|__malloc_unlock|_fini|battery_stop|board_init|default_layer_debug|default_layer_state_set_user|dummy_cb|early_hardware_init_post|housekeeping_task_user|keyboard_post_init_user|keyboard_pre_init_user|layer_debug|layer_state_set_user|led_init_ports|led_set_user|led_update_ports|matrix_init_user|matrix_power_down|matrix_power_up|matrix_print|matrix_scan_user|matrix_setup|notify_usb_device_state_change_user|oneshot_layer_changed_user|oneshot_locked_mods_changed_user|oneshot_mods_changed_user|post_process_record_user|rgb_matrix_none_indicators_user|suspend_power_down_user|suspend_wakeup_init_user|via_init_kb|via_set_layout_options_kb|wireless_enter_bluetooth_pin_code_entry_kb|wireless_enter_connected_kb|wireless_enter_reconnecting_kb|wireless_enter_sleep_kb|wireless_exit_bluetooth_pin_code_entry_kb|wireless_post_task ; xrefs: wireless_event_task@0x080088D0(bl~)
0x0800878E,2,wireless_enter_reconnecting_kb,ref1011_via,0x0800875A,exact-ambiguous,1.000,tiny body placed (adjacent) ; ambiguous body {__aeabi_idiv0|__aeabi_ldiv0|__chibios_override_boardInit|__cpu_init|__late_init|__malloc_lock|__malloc_unlock|_fini|battery_stop|board_init|default_layer_debug|default_layer_state_set_user|dummy_cb|early_hardware_init_post|housekeeping_task_user|keyboard_post_init_user|keyboard_pre_init_user|layer_debug|layer_state_set_user|led_init_ports|led_set_user|led_update_ports|matrix_init_user|matrix_power_down|matrix_power_up|matrix_print|matrix_scan_user|matrix_setup|notify_usb_device_state_change_user|oneshot_layer_changed_user|oneshot_locked_mods_changed_user|oneshot_mods_changed_user|post_process_record_user|rgb_matrix_none_indicators_user|suspend_power_down_user|suspend_wakeup_init_user|via_init_kb|via_set_layout_options_kb|wireless_enter_bluetooth_pin_code_entry_kb|wireless_enter_connected_kb|wireless_enter_discoverable_kb|wireless_enter_reconnecting_kb|wireless_enter_sleep_kb|wireless_exit_bluetooth_pin_code_entry_kb|wireless_post_task} resolved by caller: bl(fuzzy-paired) from wireless_event_task@0x080088D0+0x94 ; same body also matches: __aeabi_idiv0|__aeabi_ldiv0|__chibios_override_boardInit|__cpu_init|__late_init|__malloc_lock|__malloc_unlock|_fini|battery_stop|board_init|default_layer_debug|default_layer_state_set_user|dummy_cb|early_hardware_init_post|housekeeping_task_user|keyboard_post_init_user|keyboard_pre_init_user|layer_debug|layer_state_set_user|led_init_ports|led_set_user|led_update_ports|matrix_init_user|matrix_power_down|matrix_power_up|matrix_print|matrix_scan_user|matrix_setup|notify_usb_device_state_change_user|oneshot_layer_changed_user|oneshot_locked_mods_changed_user|oneshot_mods_changed_user|post_process_record_user|rgb_matrix_none_indicators_user|suspend_power_down_user|suspend_wakeup_init_user|via_init_kb|via_set_layout_options_kb|wireless_enter_bluetooth_pin_code_entry_kb|wireless_enter_connected_kb|wireless_enter_discoverable_kb|wireless_enter_sleep_kb|wireless_exit_bluetooth_pin_code_entry_kb|wireless_post_task ; xrefs: wireless_event_task@0x080088D0(bl~)
0x08008790,2,wireless_enter_connected_kb,ref1011_via,0x0800875C,exact-ambiguous,1.000,tiny body placed (adjacent) ; ambiguous body {__aeabi_idiv0|__aeabi_ldiv0|__chibios_override_boardInit|__cpu_init|__late_init|__malloc_lock|__malloc_unlock|_fini|battery_stop|board_init|default_layer_debug|default_layer_state_set_user|dummy_cb|early_hardware_init_post|housekeeping_task_user|keyboard_post_init_user|keyboard_pre_init_user|layer_debug|layer_state_set_user|led_init_ports|led_set_user|led_update_ports|matrix_init_user|matrix_power_down|matrix_power_up|matrix_print|matrix_scan_user|matrix_setup|notify_usb_device_state_change_user|oneshot_layer_changed_user|oneshot_locked_mods_changed_user|oneshot_mods_changed_user|post_process_record_user|rgb_matrix_none_indicators_user|suspend_power_down_user|suspend_wakeup_init_user|via_init_kb|via_set_layout_options_kb|wireless_enter_bluetooth_pin_code_entry_kb|wireless_enter_connected_kb|wireless_enter_discoverable_kb|wireless_enter_reconnecting_kb|wireless_enter_sleep_kb|wireless_exit_bluetooth_pin_code_entry_kb|wireless_post_task} resolved by caller: bl(fuzzy-paired) from wireless_event_task@0x080088D0+0x46 ; same body also matches: __aeabi_idiv0|__aeabi_ldiv0|__chibios_override_boardInit|__cpu_init|__late_init|__malloc_lock|__malloc_unlock|_fini|battery_stop|board_init|default_layer_debug|default_layer_state_set_user|dummy_cb|early_hardware_init_post|housekeeping_task_user|keyboard_post_init_user|keyboard_pre_init_user|layer_debug|layer_state_set_user|led_init_ports|led_set_user|led_update_ports|matrix_init_user|matrix_power_down|matrix_power_up|matrix_print|matrix_scan_user|matrix_setup|notify_usb_device_state_change_user|oneshot_layer_changed_user|oneshot_locked_mods_changed_user|oneshot_mods_changed_user|post_process_record_user|rgb_matrix_none_indicators_user|suspend_power_down_user|suspend_wakeup_init_user|via_init_kb|via_set_layout_options_kb|wireless_enter_bluetooth_pin_code_entry_kb|wireless_enter_discoverable_kb|wireless_enter_reconnecting_kb|wireless_enter_sleep_kb|wireless_exit_bluetooth_pin_code_entry_kb|wireless_post_task ; xrefs: wireless_event_task@0x080088D0(bl~)
0x08008792,2,wireless_enter_bluetooth_pin_code_entry_kb,ref1011_via,0x0800875E,exact-ambiguous,1.000,tiny body placed (adjacent) ; ambiguous body {__aeabi_idiv0|__aeabi_ldiv0|__chibios_override_boardInit|__cpu_init|__late_init|__malloc_lock|__malloc_unlock|_fini|battery_stop|board_init|default_layer_debug|default_layer_state_set_user|dummy_cb|early_hardware_init_post|housekeeping_task_user|keyboard_post_init_user|keyboard_pre_init_user|layer_debug|layer_state_set_user|led_init_ports|led_set_user|led_update_ports|matrix_init_user|matrix_power_down|matrix_power_up|matrix_print|matrix_scan_user|matrix_setup|notify_usb_device_state_change_user|oneshot_layer_changed_user|oneshot_locked_mods_changed_user|oneshot_mods_changed_user|post_process_record_user|rgb_matrix_none_indicators_user|suspend_power_down_user|suspend_wakeup_init_user|via_init_kb|via_set_layout_options_kb|wireless_enter_bluetooth_pin_code_entry_kb|wireless_enter_connected_kb|wireless_enter_discoverable_kb|wireless_enter_reconnecting_kb|wireless_enter_sleep_kb|wireless_exit_bluetooth_pin_code_entry_kb|wireless_post_task} resolved by caller: bl(fuzzy-paired) from wireless_event_task@0x080088D0+0x108 ; same body also matches: __aeabi_idiv0|__aeabi_ldiv0|__chibios_override_boardInit|__cpu_init|__late_init|__malloc_lock|__malloc_unlock|_fini|battery_stop|board_init|default_layer_debug|default_layer_state_set_user|dummy_cb|early_hardware_init_post|housekeeping_task_user|keyboard_post_init_user|keyboard_pre_init_user|layer_debug|layer_state_set_user|led_init_ports|led_set_user|led_update_ports|matrix_init_user|matrix_power_down|matrix_power_up|matrix_print|matrix_scan_user|matrix_setup|notify_usb_device_state_change_user|oneshot_layer_changed_user|oneshot_locked_mods_changed_user|oneshot_mods_changed_user|post_process_record_user|rgb_matrix_none_indicators_user|suspend_power_down_user|suspend_wakeup_init_user|via_init_kb|via_set_layout_options_kb|wireless_enter_connected_kb|wireless_enter_discoverable_kb|wireless_enter_reconnecting_kb|wireless_enter_sleep_kb|wireless_exit_bluetooth_pin_code_entry_kb|wireless_post_task ; xrefs: wireless_event_task@0x080088D0(bl~)
0x08008794,2,wireless_exit_bluetooth_pin_code_entry_kb,ref1011_via,0x08008760,exact-ambiguous,1.000,tiny body placed (adjacent) ; ambiguous body {__aeabi_idiv0|__aeabi_ldiv0|__chibios_override_boardInit|__cpu_init|__late_init|__malloc_lock|__malloc_unlock|_fini|battery_stop|board_init|default_layer_debug|default_layer_state_set_user|dummy_cb|early_hardware_init_post|housekeeping_task_user|keyboard_post_init_user|keyboard_pre_init_user|layer_debug|layer_state_set_user|led_init_ports|led_set_user|led_update_ports|matrix_init_user|matrix_power_down|matrix_power_up|matrix_print|matrix_scan_user|matrix_setup|notify_usb_device_state_change_user|oneshot_layer_changed_user|oneshot_locked_mods_changed_user|oneshot_mods_changed_user|post_process_record_user|rgb_matrix_none_indicators_user|suspend_power_down_user|suspend_wakeup_init_user|via_init_kb|via_set_layout_options_kb|wireless_enter_bluetooth_pin_code_entry_kb|wireless_enter_connected_kb|wireless_enter_discoverable_kb|wireless_enter_reconnecting_kb|wireless_enter_sleep_kb|wireless_exit_bluetooth_pin_code_entry_kb|wireless_post_task} resolved by caller: bl(fuzzy-paired) from wireless_event_task@0x080088D0+0x11E ; same body also matches: __aeabi_idiv0|__aeabi_ldiv0|__chibios_override_boardInit|__cpu_init|__late_init|__malloc_lock|__malloc_unlock|_fini|battery_stop|board_init|default_layer_debug|default_layer_state_set_user|dummy_cb|early_hardware_init_post|housekeeping_task_user|keyboard_post_init_user|keyboard_pre_init_user|layer_debug|layer_state_set_user|led_init_ports|led_set_user|led_update_ports|matrix_init_user|matrix_power_down|matrix_power_up|matrix_print|matrix_scan_user|matrix_setup|notify_usb_device_state_change_user|oneshot_layer_changed_user|oneshot_locked_mods_changed_user|oneshot_mods_changed_user|post_process_record_user|rgb_matrix_none_indicators_user|suspend_power_down_user|suspend_wakeup_init_user|via_init_kb|via_set_layout_options_kb|wireless_enter_bluetooth_pin_code_entry_kb|wireless_enter_connected_kb|wireless_enter_discoverable_kb|wireless_enter_reconnecting_kb|wireless_enter_sleep_kb|wireless_post_task ; xrefs: wireless_event_task@0x080088D0(bl~)
0x08008796,2,wireless_enter_sleep_kb,ref1011_via,0x08008762,exact-ambiguous,1.000,tiny body placed (adjacent) ; ambiguous body {__aeabi_idiv0|__aeabi_ldiv0|__chibios_override_boardInit|__cpu_init|__late_init|__malloc_lock|__malloc_unlock|_fini|battery_stop|board_init|default_layer_debug|default_layer_state_set_user|dummy_cb|early_hardware_init_post|housekeeping_task_user|keyboard_post_init_user|keyboard_pre_init_user|layer_debug|layer_state_set_user|led_init_ports|led_set_user|led_update_ports|matrix_init_user|matrix_power_down|matrix_power_up|matrix_print|matrix_scan_user|matrix_setup|notify_usb_device_state_change_user|oneshot_layer_changed_user|oneshot_locked_mods_changed_user|oneshot_mods_changed_user|post_process_record_user|rgb_matrix_none_indicators_user|suspend_power_down_user|suspend_wakeup_init_user|via_init_kb|via_set_layout_options_kb|wireless_enter_bluetooth_pin_code_entry_kb|wireless_enter_connected_kb|wireless_enter_discoverable_kb|wireless_enter_reconnecting_kb|wireless_enter_sleep_kb|wireless_exit_bluetooth_pin_code_entry_kb|wireless_post_task} resolved by caller: bl(fuzzy-paired) from wireless_event_task@0x080088D0+0x13A ; same body also matches: __aeabi_idiv0|__aeabi_ldiv0|__chibios_override_boardInit|__cpu_init|__late_init|__malloc_lock|__malloc_unlock|_fini|battery_stop|board_init|default_layer_debug|default_layer_state_set_user|dummy_cb|early_hardware_init_post|housekeeping_task_user|keyboard_post_init_user|keyboard_pre_init_user|layer_debug|layer_state_set_user|led_init_ports|led_set_user|led_update_ports|matrix_init_user|matrix_power_down|matrix_power_up|matrix_print|matrix_scan_user|matrix_setup|notify_usb_device_state_change_user|oneshot_layer_changed_user|oneshot_locked_mods_changed_user|oneshot_mods_changed_user|post_process_record_user|rgb_matrix_none_indicators_user|suspend_power_down_user|suspend_wakeup_init_user|via_init_kb|via_set_layout_options_kb|wireless_enter_bluetooth_pin_code_entry_kb|wireless_enter_connected_kb|wireless_enter_discoverable_kb|wireless_enter_reconnecting_kb|wireless_exit_bluetooth_pin_code_entry_kb|wireless_post_task ; xrefs: wireless_event_task@0x080088D0(bl~)
0x08008798,32,wireless_send_system,ref1011_via,0x08008764,exact,1.000,xrefs: wireless_send_extra@0x08008810(b)
0x080087B8,88,wireless_send_consumer,ref1011_via,0x08008784,exact,1.000,xrefs: wireless_send_extra@0x08008810(b)
0x08008810,54,wireless_send_extra,ref1011_via,0x080087DC,exact,1.000,
0x08008848,136,wireless_low_battery_shutdown,ref1011_via,0x08008814,exact,1.000,xrefs: battery_check_critical_low@0x0800A554(b)
0x080088D0,488,wireless_event_task,ref1011_via,0x0800889C,fuzzy-anchored,0.876,call-anchored: bl from wireless_task@0x08008AB8+0x8 ; xrefs: wireless_task@0x08008AB8(bl)
0x08008AB8,40,wireless_task,ref1011_via,0x08008A80,exact,1.000,xrefs: wireless_tasks@0x08009D0A(bl)
0x08008AE0,44,send_string_task,ref1011_via,0x08008AA8,exact,1.000,
0x08008B0C,12,wireless_get_state,ref1011_via,0x08008AD4,exact-ambiguous,1.000,ambiguous body {get_mods|get_transport|get_tri_layer_adjust_layer|get_tri_layer_lower_layer|get_tri_layer_upper_layer|keyboard_leds|rgb_matrix_is_driver_shutdown|wireless_get_state} resolved by caller: bl from bt_transport_enable@0x08009D28+0x3A ; same body also matches: get_mods|get_transport|get_tri_layer_adjust_layer|get_tri_layer_lower_layer|get_tri_layer_upper_layer|keyboard_leds|rgb_matrix_is_driver_shutdown ; xrefs: bt_transport_enable@0x08009D28(bl) p24g_transport_enable@0x08009D90(bl) battery_task@0x0800A588(bl~)
0x08008B18,68,process_record_wireless,ref1011_via,0x08008AE0,exact,1.000,xrefs: process_record_keychron@0x0800AA6C(bl~)
0x08008B5C,60,report_buffer_init,ref1011_via,0x08008B24,exact,1.000,xrefs: wireless_low_battery_shutdown@0x08008848(bl) wireless_init@0x08008590(bl) wireless_event_task@0x080088D0(bl~) lpm_task@0x0800A17C(bl~)
0x08008B98,56,report_buffer_enqueue,ref1011_via,0x08008B60,exact,1.000,xrefs: wireless_send_consumer@0x080087B8(bl)
0x08008BD0,52,report_buffer_dequeue,ref1011_via,0x08008B98,exact,1.000,
0x08008C04,24,report_buffer_is_empty,ref1011_via,0x08008BCC,exact,1.000,xrefs: wireless_send_consumer@0x080087B8(bl)
0x08008C1C,16,report_buffer_update_timer,ref1011_via,0x08008BE4,exact-ambiguous,1.000,ambiguous body {factory_timer_start|report_buffer_update_timer} resolved by caller: b.w from wireless_send_consumer@0x080087B8+0x2A ; same body also matches: factory_timer_start ; xrefs: wireless_send_consumer@0x080087B8(b)
0x08008C2C,32,report_buffer_next_inverval,ref1011_via,0x08008BF4,exact,1.000,xrefs: wireless_send_consumer@0x080087B8(bl)
0x08008C4C,12,report_buffer_set_inverval,ref1011_via,0x08008C14,exact-ambiguous,1.000,ambiguous body {report_buffer_set_inverval|report_buffer_set_retry} resolved by caller: bl(fuzzy-paired) from wireless_event_task@0x080088D0+0x166 ; same body also matches: report_buffer_set_retry ; xrefs: wireless_event_task@0x080088D0(bl~)
0x08008C58,12,report_buffer_set_inverval|report_buffer_set_retry,ref1011_via,0x08008C14,exact-ambiguous,1.000,identical body for: report_buffer_set_inverval|report_buffer_set_retry
0x08008C64,192,report_buffer_task,ref1011_via,0x08008C2C,fuzzy-anchored,0.829,call-anchored: b.w from send_string_task@0x08008AE0+0x1E ; xrefs: send_string_task@0x08008AE0(b) wireless_task@0x08008AB8(bl)
0x08008D24,144,lkbt51_init,ref1011_via,0x08008CE4,fuzzy-anchored,0.870,call-anchored: bl from keyboard_post_init_kb@0x0800B10C+0x24 ; xrefs: keyboard_post_init_kb@0x0800B10C(bl)
0x08008DB4,68,lkbt51_wake,ref1011_via,0x08008D78,exact,1.000,xrefs: lkbt51_dfu_rx@0x08009624(bl~)
0x08009624,148,lkbt51_dfu_rx,ref1011_via,0x080095F0,fuzzy-anchored,0.788,call-anchored: bl from via_command_kb@0x0800AC3C+0x7A ; xrefs: via_command_kb@0x0800AC3C(bl)
0x080096B8,44,indicator_init,ref1011_via,0x0800968C,fuzzy-anchored,0.750,call-anchored: bl from wireless_init@0x08008590+0x10 ; xrefs: wireless_init@0x08008590(bl)
0x080096E4,18,indicator_enable,ref1011_via,0x080096B8,exact,1.000,xrefs: bat_level_animiation_start@0x0800A654(bl) indicator_stop@0x08009754(b) indicator_set@0x08009A44(bl~)
0x080096FA,14,indicator_is_enabled,ref1011_via,0x080096CE,exact,1.000,xrefs: indicator_stop@0x08009754(bl) battery_task@0x0800A588(bl~)
0x08009708,36,indicator_eeconfig_reload,ref1011_via,0x080096DC,fuzzy-anchored,0.733,call-anchored: bl from bat_level_animiation_update@0x0800A738+0x6C ; xrefs: bat_level_animiation_update@0x0800A738(bl) indicator_stop@0x08009754(bl) indicator_timer_cb@0x08009960(bl~) indicator_battery_low_backlit_enable@0x080097B0(bl~)
0x0800972C,40,indicator_is_running,ref1011_via,0x08009700,fuzzy-anchored,0.667,call-anchored: bl from wireless_connect@0x080085EC+0x16 ; xrefs: wireless_connect@0x080085EC(bl) lpm_task@0x0800A17C(bl~)
0x08009754,40,indicator_stop,ref1011_via,0x0800972C,exact,1.000,xrefs: bt_transport_enable@0x08009D28(bl) p24g_transport_enable@0x08009D90(bl)
0x0800977C,52,indicator_battery_low_enable,ref1011_via,0x08009754,exact,1.000,xrefs: wireless_low_battery_shutdown@0x08008848(bl) process_record_wireless@0x08008B18(bl) battery_check_empty@0x0800A514(bl) battery_task@0x0800A588(bl~) ...
0x080097B0,116,indicator_battery_low_backlit_enable,ref1011_via,0x08009788,fuzzy-anchored,0.604,call-anchored: bl from wireless_low_battery_shutdown@0x08008848+0xC ; xrefs: wireless_low_battery_shutdown@0x08008848(bl) process_record_wireless@0x08008B18(bl) battery_check_empty@0x0800A514(bl) wireless_event_task@0x080088D0(bl~)
0x08009824,48,os_state_indicate,ref1011_via,0x08009808,exact,1.000,xrefs: led_update_kb@0x08009CB4(bl) rgb_matrix_none_indicators_kb@0x08009B98(bl)
0x08009854,268,rgb_matrix_indicators_bt,ref1011_via,0x08009838,fuzzy-anchored,0.791,call-anchored: bl from rgb_matrix_indicators_keychron@0x0800AA92+0x2 ; xrefs: rgb_matrix_indicators_keychron@0x0800AA92(bl) indicator_timer_cb@0x08009960(bl~)
0x08009960,228,indicator_timer_cb,ref1011_via,0x0800994C,fuzzy-anchored,0.711,call-anchored: bl from indicator_task@0x08009C74+0x1E ; xrefs: indicator_task@0x08009C74(bl) indicator_set@0x08009A44(bl~) indicator_set@0x08009A44(bl~) indicator_set@0x08009A44(bl~) ...
0x08009A44,340,indicator_set,ref1011_via,0x08009A28,fuzzy-anchored,1.000,call-anchored: bl from wireless_connect@0x080085EC+0x22 ; xrefs: wireless_connect@0x080085EC(bl) wireless_event_task@0x080088D0(bl~) wireless_event_task@0x080088D0(bl~) wireless_event_task@0x080088D0(bl~) ...
0x08009B98,28,rgb_matrix_none_indicators_kb,ref1011_via,0x08009B7C,exact,1.000,
0x08009BB4,16,rgb_matrix_driver_allow_shutdown,ref1011_via,0x08009B98,exact,1.000,xrefs: led_update_kb@0x08009CB4(bl) rgb_task_flush@0x0800EF84(bl~) indicator_battery_low@0x08009BC4(bl~)
0x08009BC4,176,indicator_battery_low,ref1011_via,0x08009BA8,fuzzy-anchored,0.857,call-anchored: b.w from indicator_task@0x08009C74+0x2C ; xrefs: indicator_task@0x08009C74(b)
0x08009C74,64,indicator_task,ref1011_via,0x08009C58,exact,1.000,xrefs: wireless_task@0x08008AB8(bl)
0x08009CB4,84,led_update_kb,ref1011_via,0x08009C98,exact,1.000,xrefs: led_set@0x0800B3F2(bl) wireless_event_task@0x080088D0(bl~)
0x08009D08,2,wireless_post_task,ref1011_via,0x08009CEC,exact-ambiguous,1.000,tiny body placed (vote) ; ambiguous body {__aeabi_idiv0|__aeabi_ldiv0|__chibios_override_boardInit|__cpu_init|__late_init|__malloc_lock|__malloc_unlock|_fini|battery_stop|board_init|default_layer_debug|default_layer_state_set_user|dummy_cb|early_hardware_init_post|housekeeping_task_user|keyboard_post_init_user|keyboard_pre_init_user|layer_debug|layer_state_set_user|led_init_ports|led_set_user|led_update_ports|matrix_init_user|matrix_power_down|matrix_power_up|matrix_print|matrix_scan_user|matrix_setup|notify_usb_device_state_change_user|oneshot_layer_changed_user|oneshot_locked_mods_changed_user|oneshot_mods_changed_user|post_process_record_user|rgb_matrix_none_indicators_user|suspend_power_down_user|suspend_wakeup_init_user|via_init_kb|via_set_layout_options_kb|wireless_enter_bluetooth_pin_code_entry_kb|wireless_enter_connected_kb|wireless_enter_discoverable_kb|wireless_enter_reconnecting_kb|wireless_enter_sleep_kb|wireless_exit_bluetooth_pin_code_entry_kb|wireless_post_task} resolved by caller: bl from wireless_tasks@0x08009D0A+0xA ; same body also matches: __aeabi_idiv0|__aeabi_ldiv0|__chibios_override_boardInit|__cpu_init|__late_init|__malloc_lock|__malloc_unlock|_fini|battery_stop|board_init|default_layer_debug|default_layer_state_set_user|dummy_cb|early_hardware_init_post|housekeeping_task_user|keyboard_post_init_user|keyboard_pre_init_user|layer_debug|layer_state_set_user|led_init_ports|led_set_user|led_update_ports|matrix_init_user|matrix_power_down|matrix_power_up|matrix_print|matrix_scan_user|matrix_setup|notify_usb_device_state_change_user|oneshot_layer_changed_user|oneshot_locked_mods_changed_user|oneshot_mods_changed_user|post_process_record_user|rgb_matrix_none_indicators_user|suspend_power_down_user|suspend_wakeup_init_user|via_init_kb|via_set_layout_options_kb|wireless_enter_bluetooth_pin_code_entry_kb|wireless_enter_connected_kb|wireless_enter_discoverable_kb|wireless_enter_reconnecting_kb|wireless_enter_sleep_kb|wireless_exit_bluetooth_pin_code_entry_kb ; xrefs: wireless_tasks@0x08009D0A(bl)
0x08009D0A,30,wireless_tasks,ref1011_via,0x08009CEE,exact,1.000,xrefs: keychron_task@0x0800AAA0(bl)
0x08009D28,104,bt_transport_enable,ref1011_via,0x08009D0C,exact,1.000,
0x08009D90,104,p24g_transport_enable,ref1011_via,0x08009D74,exact,1.000,
0x08009DF8,60,usb_transport_enable,ref1011_via,0x08009DDC,fuzzy,0.863,
0x08009F48,12,get_transport,ref1011_via,0x08009F24,exact-ambiguous,1.000,ambiguous body {get_mods|get_transport|get_tri_layer_adjust_layer|get_tri_layer_lower_layer|get_tri_layer_upper_layer|keyboard_leds|rgb_matrix_is_driver_shutdown|wireless_get_state} resolved by caller: bl from process_record_wireless@0x08008B18+0x6 ; same body also matches: get_mods|get_tri_layer_adjust_layer|get_tri_layer_lower_layer|get_tri_layer_upper_layer|keyboard_leds|rgb_matrix_is_driver_shutdown|wireless_get_state ; xrefs: process_record_wireless@0x08008B18(bl) os_state_indicate@0x08009824(bl) send_string_task@0x08008AE0(bl) wireless_enter_disconnected_kb@0x0800A964(bl) ...
0x08009F54,126,usb_remote_wakeup,ref1011_via,0x08009F30,fuzzy-anchored,0.779,call-anchored: bl from wireless_tasks@0x08009D0A+0x16 ; xrefs: wireless_tasks@0x08009D0A(bl)
0x0800A020,28,lpm_timer_reset,ref1011_via,0x08009FDC,exact,1.000,xrefs: bat_level_animiation_update@0x0800A738(bl) process_record_wireless@0x08008B18(bl) lpm_init@0x0800A03C(b) wireless_event_task@0x080088D0(bl~) ...
0x0800A03C,24,lpm_init,ref1011_via,0x08009FF8,exact,1.000,xrefs: wireless_init@0x08008590(bl)
0x0800A054,20,lpm_timer_stop,ref1011_via,0x0800A010,exact,1.000,
0x0800A068,16,usb_power_connected,ref1011_via,0x0800A024,exact,1.000,xrefs: battery_task@0x0800A588(bl~) battery_task@0x0800A588(bl~) process_record_keychron_wireless@0x0800A85C(bl~) pre_enter_low_power_mode@0x0800A078(bl~) ...
0x0800A078,260,pre_enter_low_power_mode,ref1011_via,0x0800A034,fuzzy,0.875,xrefs: lpm_task@0x0800A17C(bl~)
0x0800A17C,452,lpm_task,ref1011_via,0x0800A138,fuzzy-anchored,0.863,call-anchored: b.w from wireless_task@0x08008AB8+0x20 ; xrefs: wireless_task@0x08008AB8(b)
0x0800A340,96,lpm_set,ref1011_via,0x0800A300,fuzzy,0.925,xrefs: pre_enter_low_power_mode@0x0800A078(bl~) lpm_task@0x0800A17C(bl~)
0x0800A3A0,100,enter_power_mode,ref1011_via,0x0800A360,exact,1.000,xrefs: lpm_task@0x0800A17C(bl~)
0x0800A404,16,battery_init,ref1011_via,0x0800A3C4,exact,1.000,xrefs: wireless_init@0x08008590(bl) lpm_task@0x0800A17C(bl~)
0x0800A414,2,battery_stop,ref1011_via,0x0800A3D4,exact-ambiguous,1.000,tiny body placed (adjacent-both) ; ambiguous body {__aeabi_idiv0|__aeabi_ldiv0|__chibios_override_boardInit|__cpu_init|__late_init|__malloc_lock|__malloc_unlock|_fini|battery_stop|board_init|default_layer_debug|default_layer_state_set_user|dummy_cb|early_hardware_init_post|housekeeping_task_user|keyboard_post_init_user|keyboard_pre_init_user|layer_debug|layer_state_set_user|led_init_ports|led_set_user|led_update_ports|matrix_init_user|matrix_power_down|matrix_power_up|matrix_print|matrix_scan_user|matrix_setup|notify_usb_device_state_change_user|oneshot_layer_changed_user|oneshot_locked_mods_changed_user|oneshot_mods_changed_user|post_process_record_user|rgb_matrix_none_indicators_user|suspend_power_down_user|suspend_wakeup_init_user|via_init_kb|via_set_layout_options_kb|wireless_enter_bluetooth_pin_code_entry_kb|wireless_enter_connected_kb|wireless_enter_discoverable_kb|wireless_enter_reconnecting_kb|wireless_enter_sleep_kb|wireless_exit_bluetooth_pin_code_entry_kb|wireless_post_task} resolved by caller: bl(fuzzy-paired) from pre_enter_low_power_mode@0x0800A078+0xDE ; same body also matches: __aeabi_idiv0|__aeabi_ldiv0|__chibios_override_boardInit|__cpu_init|__late_init|__malloc_lock|__malloc_unlock|_fini|board_init|default_layer_debug|default_layer_state_set_user|dummy_cb|early_hardware_init_post|housekeeping_task_user|keyboard_post_init_user|keyboard_pre_init_user|layer_debug|layer_state_set_user|led_init_ports|led_set_user|led_update_ports|matrix_init_user|matrix_power_down|matrix_power_up|matrix_print|matrix_scan_user|matrix_setup|notify_usb_device_state_change_user|oneshot_layer_changed_user|oneshot_locked_mods_changed_user|oneshot_mods_changed_user|post_process_record_user|rgb_matrix_none_indicators_user|suspend_power_down_user|suspend_wakeup_init_user|via_init_kb|via_set_layout_options_kb|wireless_enter_bluetooth_pin_code_entry_kb|wireless_enter_connected_kb|wireless_enter_discoverable_kb|wireless_enter_reconnecting_kb|wireless_enter_sleep_kb|wireless_exit_bluetooth_pin_code_entry_kb|wireless_post_task ; xrefs: pre_enter_low_power_mode@0x0800A078(bl~)
0x0800A416,8,battery_measure,ref1011_via,0x0800A3D6,exact,1.000,xrefs: battery_task@0x0800A588(bl~)
0x0800A494,88,battery_get_percentage,ref1011_via,0x0800A450,fuzzy,0.875,xrefs: process_record_keychron_wireless@0x0800A85C(bl~) wireless_event_task@0x080088D0(bl~)
0x0800A4EC,20,battery_is_empty,ref1011_via,0x0800A4A0,exact,1.000,xrefs: process_record_wireless@0x08008B18(bl) wireless_event_task@0x080088D0(bl~)
0x0800A500,20,battery_is_critical_low,ref1011_via,0x0800A4B4,exact,1.000,xrefs: wireless_connect@0x080085EC(bl) wireless_send_extra@0x08008810(bl) wireless_send_mouse@0x08008700(bl) indicator_set@0x08009A44(bl~) ...
0x0800A514,64,battery_check_empty,ref1011_via,0x0800A4C8,exact,1.000,xrefs: battery_task@0x0800A588(bl~)
0x0800A554,52,battery_check_critical_low,ref1011_via,0x0800A508,exact,1.000,xrefs: battery_task@0x0800A588(bl~)
0x0800A588,204,battery_task,ref1011_via,0x0800A53C,fuzzy-anchored,0.974,call-anchored: bl from wireless_task@0x08008AB8+0x18 ; xrefs: wireless_task@0x08008AB8(bl)
0x0800A654,88,bat_level_animiation_start,ref1011_via,0x0800A608,exact,1.000,xrefs: process_record_keychron_wireless@0x0800A85C(bl~)
0x0800A6AC,16,bat_level_animiation_actived,ref1011_via,0x0800A660,exact,1.000,
0x0800A6BC,124,bat_level_animiation_indicate,ref1011_via,0x0800A670,exact,1.000,
0x0800A738,172,bat_level_animiation_update,ref1011_via,0x0800A6EC,exact,1.000,xrefs: bat_level_animiation_task@0x0800A7E4(b)
0x0800A7E4,48,bat_level_animiation_task,ref1011_via,0x0800A798,exact,1.000,xrefs: indicator_task@0x08009C74(bl)
0x0800A850,12,rtc_timer_elapsed_ms,ref1011_via,0x0800A7FC,exact-ambiguous,1.000,ambiguous body {rtc_timer_elapsed_ms|timer_elapsed32} resolved by caller: bl(fuzzy-paired) from battery_task@0x0800A588+0x6 ; same body also matches: timer_elapsed32 ; xrefs: battery_task@0x0800A588(bl~)
0x0800A85C,152,process_record_keychron_wireless,ref1011_via,0x0800A808,fuzzy-anchored,0.906,call-anchored: b.w from process_record_wireless@0x08008B18+0x3A ; xrefs: process_record_wireless@0x08008B18(b)
0x0800A964,44,wireless_enter_disconnected_kb,ref1011_via,0x0800A8E8,exact,1.000,xrefs: wireless_event_task@0x080088D0(bl~)
0x0800A990,40,keychron_wireless_common_task,ref1011_via,0x0800A914,exact,1.000,xrefs: wireless_task@0x08008AB8(bl)
0x0800A9B8,176,wireless_pre_task,ref1011_via,0x0800A93C,fuzzy-anchored,0.914,call-anchored: bl from wireless_tasks@0x08009D0A+0x2 ; xrefs: wireless_tasks@0x08009D0A(bl)
0x0800AA6C,38,process_record_keychron,ref1011_via,0x0800A9F0,fuzzy-anchored,0.690,call-anchored: b.w from process_record_kb@0x0800AAB4+0x14 ; xrefs: process_record_kb@0x0800AAB4(b)
0x0800AA92,14,rgb_matrix_indicators_keychron,ref1011_via,0x0800AA10,exact,1.000,
0x0800AAA0,20,keychron_task,ref1011_via,0x0800AA1E,exact,1.000,
0x0800AAB4,26,process_record_kb,ref1011_via,0x0800AA32,exact,1.000,xrefs: process_record_quantum@0x0800B2E0(bl~)
0x0800ABA8,52,keychron_common_task,ref1011_via,0x0800AB24,exact,1.000,xrefs: keychron_task@0x0800AAA0(bl)
0x0800ABDC,96,encoder_cb_init,ref1011_via,0x0800AB58,exact,1.000,xrefs: keyboard_post_init_kb@0x0800B10C(bl) lpm_task@0x0800A17C(bl~)
0x0800AC3C,148,via_command_kb,ref1011_via,0x0800ABB8,exact,1.000,
0x0800ACD4,16,factory_timer_start,ref1011_via,0x0800AC4C,exact-ambiguous,1.000,ambiguous body {factory_timer_start|report_buffer_update_timer} resolved by caller: bl(fuzzy-paired) from process_record_factory_test@0x0800ACE4+0x70 ; same body also matches: report_buffer_update_timer ; xrefs: process_record_factory_test@0x0800ACE4(bl~) process_record_factory_test@0x0800ACE4(bl~)
0x0800ACE4,240,process_record_factory_test,ref1011_via,0x0800AC5C,fuzzy,0.852,xrefs: process_record_keychron@0x0800AA6C(bl~)
0x0800ADD4,92,factory_test_indicator,ref1011_via,0x0800AD4C,fuzzy-anchored,0.900,call-anchored: bl from rgb_matrix_indicators_keychron@0x0800AA92+0x6 ; xrefs: rgb_matrix_indicators_keychron@0x0800AA92(bl)
0x0800AE30,16,factory_reset_indicating,ref1011_via,0x0800ADA8,exact,1.000,xrefs: indicator_set@0x08009A44(bl~) lpm_is_kb_idle@0x0800B188(bl~)
0x0800AE40,200,factory_test_task,ref1011_via,0x0800ADB8,fuzzy-anchored,0.848,call-anchored: bl from keychron_task@0x0800AAA0+0x6 ; xrefs: keychron_task@0x0800AAA0(bl)
0x0800AF58,360,factory_test_rx,ref1011_via,0x0800AEC0,fuzzy-anchored,0.865,call-anchored: bl from via_command_kb@0x0800AC3C+0x80 ; xrefs: via_command_kb@0x0800AC3C(bl)
0x0800B0EC,32,dip_switch_update_kb,ref1011_via,0x0800B048,fuzzy,0.857,xrefs: dip_switch_read@0x0800F81C(bl~)
0x0800B10C,76,keyboard_post_init_kb,ref1011_via,0x0800B068,exact,1.000,xrefs: keyboard_init@0x0800C650(bl)
0x0800B158,48,keychron_task_kb,ref1011_via,0x0800B0B4,exact,1.000,xrefs: keychron_task@0x0800AAA0(bl)
0x0800B188,32,lpm_is_kb_idle,ref1011_via,0x0800B0E4,fuzzy,0.870,xrefs: lpm_task@0x0800A17C(bl~)
0x0800B1D4,32,keycode_at_encodermap_location_raw,ref1011_via,0x0800B12C,fuzzy,1.000,xrefs: dynamic_keymap_reset@0x0800F956(bl~) dynamic_keymap_reset@0x0800F956(bl~)
0x0800B1F4,4,pre_process_record_user,ref1011_via,0x0800B14C,exact-ambiguous,1.000,tiny body placed (vote) ; ambiguous body {_getpid|_isatty_r|dip_switch_update_mask_user|is_keyboard_master|led_update_user|matrix_can_read|pre_process_record_user|process_action_kb|process_record_keychron_kb|rgb_matrix_indicators_advanced_user|rgb_matrix_indicators_user|shutdown_user} resolved by caller: bl from pre_process_record_kb@0x0800B1F8+0x2 ; same body also matches: _getpid|_isatty_r|dip_switch_update_mask_user|is_keyboard_master|led_update_user|matrix_can_read|process_action_kb|process_record_keychron_kb|rgb_matrix_indicators_advanced_user|rgb_matrix_indicators_user|shutdown_user ; xrefs: pre_process_record_kb@0x0800B1F8(bl)
0x0800B1F8,8,pre_process_record_kb,ref1011_via,0x0800B150,exact-ambiguous,1.000,ambiguous body {bootmagic|default_layer_state_set_kb|dip_switch_update_mask_kb|host_keyboard_led_state|keyboard_pre_init_kb|layer_state_set_kb|matrix_init_kb|matrix_output_unselect_delay|matrix_scan_kb|notify_usb_device_state_change_kb|oneshot_layer_changed_kb|oneshot_locked_mods_changed_kb|oneshot_mods_changed_kb|post_process_record_kb|pre_process_record_kb|rgb_matrix_indicators_advanced_kb|should_process_keypress|shutdown_kb|suspend_power_down_kb|suspend_wakeup_init_kb} resolved by caller: bl from pre_process_record_quantum@0x0800B274+0xC ; same body also matches: bootmagic|default_layer_state_set_kb|dip_switch_update_mask_kb|host_keyboard_led_state|keyboard_pre_init_kb|layer_state_set_kb|matrix_init_kb|matrix_output_unselect_delay|matrix_scan_kb|notify_usb_device_state_change_kb|oneshot_layer_changed_kb|oneshot_locked_mods_changed_kb|oneshot_mods_changed_kb|post_process_record_kb|rgb_matrix_indicators_advanced_kb|should_process_keypress|shutdown_kb|suspend_power_down_kb|suspend_wakeup_init_kb ; xrefs: pre_process_record_quantum@0x0800B274(bl)
0x0800B200,4,process_action_kb,ref1011_via,0x0800B158,exact-ambiguous,1.000,tiny body placed (adjacent) ; ambiguous body {_getpid|_isatty_r|dip_switch_update_mask_user|is_keyboard_master|led_update_user|matrix_can_read|pre_process_record_user|process_action_kb|process_record_keychron_kb|rgb_matrix_indicators_advanced_user|rgb_matrix_indicators_user|shutdown_user} resolved by caller: bl(fuzzy-paired) from process_record_quantum@0x0800B2E0+0x86 ; same body also matches: _getpid|_isatty_r|dip_switch_update_mask_user|is_keyboard_master|led_update_user|matrix_can_read|pre_process_record_user|process_record_keychron_kb|rgb_matrix_indicators_advanced_user|rgb_matrix_indicators_user|shutdown_user ; xrefs: process_record_quantum@0x0800B2E0(bl~)
0x0800B204,2,post_process_record_user,ref1011_via,0x0800B15C,exact-ambiguous,1.000,tiny body placed (vote) ; ambiguous body {__aeabi_idiv0|__aeabi_ldiv0|__chibios_override_boardInit|__cpu_init|__late_init|__malloc_lock|__malloc_unlock|_fini|battery_stop|board_init|default_layer_debug|default_layer_state_set_user|dummy_cb|early_hardware_init_post|housekeeping_task_user|keyboard_post_init_user|keyboard_pre_init_user|layer_debug|layer_state_set_user|led_init_ports|led_set_user|led_update_ports|matrix_init_user|matrix_power_down|matrix_power_up|matrix_print|matrix_scan_user|matrix_setup|notify_usb_device_state_change_user|oneshot_layer_changed_user|oneshot_locked_mods_changed_user|oneshot_mods_changed_user|post_process_record_user|rgb_matrix_none_indicators_user|suspend_power_down_user|suspend_wakeup_init_user|via_init_kb|via_set_layout_options_kb|wireless_enter_bluetooth_pin_code_entry_kb|wireless_enter_connected_kb|wireless_enter_discoverable_kb|wireless_enter_reconnecting_kb|wireless_enter_sleep_kb|wireless_exit_bluetooth_pin_code_entry_kb|wireless_post_task} resolved by caller: bl from post_process_record_kb@0x0800B206+0x2 ; same body also matches: __aeabi_idiv0|__aeabi_ldiv0|__chibios_override_boardInit|__cpu_init|__late_init|__malloc_lock|__malloc_unlock|_fini|battery_stop|board_init|default_layer_debug|default_layer_state_set_user|dummy_cb|early_hardware_init_post|housekeeping_task_user|keyboard_post_init_user|keyboard_pre_init_user|layer_debug|layer_state_set_user|led_init_ports|led_set_user|led_update_ports|matrix_init_user|matrix_power_down|matrix_power_up|matrix_print|matrix_scan_user|matrix_setup|notify_usb_device_state_change_user|oneshot_layer_changed_user|oneshot_locked_mods_changed_user|oneshot_mods_changed_user|rgb_matrix_none_indicators_user|suspend_power_down_user|suspend_wakeup_init_user|via_init_kb|via_set_layout_options_kb|wireless_enter_bluetooth_pin_code_entry_kb|wireless_enter_connected_kb|wireless_enter_discoverable_kb|wireless_enter_reconnecting_kb|wireless_enter_sleep_kb|wireless_exit_bluetooth_pin_code_entry_kb|wireless_post_task ; xrefs: post_process_record_kb@0x0800B206(bl)
0x0800B206,8,post_process_record_kb,ref1011_via,0x0800B15E,exact-ambiguous,1.000,ambiguous body {bootmagic|default_layer_state_set_kb|dip_switch_update_mask_kb|host_keyboard_led_state|keyboard_pre_init_kb|layer_state_set_kb|matrix_init_kb|matrix_output_unselect_delay|matrix_scan_kb|notify_usb_device_state_change_kb|oneshot_layer_changed_kb|oneshot_locked_mods_changed_kb|oneshot_mods_changed_kb|post_process_record_kb|pre_process_record_kb|rgb_matrix_indicators_advanced_kb|should_process_keypress|shutdown_kb|suspend_power_down_kb|suspend_wakeup_init_kb} resolved by caller: bl from post_process_record_quantum@0x0800B286+0xC ; same body also matches: bootmagic|default_layer_state_set_kb|dip_switch_update_mask_kb|host_keyboard_led_state|keyboard_pre_init_kb|layer_state_set_kb|matrix_init_kb|matrix_output_unselect_delay|matrix_scan_kb|notify_usb_device_state_change_kb|oneshot_layer_changed_kb|oneshot_locked_mods_changed_kb|oneshot_mods_changed_kb|pre_process_record_kb|rgb_matrix_indicators_advanced_kb|should_process_keypress|shutdown_kb|suspend_power_down_kb|suspend_wakeup_init_kb ; xrefs: post_process_record_quantum@0x0800B286(bl)
0x0800B25C,24,get_record_keycode,ref1011_via,0x0800B1B0,fuzzy-anchored,0.778,call-anchored: bl from pre_process_record_quantum@0x0800B274+0x6 ; xrefs: pre_process_record_quantum@0x0800B274(bl) post_process_record_quantum@0x0800B286(bl) process_record_quantum@0x0800B2E0(bl~)
0x0800B274,18,pre_process_record_quantum,ref1011_via,0x0800B1C6,exact,1.000,
0x0800B286,18,post_process_record_quantum,ref1011_via,0x0800B1D8,exact,1.000,xrefs: process_record@0x0800B9DC(bl)
0x0800B298,4,_getpid|_isatty_r|dip_switch_update_mask_user|is_keyboard_master|led_update_user|matrix_can_read|pre_process_record_user|process_action_kb|process_record_keychron_kb|rgb_matrix_indicators_advanced_user|rgb_matrix_indicators_user|shutdown_user,ref1011_via,0x0800A9EC,exact-ambiguous,1.000,tiny body placed (adjacent-both) ; identical body for: _getpid|_isatty_r|dip_switch_update_mask_user|is_keyboard_master|led_update_user|matrix_can_read|pre_process_record_user|process_action_kb|process_record_keychron_kb|rgb_matrix_indicators_advanced_user|rgb_matrix_indicators_user|shutdown_user
0x0800B29C,8,bootmagic|default_layer_state_set_kb|dip_switch_update_mask_kb|host_keyboard_led_state|keyboard_pre_init_kb|layer_state_set_kb|matrix_init_kb|matrix_output_unselect_delay|matrix_scan_kb|notify_usb_device_state_change_kb|oneshot_layer_changed_kb|oneshot_locked_mods_changed_kb|oneshot_mods_changed_kb|post_process_record_kb|pre_process_record_kb|rgb_matrix_indicators_advanced_kb|should_process_keypress|shutdown_kb|suspend_power_down_kb|suspend_wakeup_init_kb,ref1011_via,0x0800B150,exact-ambiguous,1.000,identical body for: bootmagic|default_layer_state_set_kb|dip_switch_update_mask_kb|host_keyboard_led_state|keyboard_pre_init_kb|layer_state_set_kb|matrix_init_kb|matrix_output_unselect_delay|matrix_scan_kb|notify_usb_device_state_change_kb|oneshot_layer_changed_kb|oneshot_locked_mods_changed_kb|oneshot_mods_changed_kb|post_process_record_kb|pre_process_record_kb|rgb_matrix_indicators_advanced_kb|should_process_keypress|shutdown_kb|suspend_power_down_kb|suspend_wakeup_init_kb
0x0800B2C0,16,reset_keyboard,ref1011_via,0x0800B210,exact,1.000,xrefs: process_record_quantum@0x0800B2E0(bl~)
0x0800B2D0,16,soft_reset_keyboard,ref1011_via,0x0800B220,exact,1.000,xrefs: process_record_quantum@0x0800B2E0(bl~)
0x0800B2E0,190,process_record_quantum,ref1011_via,0x0800B230,fuzzy-anchored,0.803,call-anchored: bl from process_record@0x0800B9DC+0x8 ; xrefs: process_record@0x0800B9DC(bl)
0x0800B39E,24,suspend_power_down_quantum,ref1011_via,0x0800B2E2,exact,1.000,xrefs: suspend_power_down@0x08010C82(bl)
0x0800B3B6,20,suspend_wakeup_init_quantum,ref1011_via,0x0800B2FA,exact,1.000,xrefs: suspend_wakeup_init@0x08010C94(b)
0x0800B3E6,2,__aeabi_idiv0|__aeabi_ldiv0|__chibios_override_boardInit|__cpu_init|__late_init|__malloc_lock|__malloc_unlock|_fini|battery_stop|board_init|default_layer_debug|default_layer_state_set_user|dummy_cb|early_hardware_init_post|housekeeping_task_user|keyboard_post_init_user|keyboard_pre_init_user|layer_debug|layer_state_set_user|led_init_ports|led_set_user|led_update_ports|matrix_init_user|matrix_power_down|matrix_power_up|matrix_print|matrix_scan_user|matrix_setup|notify_usb_device_state_change_user|oneshot_layer_changed_user|oneshot_locked_mods_changed_user|oneshot_mods_changed_user|post_process_record_user|rgb_matrix_none_indicators_user|suspend_power_down_user|suspend_wakeup_init_user|via_init_kb|via_set_layout_options_kb|wireless_enter_bluetooth_pin_code_entry_kb|wireless_enter_connected_kb|wireless_enter_discoverable_kb|wireless_enter_reconnecting_kb|wireless_enter_sleep_kb|wireless_exit_bluetooth_pin_code_entry_kb|wireless_post_task,ref1011_via,0x08008434,exact-ambiguous,1.000,tiny body placed (adjacent) ; identical body for: __aeabi_idiv0|__aeabi_ldiv0|__chibios_override_boardInit|__cpu_init|__late_init|__malloc_lock|__malloc_unlock|_fini|battery_stop|board_init|default_layer_debug|default_layer_state_set_user|dummy_cb|early_hardware_init_post|housekeeping_task_user|keyboard_post_init_user|keyboard_pre_init_user|layer_debug|layer_state_set_user|led_init_ports|led_set_user|led_update_ports|matrix_init_user|matrix_power_down|matrix_power_up|matrix_print|matrix_scan_user|matrix_setup|notify_usb_device_state_change_user|oneshot_layer_changed_user|oneshot_locked_mods_changed_user|oneshot_mods_changed_user|post_process_record_user|rgb_matrix_none_indicators_user|suspend_power_down_user|suspend_wakeup_init_user|via_init_kb|via_set_layout_options_kb|wireless_enter_bluetooth_pin_code_entry_kb|wireless_enter_connected_kb|wireless_enter_discoverable_kb|wireless_enter_reconnecting_kb|wireless_enter_sleep_kb|wireless_exit_bluetooth_pin_code_entry_kb|wireless_post_task
0x0800B3E8,2,led_set_user,ref1011_via,0x0800B328,exact-ambiguous,1.000,tiny body placed (vote) ; ambiguous body {__aeabi_idiv0|__aeabi_ldiv0|__chibios_override_boardInit|__cpu_init|__late_init|__malloc_lock|__malloc_unlock|_fini|battery_stop|board_init|default_layer_debug|default_layer_state_set_user|dummy_cb|early_hardware_init_post|housekeeping_task_user|keyboard_post_init_user|keyboard_pre_init_user|layer_debug|layer_state_set_user|led_init_ports|led_set_user|led_update_ports|matrix_init_user|matrix_power_down|matrix_power_up|matrix_print|matrix_scan_user|matrix_setup|notify_usb_device_state_change_user|oneshot_layer_changed_user|oneshot_locked_mods_changed_user|oneshot_mods_changed_user|post_process_record_user|rgb_matrix_none_indicators_user|suspend_power_down_user|suspend_wakeup_init_user|via_init_kb|via_set_layout_options_kb|wireless_enter_bluetooth_pin_code_entry_kb|wireless_enter_connected_kb|wireless_enter_discoverable_kb|wireless_enter_reconnecting_kb|wireless_enter_sleep_kb|wireless_exit_bluetooth_pin_code_entry_kb|wireless_post_task} resolved by caller: bl from led_set@0x0800B3F2+0x4 ; same body also matches: __aeabi_idiv0|__aeabi_ldiv0|__chibios_override_boardInit|__cpu_init|__late_init|__malloc_lock|__malloc_unlock|_fini|battery_stop|board_init|default_layer_debug|default_layer_state_set_user|dummy_cb|early_hardware_init_post|housekeeping_task_user|keyboard_post_init_user|keyboard_pre_init_user|layer_debug|layer_state_set_user|led_init_ports|led_update_ports|matrix_init_user|matrix_power_down|matrix_power_up|matrix_print|matrix_scan_user|matrix_setup|notify_usb_device_state_change_user|oneshot_layer_changed_user|oneshot_locked_mods_changed_user|oneshot_mods_changed_user|post_process_record_user|rgb_matrix_none_indicators_user|suspend_power_down_user|suspend_wakeup_init_user|via_init_kb|via_set_layout_options_kb|wireless_enter_bluetooth_pin_code_entry_kb|wireless_enter_connected_kb|wireless_enter_discoverable_kb|wireless_enter_reconnecting_kb|wireless_enter_sleep_kb|wireless_exit_bluetooth_pin_code_entry_kb|wireless_post_task ; xrefs: led_set@0x0800B3F2(bl)
0x0800B3EA,4,led_update_user,ref1011_via,0x0800B32A,exact-ambiguous,1.000,tiny body placed (vote) ; ambiguous body {_getpid|_isatty_r|dip_switch_update_mask_user|is_keyboard_master|led_update_user|matrix_can_read|pre_process_record_user|process_action_kb|process_record_keychron_kb|rgb_matrix_indicators_advanced_user|rgb_matrix_indicators_user|shutdown_user} resolved by caller: bl from led_update_kb@0x08009CB4+0x4 ; same body also matches: _getpid|_isatty_r|dip_switch_update_mask_user|is_keyboard_master|matrix_can_read|pre_process_record_user|process_action_kb|process_record_keychron_kb|rgb_matrix_indicators_advanced_user|rgb_matrix_indicators_user|shutdown_user ; xrefs: led_update_kb@0x08009CB4(bl)
0x0800B3EE,2,led_update_ports,ref1011_via,0x0800B32E,exact-ambiguous,1.000,tiny body placed (vote) ; ambiguous body {__aeabi_idiv0|__aeabi_ldiv0|__chibios_override_boardInit|__cpu_init|__late_init|__malloc_lock|__malloc_unlock|_fini|battery_stop|board_init|default_layer_debug|default_layer_state_set_user|dummy_cb|early_hardware_init_post|housekeeping_task_user|keyboard_post_init_user|keyboard_pre_init_user|layer_debug|layer_state_set_user|led_init_ports|led_set_user|led_update_ports|matrix_init_user|matrix_power_down|matrix_power_up|matrix_print|matrix_scan_user|matrix_setup|notify_usb_device_state_change_user|oneshot_layer_changed_user|oneshot_locked_mods_changed_user|oneshot_mods_changed_user|post_process_record_user|rgb_matrix_none_indicators_user|suspend_power_down_user|suspend_wakeup_init_user|via_init_kb|via_set_layout_options_kb|wireless_enter_bluetooth_pin_code_entry_kb|wireless_enter_connected_kb|wireless_enter_discoverable_kb|wireless_enter_reconnecting_kb|wireless_enter_sleep_kb|wireless_exit_bluetooth_pin_code_entry_kb|wireless_post_task} resolved by caller: bl from led_update_kb@0x08009CB4+0xE ; same body also matches: __aeabi_idiv0|__aeabi_ldiv0|__chibios_override_boardInit|__cpu_init|__late_init|__malloc_lock|__malloc_unlock|_fini|battery_stop|board_init|default_layer_debug|default_layer_state_set_user|dummy_cb|early_hardware_init_post|housekeeping_task_user|keyboard_post_init_user|keyboard_pre_init_user|layer_debug|layer_state_set_user|led_init_ports|led_set_user|matrix_init_user|matrix_power_down|matrix_power_up|matrix_print|matrix_scan_user|matrix_setup|notify_usb_device_state_change_user|oneshot_layer_changed_user|oneshot_locked_mods_changed_user|oneshot_mods_changed_user|post_process_record_user|rgb_matrix_none_indicators_user|suspend_power_down_user|suspend_wakeup_init_user|via_init_kb|via_set_layout_options_kb|wireless_enter_bluetooth_pin_code_entry_kb|wireless_enter_connected_kb|wireless_enter_discoverable_kb|wireless_enter_reconnecting_kb|wireless_enter_sleep_kb|wireless_exit_bluetooth_pin_code_entry_kb|wireless_post_task ; xrefs: led_update_kb@0x08009CB4(bl)
0x0800B3F0,2,led_init_ports,ref1011_via,0x0800B330,exact-ambiguous,1.000,tiny body placed (vote) ; ambiguous body {__aeabi_idiv0|__aeabi_ldiv0|__chibios_override_boardInit|__cpu_init|__late_init|__malloc_lock|__malloc_unlock|_fini|battery_stop|board_init|default_layer_debug|default_layer_state_set_user|dummy_cb|early_hardware_init_post|housekeeping_task_user|keyboard_post_init_user|keyboard_pre_init_user|layer_debug|layer_state_set_user|led_init_ports|led_set_user|led_update_ports|matrix_init_user|matrix_power_down|matrix_power_up|matrix_print|matrix_scan_user|matrix_setup|notify_usb_device_state_change_user|oneshot_layer_changed_user|oneshot_locked_mods_changed_user|oneshot_mods_changed_user|post_process_record_user|rgb_matrix_none_indicators_user|suspend_power_down_user|suspend_wakeup_init_user|via_init_kb|via_set_layout_options_kb|wireless_enter_bluetooth_pin_code_entry_kb|wireless_enter_connected_kb|wireless_enter_discoverable_kb|wireless_enter_reconnecting_kb|wireless_enter_sleep_kb|wireless_exit_bluetooth_pin_code_entry_kb|wireless_post_task} resolved by caller: bl from quantum_init@0x0800C63E+0x6 ; same body also matches: __aeabi_idiv0|__aeabi_ldiv0|__chibios_override_boardInit|__cpu_init|__late_init|__malloc_lock|__malloc_unlock|_fini|battery_stop|board_init|default_layer_debug|default_layer_state_set_user|dummy_cb|early_hardware_init_post|housekeeping_task_user|keyboard_post_init_user|keyboard_pre_init_user|layer_debug|layer_state_set_user|led_set_user|led_update_ports|matrix_init_user|matrix_power_down|matrix_power_up|matrix_print|matrix_scan_user|matrix_setup|notify_usb_device_state_change_user|oneshot_layer_changed_user|oneshot_locked_mods_changed_user|oneshot_mods_changed_user|post_process_record_user|rgb_matrix_none_indicators_user|suspend_power_down_user|suspend_wakeup_init_user|via_init_kb|via_set_layout_options_kb|wireless_enter_bluetooth_pin_code_entry_kb|wireless_enter_connected_kb|wireless_enter_discoverable_kb|wireless_enter_reconnecting_kb|wireless_enter_sleep_kb|wireless_exit_bluetooth_pin_code_entry_kb|wireless_post_task ; xrefs: quantum_init@0x0800C63E(bl)
0x0800B3F2,16,led_set,ref1011_via,0x0800B332,exact,1.000,xrefs: led_task@0x0800B418(bl) led_wakeup@0x0800B40C(bl) led_suspend@0x0800B402(bl)
0x0800B402,10,led_suspend,ref1011_via,0x0800B342,exact,1.000,xrefs: suspend_power_down_quantum@0x0800B39E(bl)
0x0800B40C,12,led_wakeup,ref1011_via,0x0800B34C,exact-ambiguous,1.000,ambiguous body {boardInit|housekeeping_task|led_wakeup|rgb_matrix_none_indicators} resolved by caller: bl from suspend_wakeup_init_quantum@0x0800B3B6+0x2 ; same body also matches: boardInit|housekeeping_task|rgb_matrix_none_indicators ; xrefs: suspend_wakeup_init_quantum@0x0800B3B6(bl)
0x0800B418,44,led_task,ref1011_via,0x0800B358,exact,1.000,
0x0800B484,14,process_record_tap_hint,ref1011_via,0x0800B3C0,exact,1.000,
0x0800B492,22,register_mouse,ref1011_via,0x0800B3CE,exact,1.000,
0x0800B4A8,144,register_code,ref1011_via,0x0800B3E4,exact,1.000,xrefs: tap_code_delay@0x0800B5AA(bl) send_char@0x08010268(bl~) send_char@0x08010268(bl~)
0x0800B538,114,unregister_code,ref1011_via,0x0800B474,exact,1.000,xrefs: keychron_common_task@0x0800ABA8(bl) keychron_common_task@0x0800ABA8(bl) tap_code_delay@0x0800B5AA(bl) send_char@0x08010268(bl~) ...
0x0800B5AA,32,tap_code_delay,ref1011_via,0x0800B4E6,exact,1.000,xrefs: tap_code@0x0800B5CA(bl)
0x0800B5CA,16,tap_code,ref1011_via,0x0800B506,exact,1.000,xrefs: perform_space_cadet@0x0801037C(bl) send_char@0x08010268(bl~)
0x0800B5DA,18,register_mods,ref1011_via,0x0800B516,exact-ambiguous,1.000,ambiguous body {register_mods|unregister_mods} resolved by caller: bl from perform_space_cadet@0x0801037C+0x78 ; same body also matches: unregister_mods ; xrefs: perform_space_cadet@0x0801037C(bl) perform_space_cadet@0x0801037C(b)
0x0800B5EC,18,unregister_mods,ref1011_via,0x0800B528,exact-ambiguous,1.000,ambiguous body {register_mods|unregister_mods} resolved by caller: bl from perform_space_cadet@0x0801037C+0x64 ; same body also matches: register_mods ; xrefs: perform_space_cadet@0x0801037C(bl) perform_space_cadet@0x0801037C(b)
0x0800B5FE,950,process_action,ref1011_via,0x0800B53C,fuzzy,0.852,
0x0800B9B4,40,process_record_handler,ref1011_via,0x0800B8D8,fuzzy-anchored,0.741,call-anchored: bl from process_record@0x0800B9DC+0x2C ; xrefs: process_record@0x0800B9DC(bl)
0x0800B9DC,60,process_record,ref1011_via,0x0800B8FC,exact,1.000,
0x0800BA18,34,clear_keyboard_but_mods_and_keys,ref1011_via,0x0800B938,exact,1.000,xrefs: clear_keyboard_but_mods@0x0800BA3A(b)
0x0800BA3A,14,clear_keyboard_but_mods,ref1011_via,0x0800B95A,exact-ambiguous,1.000,ambiguous body {VectorB0|chThdCreateI|clear_keyboard|clear_keyboard_but_mods|platform_setup|protocol_post_task} resolved by caller: b.w from clear_keyboard@0x0800BA48+0xA ; same body also matches: VectorB0|chThdCreateI|clear_keyboard|platform_setup|protocol_post_task ; xrefs: clear_keyboard@0x0800BA48(b)
0x0800BA48,14,clear_keyboard,ref1011_via,0x0800B968,exact-ambiguous,1.000,ambiguous body {VectorB0|chThdCreateI|clear_keyboard|clear_keyboard_but_mods|platform_setup|protocol_post_task} resolved by caller: bl from wireless_low_battery_shutdown@0x08008848+0x14 ; same body also matches: VectorB0|chThdCreateI|clear_keyboard_but_mods|platform_setup|protocol_post_task ; xrefs: wireless_low_battery_shutdown@0x08008848(bl) process_magic@0x0800FBC4(bl~) process_magic@0x0800FBC4(bl~) process_magic@0x0800FBC4(bl~) ...
0x0800BA90,4,_close_r|_lseek_r|null_sendchar_func|rgb_matrix_map_row_column_to_led_kb|sendchar,ref1011_via,0x0800CA2C,exact-ambiguous,1.000,tiny body placed (adjacent) ; identical body for: _close_r|_lseek_r|null_sendchar_func|rgb_matrix_map_row_column_to_led_kb|sendchar
0x0800BA94,4,_getpid|_isatty_r|dip_switch_update_mask_user|is_keyboard_master|led_update_user|matrix_can_read|pre_process_record_user|process_action_kb|process_record_keychron_kb|rgb_matrix_indicators_advanced_user|rgb_matrix_indicators_user|shutdown_user,ref1011_via,0x0800A9EC,exact-ambiguous,1.000,tiny body placed (adjacent) ; identical body for: _getpid|_isatty_r|dip_switch_update_mask_user|is_keyboard_master|led_update_user|matrix_can_read|pre_process_record_user|process_action_kb|process_record_keychron_kb|rgb_matrix_indicators_advanced_user|rgb_matrix_indicators_user|shutdown_user
0x0800BA98,24,is_tap_record,ref1011_via,0x0800B9BE,exact,1.000,
0x0800BABC,10,debug_record,ref1011_via,0x0800B9E0,fuzzy-anchored,0.500,call-anchored: bl from debug_waiting_buffer@0x0800BD8C+0x2A ; xrefs: debug_waiting_buffer@0x0800BD8C(bl)
0x0800BAC6,2,__aeabi_idiv0|__aeabi_ldiv0|__chibios_override_boardInit|__cpu_init|__late_init|__malloc_lock|__malloc_unlock|_fini|battery_stop|board_init|default_layer_debug|default_layer_state_set_user|dummy_cb|early_hardware_init_post|housekeeping_task_user|keyboard_post_init_user|keyboard_pre_init_user|layer_debug|layer_state_set_user|led_init_ports|led_set_user|led_update_ports|matrix_init_user|matrix_power_down|matrix_power_up|matrix_print|matrix_scan_user|matrix_setup|notify_usb_device_state_change_user|oneshot_layer_changed_user|oneshot_locked_mods_changed_user|oneshot_mods_changed_user|post_process_record_user|rgb_matrix_none_indicators_user|suspend_power_down_user|suspend_wakeup_init_user|via_init_kb|via_set_layout_options_kb|wireless_enter_bluetooth_pin_code_entry_kb|wireless_enter_connected_kb|wireless_enter_discoverable_kb|wireless_enter_reconnecting_kb|wireless_enter_sleep_kb|wireless_exit_bluetooth_pin_code_entry_kb|wireless_post_task,ref1011_via,0x08008434,exact-ambiguous,1.000,tiny body placed (adjacent) ; identical body for: __aeabi_idiv0|__aeabi_ldiv0|__chibios_override_boardInit|__cpu_init|__late_init|__malloc_lock|__malloc_unlock|_fini|battery_stop|board_init|default_layer_debug|default_layer_state_set_user|dummy_cb|early_hardware_init_post|housekeeping_task_user|keyboard_post_init_user|keyboard_pre_init_user|layer_debug|layer_state_set_user|led_init_ports|led_set_user|led_update_ports|matrix_init_user|matrix_power_down|matrix_power_up|matrix_print|matrix_scan_user|matrix_setup|notify_usb_device_state_change_user|oneshot_layer_changed_user|oneshot_locked_mods_changed_user|oneshot_mods_changed_user|post_process_record_user|rgb_matrix_none_indicators_user|suspend_power_down_user|suspend_wakeup_init_user|via_init_kb|via_set_layout_options_kb|wireless_enter_bluetooth_pin_code_entry_kb|wireless_enter_connected_kb|wireless_enter_discoverable_kb|wireless_enter_reconnecting_kb|wireless_enter_sleep_kb|wireless_exit_bluetooth_pin_code_entry_kb|wireless_post_task
0x0800BAC8,2,__aeabi_idiv0|__aeabi_ldiv0|__chibios_override_boardInit|__cpu_init|__late_init|__malloc_lock|__malloc_unlock|_fini|battery_stop|board_init|default_layer_debug|default_layer_state_set_user|dummy_cb|early_hardware_init_post|housekeeping_task_user|keyboard_post_init_user|keyboard_pre_init_user|layer_debug|layer_state_set_user|led_init_ports|led_set_user|led_update_ports|matrix_init_user|matrix_power_down|matrix_power_up|matrix_print|matrix_scan_user|matrix_setup|notify_usb_device_state_change_user|oneshot_layer_changed_user|oneshot_locked_mods_changed_user|oneshot_mods_changed_user|post_process_record_user|rgb_matrix_none_indicators_user|suspend_power_down_user|suspend_wakeup_init_user|via_init_kb|via_set_layout_options_kb|wireless_enter_bluetooth_pin_code_entry_kb|wireless_enter_connected_kb|wireless_enter_discoverable_kb|wireless_enter_reconnecting_kb|wireless_enter_sleep_kb|wireless_exit_bluetooth_pin_code_entry_kb|wireless_post_task,ref1011_via,0x08008434,exact-ambiguous,1.000,tiny body placed (adjacent) ; identical body for: __aeabi_idiv0|__aeabi_ldiv0|__chibios_override_boardInit|__cpu_init|__late_init|__malloc_lock|__malloc_unlock|_fini|battery_stop|board_init|default_layer_debug|default_layer_state_set_user|dummy_cb|early_hardware_init_post|housekeeping_task_user|keyboard_post_init_user|keyboard_pre_init_user|layer_debug|layer_state_set_user|led_init_ports|led_set_user|led_update_ports|matrix_init_user|matrix_power_down|matrix_power_up|matrix_print|matrix_scan_user|matrix_setup|notify_usb_device_state_change_user|oneshot_layer_changed_user|oneshot_locked_mods_changed_user|oneshot_mods_changed_user|post_process_record_user|rgb_matrix_none_indicators_user|suspend_power_down_user|suspend_wakeup_init_user|via_init_kb|via_set_layout_options_kb|wireless_enter_bluetooth_pin_code_entry_kb|wireless_enter_connected_kb|wireless_enter_discoverable_kb|wireless_enter_reconnecting_kb|wireless_enter_sleep_kb|wireless_exit_bluetooth_pin_code_entry_kb|wireless_post_task
0x0800BACA,8,bootmagic|default_layer_state_set_kb|dip_switch_update_mask_kb|host_keyboard_led_state|keyboard_pre_init_kb|layer_state_set_kb|matrix_init_kb|matrix_output_unselect_delay|matrix_scan_kb|notify_usb_device_state_change_kb|oneshot_layer_changed_kb|oneshot_locked_mods_changed_kb|oneshot_mods_changed_kb|post_process_record_kb|pre_process_record_kb|rgb_matrix_indicators_advanced_kb|should_process_keypress|shutdown_kb|suspend_power_down_kb|suspend_wakeup_init_kb,ref1011_via,0x0800B150,exact-ambiguous,1.000,identical body for: bootmagic|default_layer_state_set_kb|dip_switch_update_mask_kb|host_keyboard_led_state|keyboard_pre_init_kb|layer_state_set_kb|matrix_init_kb|matrix_output_unselect_delay|matrix_scan_kb|notify_usb_device_state_change_kb|oneshot_layer_changed_kb|oneshot_locked_mods_changed_kb|oneshot_mods_changed_kb|post_process_record_kb|pre_process_record_kb|rgb_matrix_indicators_advanced_kb|should_process_keypress|shutdown_kb|suspend_power_down_kb|suspend_wakeup_init_kb
0x0800BAD4,16,default_layer_state_set|layer_state_set,ref1011_via,0x0800B9F4,exact-ambiguous,1.000,identical body for: default_layer_state_set|layer_state_set
0x0800BAE4,2,default_layer_debug,ref1011_via,0x0800BA04,exact-ambiguous,1.000,tiny body placed (adjacent) ; ambiguous body {__aeabi_idiv0|__aeabi_ldiv0|__chibios_override_boardInit|__cpu_init|__late_init|__malloc_lock|__malloc_unlock|_fini|battery_stop|board_init|default_layer_debug|default_layer_state_set_user|dummy_cb|early_hardware_init_post|housekeeping_task_user|keyboard_post_init_user|keyboard_pre_init_user|layer_debug|layer_state_set_user|led_init_ports|led_set_user|led_update_ports|matrix_init_user|matrix_power_down|matrix_power_up|matrix_print|matrix_scan_user|matrix_setup|notify_usb_device_state_change_user|oneshot_layer_changed_user|oneshot_locked_mods_changed_user|oneshot_mods_changed_user|post_process_record_user|rgb_matrix_none_indicators_user|suspend_power_down_user|suspend_wakeup_init_user|via_init_kb|via_set_layout_options_kb|wireless_enter_bluetooth_pin_code_entry_kb|wireless_enter_connected_kb|wireless_enter_discoverable_kb|wireless_enter_reconnecting_kb|wireless_enter_sleep_kb|wireless_exit_bluetooth_pin_code_entry_kb|wireless_post_task} resolved by caller: bl(fuzzy-paired) from process_record_handler@0x0800B9B4+0x14 ; same body also matches: __aeabi_idiv0|__aeabi_ldiv0|__chibios_override_boardInit|__cpu_init|__late_init|__malloc_lock|__malloc_unlock|_fini|battery_stop|board_init|default_layer_state_set_user|dummy_cb|early_hardware_init_post|housekeeping_task_user|keyboard_post_init_user|keyboard_pre_init_user|layer_debug|layer_state_set_user|led_init_ports|led_set_user|led_update_ports|matrix_init_user|matrix_power_down|matrix_power_up|matrix_print|matrix_scan_user|matrix_setup|notify_usb_device_state_change_user|oneshot_layer_changed_user|oneshot_locked_mods_changed_user|oneshot_mods_changed_user|post_process_record_user|rgb_matrix_none_indicators_user|suspend_power_down_user|suspend_wakeup_init_user|via_init_kb|via_set_layout_options_kb|wireless_enter_bluetooth_pin_code_entry_kb|wireless_enter_connected_kb|wireless_enter_discoverable_kb|wireless_enter_reconnecting_kb|wireless_enter_sleep_kb|wireless_exit_bluetooth_pin_code_entry_kb|wireless_post_task ; xrefs: process_record_handler@0x0800B9B4(bl~)
0x0800BAEC,16,default_layer_or|layer_or,ref1011_via,0x0800BA0C,exact-ambiguous,1.000,identical body for: default_layer_or|layer_or
0x0800BAFC,16,default_layer_and|layer_and,ref1011_via,0x0800BA1C,exact-ambiguous,1.000,identical body for: default_layer_and|layer_and
0x0800BB0C,16,default_layer_xor|layer_xor,ref1011_via,0x0800BA2C,exact-ambiguous,1.000,identical body for: default_layer_xor|layer_xor
0x0800BB1C,2,layer_state_set_user,ref1011_via,0x0800BA3C,exact-ambiguous,1.000,tiny body placed (vote) ; ambiguous body {__aeabi_idiv0|__aeabi_ldiv0|__chibios_override_boardInit|__cpu_init|__late_init|__malloc_lock|__malloc_unlock|_fini|battery_stop|board_init|default_layer_debug|default_layer_state_set_user|dummy_cb|early_hardware_init_post|housekeeping_task_user|keyboard_post_init_user|keyboard_pre_init_user|layer_debug|layer_state_set_user|led_init_ports|led_set_user|led_update_ports|matrix_init_user|matrix_power_down|matrix_power_up|matrix_print|matrix_scan_user|matrix_setup|notify_usb_device_state_change_user|oneshot_layer_changed_user|oneshot_locked_mods_changed_user|oneshot_mods_changed_user|post_process_record_user|rgb_matrix_none_indicators_user|suspend_power_down_user|suspend_wakeup_init_user|via_init_kb|via_set_layout_options_kb|wireless_enter_bluetooth_pin_code_entry_kb|wireless_enter_connected_kb|wireless_enter_discoverable_kb|wireless_enter_reconnecting_kb|wireless_enter_sleep_kb|wireless_exit_bluetooth_pin_code_entry_kb|wireless_post_task} resolved by caller: bl from layer_state_set_kb@0x0800BB1E+0x2 ; same body also matches: __aeabi_idiv0|__aeabi_ldiv0|__chibios_override_boardInit|__cpu_init|__late_init|__malloc_lock|__malloc_unlock|_fini|battery_stop|board_init|default_layer_debug|default_layer_state_set_user|dummy_cb|early_hardware_init_post|housekeeping_task_user|keyboard_post_init_user|keyboard_pre_init_user|layer_debug|led_init_ports|led_set_user|led_update_ports|matrix_init_user|matrix_power_down|matrix_power_up|matrix_print|matrix_scan_user|matrix_setup|notify_usb_device_state_change_user|oneshot_layer_changed_user|oneshot_locked_mods_changed_user|oneshot_mods_changed_user|post_process_record_user|rgb_matrix_none_indicators_user|suspend_power_down_user|suspend_wakeup_init_user|via_init_kb|via_set_layout_options_kb|wireless_enter_bluetooth_pin_code_entry_kb|wireless_enter_connected_kb|wireless_enter_discoverable_kb|wireless_enter_reconnecting_kb|wireless_enter_sleep_kb|wireless_exit_bluetooth_pin_code_entry_kb|wireless_post_task ; xrefs: layer_state_set_kb@0x0800BB1E(bl)
0x0800BB1E,8,layer_state_set_kb,ref1011_via,0x0800BA3E,exact-ambiguous,1.000,ambiguous body {bootmagic|default_layer_state_set_kb|dip_switch_update_mask_kb|host_keyboard_led_state|keyboard_pre_init_kb|layer_state_set_kb|matrix_init_kb|matrix_output_unselect_delay|matrix_scan_kb|notify_usb_device_state_change_kb|oneshot_layer_changed_kb|oneshot_locked_mods_changed_kb|oneshot_mods_changed_kb|post_process_record_kb|pre_process_record_kb|rgb_matrix_indicators_advanced_kb|should_process_keypress|shutdown_kb|suspend_power_down_kb|suspend_wakeup_init_kb} resolved by caller: b.w from magic@0x0800CB90+0x30 ; same body also matches: bootmagic|default_layer_state_set_kb|dip_switch_update_mask_kb|host_keyboard_led_state|keyboard_pre_init_kb|matrix_init_kb|matrix_output_unselect_delay|matrix_scan_kb|notify_usb_device_state_change_kb|oneshot_layer_changed_kb|oneshot_locked_mods_changed_kb|oneshot_mods_changed_kb|post_process_record_kb|pre_process_record_kb|rgb_matrix_indicators_advanced_kb|should_process_keypress|shutdown_kb|suspend_power_down_kb|suspend_wakeup_init_kb ; xrefs: magic@0x0800CB90(b) layer_state_set@0x0800BB28(bl)
0x0800BB28,16,layer_state_set,ref1011_via,0x0800BA48,exact-ambiguous,1.000,ambiguous body {default_layer_state_set|layer_state_set} resolved by caller: b.w from update_tri_layer@0x0800BD70+0x14 ; same body also matches: default_layer_state_set ; xrefs: update_tri_layer@0x0800BD70(b) layer_on@0x0800BB4C(b) layer_invert@0x0800BB7C(b) layer_move@0x0800BB3E(b)
0x0800BB38,6,eeconfig_init_user|encoder0_pad_cb|layer_clear|oneshot_disable|quantum_task|rgb_matrix_toggle_noeeprom,ref1011_via,0x0800AA62,exact-ambiguous,1.000,tiny body placed (adjacent-both) ; identical body for: eeconfig_init_user|encoder0_pad_cb|layer_clear|oneshot_disable|quantum_task|rgb_matrix_toggle_noeeprom
0x0800BB3E,12,layer_move,ref1011_via,0x0800BA5E,exact,1.000,
0x0800BB4C,24,layer_on,ref1011_via,0x0800BA6C,exact,1.000,
0x0800BB64,24,layer_off,ref1011_via,0x0800BA84,fuzzy-anchored,0.667,call-anchored: bl from clear_oneshot_layer_state@0x0800C3F4+0x1E ; xrefs: clear_oneshot_layer_state@0x0800C3F4(bl)
0x0800BB7C,24,layer_invert,ref1011_via,0x0800BA98,exact,1.000,
0x0800BB94,16,default_layer_or|layer_or,ref1011_via,0x0800BA0C,exact-ambiguous,1.000,identical body for: default_layer_or|layer_or
0x0800BBA4,16,default_layer_and|layer_and,ref1011_via,0x0800BA1C,exact-ambiguous,1.000,identical body for: default_layer_and|layer_and
0x0800BBB4,16,default_layer_xor|layer_xor,ref1011_via,0x0800BA2C,exact-ambiguous,1.000,identical body for: default_layer_xor|layer_xor
0x0800BBC4,2,layer_debug,ref1011_via,0x0800BAE0,exact-ambiguous,1.000,tiny body placed (adjacent) ; ambiguous body {__aeabi_idiv0|__aeabi_ldiv0|__chibios_override_boardInit|__cpu_init|__late_init|__malloc_lock|__malloc_unlock|_fini|battery_stop|board_init|default_layer_debug|default_layer_state_set_user|dummy_cb|early_hardware_init_post|housekeeping_task_user|keyboard_post_init_user|keyboard_pre_init_user|layer_debug|layer_state_set_user|led_init_ports|led_set_user|led_update_ports|matrix_init_user|matrix_power_down|matrix_power_up|matrix_print|matrix_scan_user|matrix_setup|notify_usb_device_state_change_user|oneshot_layer_changed_user|oneshot_locked_mods_changed_user|oneshot_mods_changed_user|post_process_record_user|rgb_matrix_none_indicators_user|suspend_power_down_user|suspend_wakeup_init_user|via_init_kb|via_set_layout_options_kb|wireless_enter_bluetooth_pin_code_entry_kb|wireless_enter_connected_kb|wireless_enter_discoverable_kb|wireless_enter_reconnecting_kb|wireless_enter_sleep_kb|wireless_exit_bluetooth_pin_code_entry_kb|wireless_post_task} resolved by caller: bl(fuzzy-paired) from process_record_handler@0x0800B9B4+0x10 ; same body also matches: __aeabi_idiv0|__aeabi_ldiv0|__chibios_override_boardInit|__cpu_init|__late_init|__malloc_lock|__malloc_unlock|_fini|battery_stop|board_init|default_layer_debug|default_layer_state_set_user|dummy_cb|early_hardware_init_post|housekeeping_task_user|keyboard_post_init_user|keyboard_pre_init_user|layer_state_set_user|led_init_ports|led_set_user|led_update_ports|matrix_init_user|matrix_power_down|matrix_power_up|matrix_print|matrix_scan_user|matrix_setup|notify_usb_device_state_change_user|oneshot_layer_changed_user|oneshot_locked_mods_changed_user|oneshot_mods_changed_user|post_process_record_user|rgb_matrix_none_indicators_user|suspend_power_down_user|suspend_wakeup_init_user|via_init_kb|via_set_layout_options_kb|wireless_enter_bluetooth_pin_code_entry_kb|wireless_enter_connected_kb|wireless_enter_discoverable_kb|wireless_enter_reconnecting_kb|wireless_enter_sleep_kb|wireless_exit_bluetooth_pin_code_entry_kb|wireless_post_task ; xrefs: process_record_handler@0x0800B9B4(bl~)
0x0800BBFA,40,read_source_layers_cache_impl,ref1011_via,0x0800BB14,exact,1.000,
0x0800BC24,68,update_source_layers_cache,ref1011_via,0x0800BB3C,fuzzy-anchored,0.680,call-anchored: bl from store_or_get_action@0x0800BD04+0x26 ; xrefs: store_or_get_action@0x0800BD04(bl)
0x0800BC6C,64,read_source_layers_cache,ref1011_via,0x0800BB78,fuzzy-anchored,0.824,call-anchored: bl from store_or_get_action@0x0800BD04+0x3A ; xrefs: store_or_get_action@0x0800BD04(bl)
0x0800BCAC,64,layer_switch_get_layer,ref1011_via,0x0800BBB4,fuzzy-anchored,0.821,call-anchored: bl from store_or_get_action@0x0800BD04+0x1C ; xrefs: store_or_get_action@0x0800BD04(bl) layer_switch_get_action@0x0800BCEC(bl)
0x0800BCEC,24,layer_switch_get_action,ref1011_via,0x0800BBF8,exact,1.000,xrefs: store_or_get_action@0x0800BD04(b) is_tap_record@0x0800BA98(bl) process_record_tap_hint@0x0800B484(b)
0x0800BD04,72,store_or_get_action,ref1011_via,0x0800BC10,exact,1.000,xrefs: process_record_handler@0x0800B9B4(bl~)
0x0800BD4C,36,update_tri_layer_state,ref1011_via,0x0800BC58,fuzzy-anchored,0.966,call-anchored: bl from update_tri_layer@0x0800BD70+0xC ; xrefs: update_tri_layer@0x0800BD70(bl)
0x0800BD70,28,update_tri_layer,ref1011_via,0x0800BC7C,exact,1.000,
0x0800BD8C,64,debug_waiting_buffer,ref1011_via,0x0800BC98,exact,1.000,
0x0800BE6C,68,waiting_buffer_typed.isra.0,ref1011_via,0x0800BD7C,exact,1.000,
0x0800C1CC,12,get_oneshot_layer,ref1011_via,0x0800C0C4,exact,1.000,
0x0800C1D8,16,get_oneshot_layer_state,ref1011_via,0x0800C0D0,exact,1.000,
0x0800C1E8,20,is_oneshot_layer_active,ref1011_via,0x0800C0E0,exact,1.000,xrefs: process_record@0x0800B9DC(bl)
0x0800C1FC,12,get_mods|get_transport|get_tri_layer_adjust_layer|get_tri_layer_lower_layer|get_tri_layer_upper_layer|keyboard_leds|rgb_matrix_is_driver_shutdown|wireless_get_state,ref1011_via,0x08008AD4,exact-ambiguous,1.000,identical body for: get_mods|get_transport|get_tri_layer_adjust_layer|get_tri_layer_lower_layer|get_tri_layer_upper_layer|keyboard_leds|rgb_matrix_is_driver_shutdown|wireless_get_state
0x0800C208,16,add_mods,ref1011_via,0x0800C100,exact-ambiguous,1.000,ambiguous body {add_mods|add_weak_mods|eeconfig_flag_rgb_matrix} resolved by caller: bl from register_code@0x0800B4A8+0x42 ; same body also matches: add_weak_mods|eeconfig_flag_rgb_matrix ; xrefs: register_code@0x0800B4A8(bl) register_mods@0x0800B5DA(bl)
0x0800C218,16,del_mods,ref1011_via,0x0800C110,fuzzy-anchored,1.000,call-anchored: bl from unregister_code@0x0800B538+0x2E ; xrefs: unregister_code@0x0800B538(bl) unregister_mods@0x0800B5EC(bl)
0x0800C228,12,clear_mods,ref1011_via,0x0800C120,exact-ambiguous,1.000,ambiguous body {clear_mods|clear_weak_mods} resolved by caller: bl from suspend_wakeup_init@0x08010C94+0x2 ; same body also matches: clear_weak_mods ; xrefs: suspend_wakeup_init@0x08010C94(bl) clear_keyboard@0x0800BA48(bl)
0x0800C234,16,add_mods|add_weak_mods|eeconfig_flag_rgb_matrix,ref1011_via,0x0800C100,exact-ambiguous,1.000,identical body for: add_mods|add_weak_mods|eeconfig_flag_rgb_matrix
0x0800C254,12,clear_weak_mods,ref1011_via,0x0800C14C,exact-ambiguous,1.000,ambiguous body {clear_mods|clear_weak_mods} resolved by caller: bl from suspend_wakeup_init@0x08010C94+0x6 ; same body also matches: clear_mods ; xrefs: suspend_wakeup_init@0x08010C94(bl) clear_keyboard_but_mods_and_keys@0x0800BA18(bl)
0x0800C260,2,__aeabi_idiv0|__aeabi_ldiv0|__chibios_override_boardInit|__cpu_init|__late_init|__malloc_lock|__malloc_unlock|_fini|battery_stop|board_init|default_layer_debug|default_layer_state_set_user|dummy_cb|early_hardware_init_post|housekeeping_task_user|keyboard_post_init_user|keyboard_pre_init_user|layer_debug|layer_state_set_user|led_init_ports|led_set_user|led_update_ports|matrix_init_user|matrix_power_down|matrix_power_up|matrix_print|matrix_scan_user|matrix_setup|notify_usb_device_state_change_user|oneshot_layer_changed_user|oneshot_locked_mods_changed_user|oneshot_mods_changed_user|post_process_record_user|rgb_matrix_none_indicators_user|suspend_power_down_user|suspend_wakeup_init_user|via_init_kb|via_set_layout_options_kb|wireless_enter_bluetooth_pin_code_entry_kb|wireless_enter_connected_kb|wireless_enter_discoverable_kb|wireless_enter_reconnecting_kb|wireless_enter_sleep_kb|wireless_exit_bluetooth_pin_code_entry_kb|wireless_post_task,ref1011_via,0x08008434,exact-ambiguous,1.000,tiny body placed (adjacent-both) ; identical body for: __aeabi_idiv0|__aeabi_ldiv0|__chibios_override_boardInit|__cpu_init|__late_init|__malloc_lock|__malloc_unlock|_fini|battery_stop|board_init|default_layer_debug|default_layer_state_set_user|dummy_cb|early_hardware_init_post|housekeeping_task_user|keyboard_post_init_user|keyboard_pre_init_user|layer_debug|layer_state_set_user|led_init_ports|led_set_user|led_update_ports|matrix_init_user|matrix_power_down|matrix_power_up|matrix_print|matrix_scan_user|matrix_setup|notify_usb_device_state_change_user|oneshot_layer_changed_user|oneshot_locked_mods_changed_user|oneshot_mods_changed_user|post_process_record_user|rgb_matrix_none_indicators_user|suspend_power_down_user|suspend_wakeup_init_user|via_init_kb|via_set_layout_options_kb|wireless_enter_bluetooth_pin_code_entry_kb|wireless_enter_connected_kb|wireless_enter_discoverable_kb|wireless_enter_reconnecting_kb|wireless_enter_sleep_kb|wireless_exit_bluetooth_pin_code_entry_kb|wireless_post_task
0x0800C262,8,bootmagic|default_layer_state_set_kb|dip_switch_update_mask_kb|host_keyboard_led_state|keyboard_pre_init_kb|layer_state_set_kb|matrix_init_kb|matrix_output_unselect_delay|matrix_scan_kb|notify_usb_device_state_change_kb|oneshot_layer_changed_kb|oneshot_locked_mods_changed_kb|oneshot_mods_changed_kb|post_process_record_kb|pre_process_record_kb|rgb_matrix_indicators_advanced_kb|should_process_keypress|shutdown_kb|suspend_power_down_kb|suspend_wakeup_init_kb,ref1011_via,0x0800B150,exact-ambiguous,1.000,identical body for: bootmagic|default_layer_state_set_kb|dip_switch_update_mask_kb|host_keyboard_led_state|keyboard_pre_init_kb|layer_state_set_kb|matrix_init_kb|matrix_output_unselect_delay|matrix_scan_kb|notify_usb_device_state_change_kb|oneshot_layer_changed_kb|oneshot_locked_mods_changed_kb|oneshot_mods_changed_kb|post_process_record_kb|pre_process_record_kb|rgb_matrix_indicators_advanced_kb|should_process_keypress|shutdown_kb|suspend_power_down_kb|suspend_wakeup_init_kb
0x0800C26C,28,del_oneshot_locked_mods|del_oneshot_mods,ref1011_via,0x0800C164,exact-ambiguous,1.000,identical body for: del_oneshot_locked_mods|del_oneshot_mods
0x0800C288,2,oneshot_mods_changed_user,ref1011_via,0x0800C180,exact-ambiguous,1.000,tiny body placed (vote) ; ambiguous body {__aeabi_idiv0|__aeabi_ldiv0|__chibios_override_boardInit|__cpu_init|__late_init|__malloc_lock|__malloc_unlock|_fini|battery_stop|board_init|default_layer_debug|default_layer_state_set_user|dummy_cb|early_hardware_init_post|housekeeping_task_user|keyboard_post_init_user|keyboard_pre_init_user|layer_debug|layer_state_set_user|led_init_ports|led_set_user|led_update_ports|matrix_init_user|matrix_power_down|matrix_power_up|matrix_print|matrix_scan_user|matrix_setup|notify_usb_device_state_change_user|oneshot_layer_changed_user|oneshot_locked_mods_changed_user|oneshot_mods_changed_user|post_process_record_user|rgb_matrix_none_indicators_user|suspend_power_down_user|suspend_wakeup_init_user|via_init_kb|via_set_layout_options_kb|wireless_enter_bluetooth_pin_code_entry_kb|wireless_enter_connected_kb|wireless_enter_discoverable_kb|wireless_enter_reconnecting_kb|wireless_enter_sleep_kb|wireless_exit_bluetooth_pin_code_entry_kb|wireless_post_task} resolved by caller: bl from oneshot_mods_changed_kb@0x0800C28A+0x2 ; same body also matches: __aeabi_idiv0|__aeabi_ldiv0|__chibios_override_boardInit|__cpu_init|__late_init|__malloc_lock|__malloc_unlock|_fini|battery_stop|board_init|default_layer_debug|default_layer_state_set_user|dummy_cb|early_hardware_init_post|housekeeping_task_user|keyboard_post_init_user|keyboard_pre_init_user|layer_debug|layer_state_set_user|led_init_ports|led_set_user|led_update_ports|matrix_init_user|matrix_power_down|matrix_power_up|matrix_print|matrix_scan_user|matrix_setup|notify_usb_device_state_change_user|oneshot_layer_changed_user|oneshot_locked_mods_changed_user|post_process_record_user|rgb_matrix_none_indicators_user|suspend_power_down_user|suspend_wakeup_init_user|via_init_kb|via_set_layout_options_kb|wireless_enter_bluetooth_pin_code_entry_kb|wireless_enter_connected_kb|wireless_enter_discoverable_kb|wireless_enter_reconnecting_kb|wireless_enter_sleep_kb|wireless_exit_bluetooth_pin_code_entry_kb|wireless_post_task ; xrefs: oneshot_mods_changed_kb@0x0800C28A(bl)
0x0800C28A,8,oneshot_mods_changed_kb,ref1011_via,0x0800C182,exact-ambiguous,1.000,ambiguous body {bootmagic|default_layer_state_set_kb|dip_switch_update_mask_kb|host_keyboard_led_state|keyboard_pre_init_kb|layer_state_set_kb|matrix_init_kb|matrix_output_unselect_delay|matrix_scan_kb|notify_usb_device_state_change_kb|oneshot_layer_changed_kb|oneshot_locked_mods_changed_kb|oneshot_mods_changed_kb|post_process_record_kb|pre_process_record_kb|rgb_matrix_indicators_advanced_kb|should_process_keypress|shutdown_kb|suspend_power_down_kb|suspend_wakeup_init_kb} resolved by caller: bl from clear_oneshot_mods@0x0800C2CC+0xC ; same body also matches: bootmagic|default_layer_state_set_kb|dip_switch_update_mask_kb|host_keyboard_led_state|keyboard_pre_init_kb|layer_state_set_kb|matrix_init_kb|matrix_output_unselect_delay|matrix_scan_kb|notify_usb_device_state_change_kb|oneshot_layer_changed_kb|oneshot_locked_mods_changed_kb|post_process_record_kb|pre_process_record_kb|rgb_matrix_indicators_advanced_kb|should_process_keypress|shutdown_kb|suspend_power_down_kb|suspend_wakeup_init_kb ; xrefs: clear_oneshot_mods@0x0800C2CC(bl) add_oneshot_mods@0x0800C294(bl~)
0x0800C294,28,add_oneshot_mods,ref1011_via,0x0800C18C,fuzzy,1.000,
0x0800C2B0,28,del_oneshot_locked_mods|del_oneshot_mods,ref1011_via,0x0800C164,exact-ambiguous,1.000,identical body for: del_oneshot_locked_mods|del_oneshot_mods
0x0800C2CC,24,clear_oneshot_mods,ref1011_via,0x0800C1C4,exact,1.000,xrefs: get_mods_for_report@0x0800C2E4(bl~)
0x0800C2E4,48,get_mods_for_report,ref1011_via,0x0800C1DC,fuzzy-anchored,0.947,call-anchored: bl from send_6kro_report@0x0800C314+0x6 ; xrefs: send_6kro_report@0x0800C314(bl) send_nkro_report@0x0800C34C(bl)
0x0800C314,56,send_6kro_report,ref1011_via,0x0800C20C,exact,1.000,xrefs: send_keyboard_report@0x0800C384(b)
0x0800C34C,56,send_nkro_report,ref1011_via,0x0800C244,exact,1.000,xrefs: send_keyboard_report@0x0800C384(b)
0x0800C384,32,send_keyboard_report,ref1011_via,0x0800C27C,exact,1.000,xrefs: register_code@0x0800B4A8(bl) register_code@0x0800B4A8(b) unregister_code@0x0800B538(b) clear_keyboard_but_mods_and_keys@0x0800BA18(bl) ...
0x0800C3A4,2,oneshot_layer_changed_user,ref1011_via,0x0800C29C,exact-ambiguous,1.000,tiny body placed (vote) ; ambiguous body {__aeabi_idiv0|__aeabi_ldiv0|__chibios_override_boardInit|__cpu_init|__late_init|__malloc_lock|__malloc_unlock|_fini|battery_stop|board_init|default_layer_debug|default_layer_state_set_user|dummy_cb|early_hardware_init_post|housekeeping_task_user|keyboard_post_init_user|keyboard_pre_init_user|layer_debug|layer_state_set_user|led_init_ports|led_set_user|led_update_ports|matrix_init_user|matrix_power_down|matrix_power_up|matrix_print|matrix_scan_user|matrix_setup|notify_usb_device_state_change_user|oneshot_layer_changed_user|oneshot_locked_mods_changed_user|oneshot_mods_changed_user|post_process_record_user|rgb_matrix_none_indicators_user|suspend_power_down_user|suspend_wakeup_init_user|via_init_kb|via_set_layout_options_kb|wireless_enter_bluetooth_pin_code_entry_kb|wireless_enter_connected_kb|wireless_enter_discoverable_kb|wireless_enter_reconnecting_kb|wireless_enter_sleep_kb|wireless_exit_bluetooth_pin_code_entry_kb|wireless_post_task} resolved by caller: bl from oneshot_layer_changed_kb@0x0800C3A6+0x2 ; same body also matches: __aeabi_idiv0|__aeabi_ldiv0|__chibios_override_boardInit|__cpu_init|__late_init|__malloc_lock|__malloc_unlock|_fini|battery_stop|board_init|default_layer_debug|default_layer_state_set_user|dummy_cb|early_hardware_init_post|housekeeping_task_user|keyboard_post_init_user|keyboard_pre_init_user|layer_debug|layer_state_set_user|led_init_ports|led_set_user|led_update_ports|matrix_init_user|matrix_power_down|matrix_power_up|matrix_print|matrix_scan_user|matrix_setup|notify_usb_device_state_change_user|oneshot_locked_mods_changed_user|oneshot_mods_changed_user|post_process_record_user|rgb_matrix_none_indicators_user|suspend_power_down_user|suspend_wakeup_init_user|via_init_kb|via_set_layout_options_kb|wireless_enter_bluetooth_pin_code_entry_kb|wireless_enter_connected_kb|wireless_enter_discoverable_kb|wireless_enter_reconnecting_kb|wireless_enter_sleep_kb|wireless_exit_bluetooth_pin_code_entry_kb|wireless_post_task ; xrefs: oneshot_layer_changed_kb@0x0800C3A6(bl)
0x0800C3A6,8,oneshot_layer_changed_kb,ref1011_via,0x0800C29E,exact-ambiguous,1.000,ambiguous body {bootmagic|default_layer_state_set_kb|dip_switch_update_mask_kb|host_keyboard_led_state|keyboard_pre_init_kb|layer_state_set_kb|matrix_init_kb|matrix_output_unselect_delay|matrix_scan_kb|notify_usb_device_state_change_kb|oneshot_layer_changed_kb|oneshot_locked_mods_changed_kb|oneshot_mods_changed_kb|post_process_record_kb|pre_process_record_kb|rgb_matrix_indicators_advanced_kb|should_process_keypress|shutdown_kb|suspend_power_down_kb|suspend_wakeup_init_kb} resolved by caller: bl from reset_oneshot_layer@0x0800C3E0+0x8 ; same body also matches: bootmagic|default_layer_state_set_kb|dip_switch_update_mask_kb|host_keyboard_led_state|keyboard_pre_init_kb|layer_state_set_kb|matrix_init_kb|matrix_output_unselect_delay|matrix_scan_kb|notify_usb_device_state_change_kb|oneshot_locked_mods_changed_kb|oneshot_mods_changed_kb|post_process_record_kb|pre_process_record_kb|rgb_matrix_indicators_advanced_kb|should_process_keypress|shutdown_kb|suspend_power_down_kb|suspend_wakeup_init_kb ; xrefs: reset_oneshot_layer@0x0800C3E0(bl)
0x0800C3E0,20,reset_oneshot_layer,ref1011_via,0x0800C2D8,exact,1.000,xrefs: clear_oneshot_layer_state@0x0800C3F4(b)
0x0800C3F4,52,clear_oneshot_layer_state,ref1011_via,0x0800C2EC,exact,1.000,xrefs: process_record@0x0800B9DC(b) oneshot_set@0x0800C428(b)
0x0800C428,44,oneshot_set,ref1011_via,0x0800C320,exact,1.000,xrefs: oneshot_disable@0x0800C472(b) oneshot_enable@0x0800C46C(b)
0x0800C46C,6,oneshot_enable,ref1011_via,0x0800C360,exact-ambiguous,1.000,tiny body placed (adjacent) ; ambiguous body {oneshot_enable|rgb_matrix_decrease_hue|rgb_matrix_decrease_sat|rgb_matrix_decrease_speed|rgb_matrix_decrease_val|rgb_matrix_increase_hue|rgb_matrix_increase_sat|rgb_matrix_increase_speed|rgb_matrix_increase_val|rgb_matrix_step|rgb_matrix_step_reverse|rgb_matrix_toggle} resolved by caller: bl(fuzzy-paired) from process_record_quantum@0x0800B2E0+0xB2 ; same body also matches: rgb_matrix_decrease_hue|rgb_matrix_decrease_sat|rgb_matrix_decrease_speed|rgb_matrix_decrease_val|rgb_matrix_increase_hue|rgb_matrix_increase_sat|rgb_matrix_increase_speed|rgb_matrix_increase_val|rgb_matrix_step|rgb_matrix_step_reverse|rgb_matrix_toggle ; xrefs: process_record_quantum@0x0800B2E0(bl~)
0x0800C472,6,oneshot_disable,ref1011_via,0x0800C366,exact-ambiguous,1.000,tiny body placed (adjacent) ; ambiguous body {eeconfig_init_user|encoder0_pad_cb|layer_clear|oneshot_disable|quantum_task|rgb_matrix_toggle_noeeprom} resolved by caller: bl(fuzzy-paired) from process_record_quantum@0x0800B2E0+0xB8 ; same body also matches: eeconfig_init_user|encoder0_pad_cb|layer_clear|quantum_task|rgb_matrix_toggle_noeeprom ; xrefs: process_record_quantum@0x0800B2E0(bl~)
0x0800C478,20,eeconfig_disable,ref1011_via,0x0800C36C,exact,1.000,xrefs: process_record_quantum@0x0800B2E0(bl~)
0x0800C48C,28,eeconfig_is_enabled,ref1011_via,0x0800C380,exact,1.000,xrefs: magic@0x0800CB90(bl) rgb_matrix_init@0x0800EB90(bl~)
0x0800C4A8,6,eeconfig_read_debug,ref1011_via,0x0800C39C,exact,1.000,tiny body placed (vote) ; xrefs: magic@0x0800CB90(bl)
0x0800C4AE,6,eeconfig_read_default_layer,ref1011_via,0x0800C3A2,exact,1.000,tiny body placed (vote) ; xrefs: magic@0x0800CB90(bl)
0x0800C4B4,6,eeconfig_read_keymap,ref1011_via,0x0800C3A8,exact,1.000,tiny body placed (vote) ; xrefs: magic@0x0800CB90(bl) process_magic@0x0800FBC4(bl~) wireless_event_task@0x080088D0(bl~) factory_test_task@0x0800AE40(bl~)
0x0800C4BA,8,eeconfig_update_keymap,ref1011_via,0x0800C3AE,exact,1.000,xrefs: oneshot_set@0x0800C428(bl) process_magic@0x0800FBC4(bl~)
0x0800C4C2,8,eeconfig_update_kb,ref1011_via,0x0800C3B6,exact,1.000,xrefs: eeconfig_init_kb@0x0800C4D8(bl)
0x0800C4CA,8,eeconfig_update_user,ref1011_via,0x0800C3BE,exact,1.000,xrefs: eeconfig_init_user@0x0800C4D2(b)
0x0800C4D2,6,eeconfig_init_user,ref1011_via,0x0800C3C6,exact-ambiguous,1.000,tiny body placed (vote) ; ambiguous body {eeconfig_init_user|encoder0_pad_cb|layer_clear|oneshot_disable|quantum_task|rgb_matrix_toggle_noeeprom} resolved by caller: bl from eeconfig_init_kb@0x0800C4D8+0x8 ; same body also matches: encoder0_pad_cb|layer_clear|oneshot_disable|quantum_task|rgb_matrix_toggle_noeeprom ; xrefs: eeconfig_init_kb@0x0800C4D8(bl)
0x0800C4D8,14,eeconfig_init_kb,ref1011_via,0x0800C3CC,exact,1.000,
0x0800C57E,6,eeconfig_init_user|encoder0_pad_cb|layer_clear|oneshot_disable|quantum_task|rgb_matrix_toggle_noeeprom,ref1011_via,0x0800AA62,exact-ambiguous,1.000,tiny body placed (adjacent) ; identical body for: eeconfig_init_user|encoder0_pad_cb|layer_clear|oneshot_disable|quantum_task|rgb_matrix_toggle_noeeprom
0x0800C584,8,eeconfig_update_handedness,ref1011_via,0x0800C478,exact,1.000,xrefs: process_magic@0x0800FBC4(bl~)
0x0800C5C4,24,last_matrix_activity_trigger,ref1011_via,0x0800C4B4,exact-ambiguous,1.000,ambiguous body {last_encoder_activity_trigger|last_matrix_activity_trigger} resolved by caller: bl(fuzzy-paired) from keyboard_task@0x0800C678+0xE2 ; same body also matches: last_encoder_activity_trigger ; xrefs: keyboard_task@0x0800C678(bl~)
0x0800C5DC,24,last_encoder_activity_trigger,ref1011_via,0x0800C4CC,exact-ambiguous,1.000,ambiguous body {last_encoder_activity_trigger|last_matrix_activity_trigger} resolved by caller: bl(fuzzy-paired) from keyboard_task@0x0800C678+0x1E ; same body also matches: last_matrix_activity_trigger ; xrefs: keyboard_task@0x0800C678(bl~)
0x0800C5F4,2,matrix_setup,ref1011_via,0x0800C4E4,exact-ambiguous,1.000,tiny body placed (vote) ; ambiguous body {__aeabi_idiv0|__aeabi_ldiv0|__chibios_override_boardInit|__cpu_init|__late_init|__malloc_lock|__malloc_unlock|_fini|battery_stop|board_init|default_layer_debug|default_layer_state_set_user|dummy_cb|early_hardware_init_post|housekeeping_task_user|keyboard_post_init_user|keyboard_pre_init_user|layer_debug|layer_state_set_user|led_init_ports|led_set_user|led_update_ports|matrix_init_user|matrix_power_down|matrix_power_up|matrix_print|matrix_scan_user|matrix_setup|notify_usb_device_state_change_user|oneshot_layer_changed_user|oneshot_locked_mods_changed_user|oneshot_mods_changed_user|post_process_record_user|rgb_matrix_none_indicators_user|suspend_power_down_user|suspend_wakeup_init_user|via_init_kb|via_set_layout_options_kb|wireless_enter_bluetooth_pin_code_entry_kb|wireless_enter_connected_kb|wireless_enter_discoverable_kb|wireless_enter_reconnecting_kb|wireless_enter_sleep_kb|wireless_exit_bluetooth_pin_code_entry_kb|wireless_post_task} resolved by caller: bl from keyboard_setup@0x0800C608+0xC ; same body also matches: __aeabi_idiv0|__aeabi_ldiv0|__chibios_override_boardInit|__cpu_init|__late_init|__malloc_lock|__malloc_unlock|_fini|battery_stop|board_init|default_layer_debug|default_layer_state_set_user|dummy_cb|early_hardware_init_post|housekeeping_task_user|keyboard_post_init_user|keyboard_pre_init_user|layer_debug|layer_state_set_user|led_init_ports|led_set_user|led_update_ports|matrix_init_user|matrix_power_down|matrix_power_up|matrix_print|matrix_scan_user|notify_usb_device_state_change_user|oneshot_layer_changed_user|oneshot_locked_mods_changed_user|oneshot_mods_changed_user|post_process_record_user|rgb_matrix_none_indicators_user|suspend_power_down_user|suspend_wakeup_init_user|via_init_kb|via_set_layout_options_kb|wireless_enter_bluetooth_pin_code_entry_kb|wireless_enter_connected_kb|wireless_enter_discoverable_kb|wireless_enter_reconnecting_kb|wireless_enter_sleep_kb|wireless_exit_bluetooth_pin_code_entry_kb|wireless_post_task ; xrefs: keyboard_setup@0x0800C608(bl)
0x0800C5F6,2,keyboard_pre_init_user,ref1011_via,0x0800C4E6,exact-ambiguous,1.000,tiny body placed (vote) ; ambiguous body {__aeabi_idiv0|__aeabi_ldiv0|__chibios_override_boardInit|__cpu_init|__late_init|__malloc_lock|__malloc_unlock|_fini|battery_stop|board_init|default_layer_debug|default_layer_state_set_user|dummy_cb|early_hardware_init_post|housekeeping_task_user|keyboard_post_init_user|keyboard_pre_init_user|layer_debug|layer_state_set_user|led_init_ports|led_set_user|led_update_ports|matrix_init_user|matrix_power_down|matrix_power_up|matrix_print|matrix_scan_user|matrix_setup|notify_usb_device_state_change_user|oneshot_layer_changed_user|oneshot_locked_mods_changed_user|oneshot_mods_changed_user|post_process_record_user|rgb_matrix_none_indicators_user|suspend_power_down_user|suspend_wakeup_init_user|via_init_kb|via_set_layout_options_kb|wireless_enter_bluetooth_pin_code_entry_kb|wireless_enter_connected_kb|wireless_enter_discoverable_kb|wireless_enter_reconnecting_kb|wireless_enter_sleep_kb|wireless_exit_bluetooth_pin_code_entry_kb|wireless_post_task} resolved by caller: bl from keyboard_pre_init_kb@0x0800C5F8+0x2 ; same body also matches: __aeabi_idiv0|__aeabi_ldiv0|__chibios_override_boardInit|__cpu_init|__late_init|__malloc_lock|__malloc_unlock|_fini|battery_stop|board_init|default_layer_debug|default_layer_state_set_user|dummy_cb|early_hardware_init_post|housekeeping_task_user|keyboard_post_init_user|layer_debug|layer_state_set_user|led_init_ports|led_set_user|led_update_ports|matrix_init_user|matrix_power_down|matrix_power_up|matrix_print|matrix_scan_user|matrix_setup|notify_usb_device_state_change_user|oneshot_layer_changed_user|oneshot_locked_mods_changed_user|oneshot_mods_changed_user|post_process_record_user|rgb_matrix_none_indicators_user|suspend_power_down_user|suspend_wakeup_init_user|via_init_kb|via_set_layout_options_kb|wireless_enter_bluetooth_pin_code_entry_kb|wireless_enter_connected_kb|wireless_enter_discoverable_kb|wireless_enter_reconnecting_kb|wireless_enter_sleep_kb|wireless_exit_bluetooth_pin_code_entry_kb|wireless_post_task ; xrefs: keyboard_pre_init_kb@0x0800C5F8(bl)
0x0800C5F8,8,keyboard_pre_init_kb,ref1011_via,0x0800C4E8,exact-ambiguous,1.000,ambiguous body {bootmagic|default_layer_state_set_kb|dip_switch_update_mask_kb|host_keyboard_led_state|keyboard_pre_init_kb|layer_state_set_kb|matrix_init_kb|matrix_output_unselect_delay|matrix_scan_kb|notify_usb_device_state_change_kb|oneshot_layer_changed_kb|oneshot_locked_mods_changed_kb|oneshot_mods_changed_kb|post_process_record_kb|pre_process_record_kb|rgb_matrix_indicators_advanced_kb|should_process_keypress|shutdown_kb|suspend_power_down_kb|suspend_wakeup_init_kb} resolved by caller: bl from keyboard_setup@0x0800C608+0x10 ; same body also matches: bootmagic|default_layer_state_set_kb|dip_switch_update_mask_kb|host_keyboard_led_state|layer_state_set_kb|matrix_init_kb|matrix_output_unselect_delay|matrix_scan_kb|notify_usb_device_state_change_kb|oneshot_layer_changed_kb|oneshot_locked_mods_changed_kb|oneshot_mods_changed_kb|post_process_record_kb|pre_process_record_kb|rgb_matrix_indicators_advanced_kb|should_process_keypress|shutdown_kb|suspend_power_down_kb|suspend_wakeup_init_kb ; xrefs: keyboard_setup@0x0800C608(bl)
0x0800C600,2,keyboard_post_init_user,ref1011_via,0x0800C4F0,exact-ambiguous,1.000,tiny body placed (vote) ; ambiguous body {__aeabi_idiv0|__aeabi_ldiv0|__chibios_override_boardInit|__cpu_init|__late_init|__malloc_lock|__malloc_unlock|_fini|battery_stop|board_init|default_layer_debug|default_layer_state_set_user|dummy_cb|early_hardware_init_post|housekeeping_task_user|keyboard_post_init_user|keyboard_pre_init_user|layer_debug|layer_state_set_user|led_init_ports|led_set_user|led_update_ports|matrix_init_user|matrix_power_down|matrix_power_up|matrix_print|matrix_scan_user|matrix_setup|notify_usb_device_state_change_user|oneshot_layer_changed_user|oneshot_locked_mods_changed_user|oneshot_mods_changed_user|post_process_record_user|rgb_matrix_none_indicators_user|suspend_power_down_user|suspend_wakeup_init_user|via_init_kb|via_set_layout_options_kb|wireless_enter_bluetooth_pin_code_entry_kb|wireless_enter_connected_kb|wireless_enter_discoverable_kb|wireless_enter_reconnecting_kb|wireless_enter_sleep_kb|wireless_exit_bluetooth_pin_code_entry_kb|wireless_post_task} resolved by caller: b.w from keyboard_post_init_kb@0x0800B10C+0x3C ; same body also matches: __aeabi_idiv0|__aeabi_ldiv0|__chibios_override_boardInit|__cpu_init|__late_init|__malloc_lock|__malloc_unlock|_fini|battery_stop|board_init|default_layer_debug|default_layer_state_set_user|dummy_cb|early_hardware_init_post|housekeeping_task_user|keyboard_pre_init_user|layer_debug|layer_state_set_user|led_init_ports|led_set_user|led_update_ports|matrix_init_user|matrix_power_down|matrix_power_up|matrix_print|matrix_scan_user|matrix_setup|notify_usb_device_state_change_user|oneshot_layer_changed_user|oneshot_locked_mods_changed_user|oneshot_mods_changed_user|post_process_record_user|rgb_matrix_none_indicators_user|suspend_power_down_user|suspend_wakeup_init_user|via_init_kb|via_set_layout_options_kb|wireless_enter_bluetooth_pin_code_entry_kb|wireless_enter_connected_kb|wireless_enter_discoverable_kb|wireless_enter_reconnecting_kb|wireless_enter_sleep_kb|wireless_exit_bluetooth_pin_code_entry_kb|wireless_post_task ; xrefs: keyboard_post_init_kb@0x0800B10C(b)
0x0800C602,4,matrix_can_read,ref1011_via,0x0800C4F2,exact-ambiguous,1.000,tiny body placed (adjacent) ; ambiguous body {_getpid|_isatty_r|dip_switch_update_mask_user|is_keyboard_master|led_update_user|matrix_can_read|pre_process_record_user|process_action_kb|process_record_keychron_kb|rgb_matrix_indicators_advanced_user|rgb_matrix_indicators_user|shutdown_user} resolved by caller: bl(fuzzy-paired) from keyboard_task@0x0800C678+0x6 ; same body also matches: _getpid|_isatty_r|dip_switch_update_mask_user|is_keyboard_master|led_update_user|pre_process_record_user|process_action_kb|process_record_keychron_kb|rgb_matrix_indicators_advanced_user|rgb_matrix_indicators_user|shutdown_user ; xrefs: keyboard_task@0x0800C678(bl~)
0x0800C608,28,keyboard_setup,ref1011_via,0x0800C4F8,exact,1.000,xrefs: main@0x0800CF60(bl)
0x0800C624,4,is_keyboard_master,ref1011_via,0x0800C514,exact-ambiguous,1.000,tiny body placed (adjacent-both) ; ambiguous body {_getpid|_isatty_r|dip_switch_update_mask_user|is_keyboard_master|led_update_user|matrix_can_read|pre_process_record_user|process_action_kb|process_record_keychron_kb|rgb_matrix_indicators_advanced_user|rgb_matrix_indicators_user|shutdown_user} resolved by caller: bl from should_process_keypress@0x0800C628+0x2 ; same body also matches: _getpid|_isatty_r|dip_switch_update_mask_user|led_update_user|matrix_can_read|pre_process_record_user|process_action_kb|process_record_keychron_kb|rgb_matrix_indicators_advanced_user|rgb_matrix_indicators_user|shutdown_user ; xrefs: should_process_keypress@0x0800C628(bl)
0x0800C628,8,should_process_keypress,ref1011_via,0x0800C518,exact-ambiguous,1.000,ambiguous body {bootmagic|default_layer_state_set_kb|dip_switch_update_mask_kb|host_keyboard_led_state|keyboard_pre_init_kb|layer_state_set_kb|matrix_init_kb|matrix_output_unselect_delay|matrix_scan_kb|notify_usb_device_state_change_kb|oneshot_layer_changed_kb|oneshot_locked_mods_changed_kb|oneshot_mods_changed_kb|post_process_record_kb|pre_process_record_kb|rgb_matrix_indicators_advanced_kb|should_process_keypress|shutdown_kb|suspend_power_down_kb|suspend_wakeup_init_kb} resolved by caller: bl(fuzzy-paired) from keyboard_task@0x0800C678+0x5C ; same body also matches: bootmagic|default_layer_state_set_kb|dip_switch_update_mask_kb|host_keyboard_led_state|keyboard_pre_init_kb|layer_state_set_kb|matrix_init_kb|matrix_output_unselect_delay|matrix_scan_kb|notify_usb_device_state_change_kb|oneshot_layer_changed_kb|oneshot_locked_mods_changed_kb|oneshot_mods_changed_kb|post_process_record_kb|pre_process_record_kb|rgb_matrix_indicators_advanced_kb|shutdown_kb|suspend_power_down_kb|suspend_wakeup_init_kb ; xrefs: keyboard_task@0x0800C678(bl~)
0x0800C630,2,housekeeping_task_user,ref1011_via,0x0800C520,exact-ambiguous,1.000,tiny body placed (vote) ; ambiguous body {__aeabi_idiv0|__aeabi_ldiv0|__chibios_override_boardInit|__cpu_init|__late_init|__malloc_lock|__malloc_unlock|_fini|battery_stop|board_init|default_layer_debug|default_layer_state_set_user|dummy_cb|early_hardware_init_post|housekeeping_task_user|keyboard_post_init_user|keyboard_pre_init_user|layer_debug|layer_state_set_user|led_init_ports|led_set_user|led_update_ports|matrix_init_user|matrix_power_down|matrix_power_up|matrix_print|matrix_scan_user|matrix_setup|notify_usb_device_state_change_user|oneshot_layer_changed_user|oneshot_locked_mods_changed_user|oneshot_mods_changed_user|post_process_record_user|rgb_matrix_none_indicators_user|suspend_power_down_user|suspend_wakeup_init_user|via_init_kb|via_set_layout_options_kb|wireless_enter_bluetooth_pin_code_entry_kb|wireless_enter_connected_kb|wireless_enter_discoverable_kb|wireless_enter_reconnecting_kb|wireless_enter_sleep_kb|wireless_exit_bluetooth_pin_code_entry_kb|wireless_post_task} resolved by caller: bl from housekeeping_task@0x0800C632+0x6 ; same body also matches: __aeabi_idiv0|__aeabi_ldiv0|__chibios_override_boardInit|__cpu_init|__late_init|__malloc_lock|__malloc_unlock|_fini|battery_stop|board_init|default_layer_debug|default_layer_state_set_user|dummy_cb|early_hardware_init_post|keyboard_post_init_user|keyboard_pre_init_user|layer_debug|layer_state_set_user|led_init_ports|led_set_user|led_update_ports|matrix_init_user|matrix_power_down|matrix_power_up|matrix_print|matrix_scan_user|matrix_setup|notify_usb_device_state_change_user|oneshot_layer_changed_user|oneshot_locked_mods_changed_user|oneshot_mods_changed_user|post_process_record_user|rgb_matrix_none_indicators_user|suspend_power_down_user|suspend_wakeup_init_user|via_init_kb|via_set_layout_options_kb|wireless_enter_bluetooth_pin_code_entry_kb|wireless_enter_connected_kb|wireless_enter_discoverable_kb|wireless_enter_reconnecting_kb|wireless_enter_sleep_kb|wireless_exit_bluetooth_pin_code_entry_kb|wireless_post_task ; xrefs: housekeeping_task@0x0800C632(bl)
0x0800C632,12,housekeeping_task,ref1011_via,0x0800C522,exact-ambiguous,1.000,ambiguous body {boardInit|housekeeping_task|led_wakeup|rgb_matrix_none_indicators} resolved by caller: bl from main@0x0800CF60+0x16 ; same body also matches: boardInit|led_wakeup|rgb_matrix_none_indicators ; xrefs: main@0x0800CF60(bl)
0x0800C63E,18,quantum_init,ref1011_via,0x0800C52E,exact-ambiguous,1.000,ambiguous body {protocol_init|protocol_task|quantum_init} resolved by caller: bl from keyboard_init@0x0800C650+0x12 ; same body also matches: protocol_init|protocol_task ; xrefs: keyboard_init@0x0800C650(bl)
0x0800C650,32,keyboard_init,ref1011_via,0x0800C540,exact,1.000,xrefs: protocol_init@0x0800CF3C(bl)
0x0800C670,6,quantum_task,ref1011_via,0x0800C560,exact-ambiguous,1.000,tiny body placed (adjacent) ; ambiguous body {eeconfig_init_user|encoder0_pad_cb|layer_clear|oneshot_disable|quantum_task|rgb_matrix_toggle_noeeprom} resolved by caller: bl(fuzzy-paired) from keyboard_task@0x0800C678+0x10 ; same body also matches: eeconfig_init_user|encoder0_pad_cb|layer_clear|oneshot_disable|rgb_matrix_toggle_noeeprom ; xrefs: keyboard_task@0x0800C678(bl~)
0x0800C678,248,keyboard_task,ref1011_via,0x0800C568,fuzzy-anchored,0.867,call-anchored: bl from protocol_task@0x0800CF4E+0x6 ; xrefs: protocol_task@0x0800CF4E(bl)
0x0800C770,432,action_for_keycode,ref1011_via,0x0800C660,fuzzy-anchored,0.831,call-anchored: b.w from action_for_key@0x0800C95E+0x12 ; xrefs: action_for_key@0x0800C95E(b)
0x0800C920,60,keymap_key_to_keycode,ref1011_via,0x0800C810,fuzzy-anchored,0.923,call-anchored: bl from action_for_key@0x0800C95E+0x8 ; xrefs: action_for_key@0x0800C95E(bl)
0x0800C95C,2,__aeabi_idiv0|__aeabi_ldiv0|__chibios_override_boardInit|__cpu_init|__late_init|__malloc_lock|__malloc_unlock|_fini|battery_stop|board_init|default_layer_debug|default_layer_state_set_user|dummy_cb|early_hardware_init_post|housekeeping_task_user|keyboard_post_init_user|keyboard_pre_init_user|layer_debug|layer_state_set_user|led_init_ports|led_set_user|led_update_ports|matrix_init_user|matrix_power_down|matrix_power_up|matrix_print|matrix_scan_user|matrix_setup|notify_usb_device_state_change_user|oneshot_layer_changed_user|oneshot_locked_mods_changed_user|oneshot_mods_changed_user|post_process_record_user|rgb_matrix_none_indicators_user|suspend_power_down_user|suspend_wakeup_init_user|via_init_kb|via_set_layout_options_kb|wireless_enter_bluetooth_pin_code_entry_kb|wireless_enter_connected_kb|wireless_enter_discoverable_kb|wireless_enter_reconnecting_kb|wireless_enter_sleep_kb|wireless_exit_bluetooth_pin_code_entry_kb|wireless_post_task,ref1011_via,0x08008434,exact-ambiguous,1.000,tiny body placed (adjacent) ; identical body for: __aeabi_idiv0|__aeabi_ldiv0|__chibios_override_boardInit|__cpu_init|__late_init|__malloc_lock|__malloc_unlock|_fini|battery_stop|board_init|default_layer_debug|default_layer_state_set_user|dummy_cb|early_hardware_init_post|housekeeping_task_user|keyboard_post_init_user|keyboard_pre_init_user|layer_debug|layer_state_set_user|led_init_ports|led_set_user|led_update_ports|matrix_init_user|matrix_power_down|matrix_power_up|matrix_print|matrix_scan_user|matrix_setup|notify_usb_device_state_change_user|oneshot_layer_changed_user|oneshot_locked_mods_changed_user|oneshot_mods_changed_user|post_process_record_user|rgb_matrix_none_indicators_user|suspend_power_down_user|suspend_wakeup_init_user|via_init_kb|via_set_layout_options_kb|wireless_enter_bluetooth_pin_code_entry_kb|wireless_enter_connected_kb|wireless_enter_discoverable_kb|wireless_enter_reconnecting_kb|wireless_enter_sleep_kb|wireless_exit_bluetooth_pin_code_entry_kb|wireless_post_task
0x0800C95E,22,action_for_key,ref1011_via,0x0800C84A,exact,1.000,xrefs: store_or_get_action@0x0800BD04(b) layer_switch_get_action@0x0800BCEC(b) layer_switch_get_layer@0x0800BCAC(bl~)
0x0800CB44,4,sendchar,ref1011_via,0x0800CA2C,exact-ambiguous,1.000,tiny body placed (vote) ; ambiguous body {_close_r|_lseek_r|null_sendchar_func|rgb_matrix_map_row_column_to_led_kb|sendchar} resolved by caller: fnptr lit in keyboard_setup@0x0800C608+0x18 ; same body also matches: _close_r|_lseek_r|null_sendchar_func|rgb_matrix_map_row_column_to_led_kb ; xrefs: keyboard_setup@0x0800C608(ptr)
0x0800CB48,4,_close_r|_lseek_r|null_sendchar_func|rgb_matrix_map_row_column_to_led_kb|sendchar,ref1011_via,0x0800CA2C,exact-ambiguous,1.000,tiny body placed (adjacent) ; identical body for: _close_r|_lseek_r|null_sendchar_func|rgb_matrix_map_row_column_to_led_kb|sendchar
0x0800CB4C,12,print_set_sendchar,ref1011_via,0x0800CA34,exact-ambiguous,1.000,ambiguous body {host_set_driver|print_set_sendchar|rgb_matrix_disable_timeout_set} resolved by caller: bl from keyboard_setup@0x0800C608+0x4 ; same body also matches: host_set_driver|rgb_matrix_disable_timeout_set ; xrefs: keyboard_setup@0x0800C608(bl)
0x0800CB5C,42,bootmagic_lite,ref1011_via,0x0800CA44,exact,1.000,xrefs: bootmagic@0x0800CB86(bl)
0x0800CB86,8,bootmagic,ref1011_via,0x0800CA6E,exact-ambiguous,1.000,ambiguous body {bootmagic|default_layer_state_set_kb|dip_switch_update_mask_kb|host_keyboard_led_state|keyboard_pre_init_kb|layer_state_set_kb|matrix_init_kb|matrix_output_unselect_delay|matrix_scan_kb|notify_usb_device_state_change_kb|oneshot_layer_changed_kb|oneshot_locked_mods_changed_kb|oneshot_mods_changed_kb|post_process_record_kb|pre_process_record_kb|rgb_matrix_indicators_advanced_kb|should_process_keypress|shutdown_kb|suspend_power_down_kb|suspend_wakeup_init_kb} resolved by caller: bl from magic@0x0800CB90+0x1C ; same body also matches: default_layer_state_set_kb|dip_switch_update_mask_kb|host_keyboard_led_state|keyboard_pre_init_kb|layer_state_set_kb|matrix_init_kb|matrix_output_unselect_delay|matrix_scan_kb|notify_usb_device_state_change_kb|oneshot_layer_changed_kb|oneshot_locked_mods_changed_kb|oneshot_mods_changed_kb|post_process_record_kb|pre_process_record_kb|rgb_matrix_indicators_advanced_kb|should_process_keypress|shutdown_kb|suspend_power_down_kb|suspend_wakeup_init_kb ; xrefs: magic@0x0800CB90(bl)
0x0800CB90,64,magic,ref1011_via,0x0800CA78,exact,1.000,xrefs: quantum_init@0x0800C63E(bl)
0x0800CBD0,2,matrix_init_user,ref1011_via,0x0800CAB8,exact-ambiguous,1.000,tiny body placed (vote) ; ambiguous body {__aeabi_idiv0|__aeabi_ldiv0|__chibios_override_boardInit|__cpu_init|__late_init|__malloc_lock|__malloc_unlock|_fini|battery_stop|board_init|default_layer_debug|default_layer_state_set_user|dummy_cb|early_hardware_init_post|housekeeping_task_user|keyboard_post_init_user|keyboard_pre_init_user|layer_debug|layer_state_set_user|led_init_ports|led_set_user|led_update_ports|matrix_init_user|matrix_power_down|matrix_power_up|matrix_print|matrix_scan_user|matrix_setup|notify_usb_device_state_change_user|oneshot_layer_changed_user|oneshot_locked_mods_changed_user|oneshot_mods_changed_user|post_process_record_user|rgb_matrix_none_indicators_user|suspend_power_down_user|suspend_wakeup_init_user|via_init_kb|via_set_layout_options_kb|wireless_enter_bluetooth_pin_code_entry_kb|wireless_enter_connected_kb|wireless_enter_discoverable_kb|wireless_enter_reconnecting_kb|wireless_enter_sleep_kb|wireless_exit_bluetooth_pin_code_entry_kb|wireless_post_task} resolved by caller: bl from matrix_init_kb@0x0800CBD2+0x2 ; same body also matches: __aeabi_idiv0|__aeabi_ldiv0|__chibios_override_boardInit|__cpu_init|__late_init|__malloc_lock|__malloc_unlock|_fini|battery_stop|board_init|default_layer_debug|default_layer_state_set_user|dummy_cb|early_hardware_init_post|housekeeping_task_user|keyboard_post_init_user|keyboard_pre_init_user|layer_debug|layer_state_set_user|led_init_ports|led_set_user|led_update_ports|matrix_power_down|matrix_power_up|matrix_print|matrix_scan_user|matrix_setup|notify_usb_device_state_change_user|oneshot_layer_changed_user|oneshot_locked_mods_changed_user|oneshot_mods_changed_user|post_process_record_user|rgb_matrix_none_indicators_user|suspend_power_down_user|suspend_wakeup_init_user|via_init_kb|via_set_layout_options_kb|wireless_enter_bluetooth_pin_code_entry_kb|wireless_enter_connected_kb|wireless_enter_discoverable_kb|wireless_enter_reconnecting_kb|wireless_enter_sleep_kb|wireless_exit_bluetooth_pin_code_entry_kb|wireless_post_task ; xrefs: matrix_init_kb@0x0800CBD2(bl)
0x0800CBD2,8,matrix_init_kb,ref1011_via,0x0800CABA,exact-ambiguous,1.000,ambiguous body {bootmagic|default_layer_state_set_kb|dip_switch_update_mask_kb|host_keyboard_led_state|keyboard_pre_init_kb|layer_state_set_kb|matrix_init_kb|matrix_output_unselect_delay|matrix_scan_kb|notify_usb_device_state_change_kb|oneshot_layer_changed_kb|oneshot_locked_mods_changed_kb|oneshot_mods_changed_kb|post_process_record_kb|pre_process_record_kb|rgb_matrix_indicators_advanced_kb|should_process_keypress|shutdown_kb|suspend_power_down_kb|suspend_wakeup_init_kb} resolved by caller: b.w from matrix_init@0x0800CD20+0x24 ; same body also matches: bootmagic|default_layer_state_set_kb|dip_switch_update_mask_kb|host_keyboard_led_state|keyboard_pre_init_kb|layer_state_set_kb|matrix_output_unselect_delay|matrix_scan_kb|notify_usb_device_state_change_kb|oneshot_layer_changed_kb|oneshot_locked_mods_changed_kb|oneshot_mods_changed_kb|post_process_record_kb|pre_process_record_kb|rgb_matrix_indicators_advanced_kb|should_process_keypress|shutdown_kb|suspend_power_down_kb|suspend_wakeup_init_kb ; xrefs: matrix_init@0x0800CD20(b)
0x0800CBDA,2,matrix_scan_user,ref1011_via,0x0800CAC2,exact-ambiguous,1.000,tiny body placed (adjacent-both) ; ambiguous body {__aeabi_idiv0|__aeabi_ldiv0|__chibios_override_boardInit|__cpu_init|__late_init|__malloc_lock|__malloc_unlock|_fini|battery_stop|board_init|default_layer_debug|default_layer_state_set_user|dummy_cb|early_hardware_init_post|housekeeping_task_user|keyboard_post_init_user|keyboard_pre_init_user|layer_debug|layer_state_set_user|led_init_ports|led_set_user|led_update_ports|matrix_init_user|matrix_power_down|matrix_power_up|matrix_print|matrix_scan_user|matrix_setup|notify_usb_device_state_change_user|oneshot_layer_changed_user|oneshot_locked_mods_changed_user|oneshot_mods_changed_user|post_process_record_user|rgb_matrix_none_indicators_user|suspend_power_down_user|suspend_wakeup_init_user|via_init_kb|via_set_layout_options_kb|wireless_enter_bluetooth_pin_code_entry_kb|wireless_enter_connected_kb|wireless_enter_discoverable_kb|wireless_enter_reconnecting_kb|wireless_enter_sleep_kb|wireless_exit_bluetooth_pin_code_entry_kb|wireless_post_task} resolved by caller: bl from matrix_scan_kb@0x0800CBDC+0x2 ; same body also matches: __aeabi_idiv0|__aeabi_ldiv0|__chibios_override_boardInit|__cpu_init|__late_init|__malloc_lock|__malloc_unlock|_fini|battery_stop|board_init|default_layer_debug|default_layer_state_set_user|dummy_cb|early_hardware_init_post|housekeeping_task_user|keyboard_post_init_user|keyboard_pre_init_user|layer_debug|layer_state_set_user|led_init_ports|led_set_user|led_update_ports|matrix_init_user|matrix_power_down|matrix_power_up|matrix_print|matrix_setup|notify_usb_device_state_change_user|oneshot_layer_changed_user|oneshot_locked_mods_changed_user|oneshot_mods_changed_user|post_process_record_user|rgb_matrix_none_indicators_user|suspend_power_down_user|suspend_wakeup_init_user|via_init_kb|via_set_layout_options_kb|wireless_enter_bluetooth_pin_code_entry_kb|wireless_enter_connected_kb|wireless_enter_discoverable_kb|wireless_enter_reconnecting_kb|wireless_enter_sleep_kb|wireless_exit_bluetooth_pin_code_entry_kb|wireless_post_task ; xrefs: matrix_scan_kb@0x0800CBDC(bl)
0x0800CBDC,8,matrix_scan_kb,ref1011_via,0x0800CAC4,exact-ambiguous,1.000,ambiguous body {bootmagic|default_layer_state_set_kb|dip_switch_update_mask_kb|host_keyboard_led_state|keyboard_pre_init_kb|layer_state_set_kb|matrix_init_kb|matrix_output_unselect_delay|matrix_scan_kb|notify_usb_device_state_change_kb|oneshot_layer_changed_kb|oneshot_locked_mods_changed_kb|oneshot_mods_changed_kb|post_process_record_kb|pre_process_record_kb|rgb_matrix_indicators_advanced_kb|should_process_keypress|shutdown_kb|suspend_power_down_kb|suspend_wakeup_init_kb} resolved by caller: bl(fuzzy-paired) from matrix_scan@0x0800CD50+0x58 ; same body also matches: bootmagic|default_layer_state_set_kb|dip_switch_update_mask_kb|host_keyboard_led_state|keyboard_pre_init_kb|layer_state_set_kb|matrix_init_kb|matrix_output_unselect_delay|notify_usb_device_state_change_kb|oneshot_layer_changed_kb|oneshot_locked_mods_changed_kb|oneshot_mods_changed_kb|post_process_record_kb|pre_process_record_kb|rgb_matrix_indicators_advanced_kb|should_process_keypress|shutdown_kb|suspend_power_down_kb|suspend_wakeup_init_kb ; xrefs: matrix_scan@0x0800CD50(bl~)
0x0800CBE4,12,matrix_get_row,ref1011_via,0x0800CACC,exact,1.000,xrefs: bootmagic_lite@0x0800CB5C(bl) suspend_wakeup_condition@0x08010C50(bl) raw_hid_receive@0x0801073E(bl~) keyboard_task@0x0800C678(bl~) ...
0x0800CBF0,2,matrix_print,ref1011_via,0x0800CAD8,exact-ambiguous,1.000,tiny body placed (adjacent-both) ; ambiguous body {__aeabi_idiv0|__aeabi_ldiv0|__chibios_override_boardInit|__cpu_init|__late_init|__malloc_lock|__malloc_unlock|_fini|battery_stop|board_init|default_layer_debug|default_layer_state_set_user|dummy_cb|early_hardware_init_post|housekeeping_task_user|keyboard_post_init_user|keyboard_pre_init_user|layer_debug|layer_state_set_user|led_init_ports|led_set_user|led_update_ports|matrix_init_user|matrix_power_down|matrix_power_up|matrix_print|matrix_scan_user|matrix_setup|notify_usb_device_state_change_user|oneshot_layer_changed_user|oneshot_locked_mods_changed_user|oneshot_mods_changed_user|post_process_record_user|rgb_matrix_none_indicators_user|suspend_power_down_user|suspend_wakeup_init_user|via_init_kb|via_set_layout_options_kb|wireless_enter_bluetooth_pin_code_entry_kb|wireless_enter_connected_kb|wireless_enter_discoverable_kb|wireless_enter_reconnecting_kb|wireless_enter_sleep_kb|wireless_exit_bluetooth_pin_code_entry_kb|wireless_post_task} resolved by caller: bl(fuzzy-paired) from keyboard_task@0x0800C678+0x58 ; same body also matches: __aeabi_idiv0|__aeabi_ldiv0|__chibios_override_boardInit|__cpu_init|__late_init|__malloc_lock|__malloc_unlock|_fini|battery_stop|board_init|default_layer_debug|default_layer_state_set_user|dummy_cb|early_hardware_init_post|housekeeping_task_user|keyboard_post_init_user|keyboard_pre_init_user|layer_debug|layer_state_set_user|led_init_ports|led_set_user|led_update_ports|matrix_init_user|matrix_power_down|matrix_power_up|matrix_scan_user|matrix_setup|notify_usb_device_state_change_user|oneshot_layer_changed_user|oneshot_locked_mods_changed_user|oneshot_mods_changed_user|post_process_record_user|rgb_matrix_none_indicators_user|suspend_power_down_user|suspend_wakeup_init_user|via_init_kb|via_set_layout_options_kb|wireless_enter_bluetooth_pin_code_entry_kb|wireless_enter_connected_kb|wireless_enter_discoverable_kb|wireless_enter_reconnecting_kb|wireless_enter_sleep_kb|wireless_exit_bluetooth_pin_code_entry_kb|wireless_post_task ; xrefs: keyboard_task@0x0800C678(bl~)
0x0800CBF2,8,matrix_io_delay,ref1011_via,0x0800CADA,exact,1.000,
0x0800CBFA,26,matrix_output_select_delay,ref1011_via,0x0800CAE2,exact,1.000,
0x0800CC14,8,bootmagic|default_layer_state_set_kb|dip_switch_update_mask_kb|host_keyboard_led_state|keyboard_pre_init_kb|layer_state_set_kb|matrix_init_kb|matrix_output_unselect_delay|matrix_scan_kb|notify_usb_device_state_change_kb|oneshot_layer_changed_kb|oneshot_locked_mods_changed_kb|oneshot_mods_changed_kb|post_process_record_kb|pre_process_record_kb|rgb_matrix_indicators_advanced_kb|should_process_keypress|shutdown_kb|suspend_power_down_kb|suspend_wakeup_init_kb,ref1011_via,0x0800B150,exact-ambiguous,1.000,identical body for: bootmagic|default_layer_state_set_kb|dip_switch_update_mask_kb|host_keyboard_led_state|keyboard_pre_init_kb|layer_state_set_kb|matrix_init_kb|matrix_output_unselect_delay|matrix_scan_kb|notify_usb_device_state_change_kb|oneshot_layer_changed_kb|oneshot_locked_mods_changed_kb|oneshot_mods_changed_kb|post_process_record_kb|pre_process_record_kb|rgb_matrix_indicators_advanced_kb|should_process_keypress|shutdown_kb|suspend_power_down_kb|suspend_wakeup_init_kb
0x0800CC1C,34,setPinInputHigh_atomic,ref1011_via,0x0800CB04,exact,1.000,xrefs: matrix_init_pins@0x0800CC40(bl) matrix_init_pins@0x0800CC40(bl)
0x0800CC40,60,matrix_init_pins,ref1011_via,0x0800CB28,exact,1.000,xrefs: matrix_init@0x0800CD20(bl)
0x0800CD20,48,matrix_init,ref1011_via,0x0800CC00,exact,1.000,xrefs: keyboard_init@0x0800C650(bl) lpm_task@0x0800A17C(bl~)
0x0800CD50,108,matrix_scan,ref1011_via,0x0800CC30,fuzzy-anchored,0.622,call-anchored: bl from bootmagic_lite@0x0800CB5C+0x2 ; xrefs: bootmagic_lite@0x0800CB5C(bl) bootmagic_lite@0x0800CB5C(bl) suspend_wakeup_condition@0x08010C50(bl) keyboard_task@0x0800C678(bl~)
0x0800CDE4,20,debounce_free,ref1011_via,0x0800CCCC,exact,1.000,xrefs: lpm_task@0x0800A17C(bl~)
0x0800CF3C,18,protocol_init,ref1011_via,0x0800CE14,exact-ambiguous,1.000,ambiguous body {protocol_init|protocol_task|quantum_init} resolved by caller: bl from main@0x0800CF60+0xE ; same body also matches: protocol_task|quantum_init ; xrefs: main@0x0800CF60(bl)
0x0800CF4E,18,protocol_task,ref1011_via,0x0800CE26,exact-ambiguous,1.000,ambiguous body {protocol_init|protocol_task|quantum_init} resolved by caller: bl from main@0x0800CF60+0x12 ; same body also matches: protocol_init|quantum_init ; xrefs: main@0x0800CF60(bl)
0x0800CF60,28,main,ref1011_via,0x0800CE38,exact,1.000,xrefs: endinitloop@0x080080C8(bl)
0x0800CF7C,30,eeprom_read_byte,ref1011_via,0x0800CE54,fuzzy-anchored,0.818,call-anchored: bl from eeprom_update_byte@0x0800D04C+0x6 ; xrefs: eeprom_update_byte@0x0800D04C(bl) via_get_layout_options@0x080105CA(bl) eeconfig_read_debug@0x0800C4A8(b) eeconfig_read_default_layer@0x0800C4AE(b) ...
0x0800CF9A,30,eeprom_read_word,ref1011_via,0x0800CE70,fuzzy-anchored,0.818,call-anchored: bl from eeconfig_is_enabled@0x0800C48C+0x4 ; xrefs: eeconfig_is_enabled@0x0800C48C(bl) eeprom_update_word@0x0800D068(bl) eeconfig_read_keymap@0x0800C4B4(b)
0x0800CFB8,26,eeprom_read_dword,ref1011_via,0x0800CE8C,fuzzy-anchored,0.818,call-anchored: bl from eeprom_update_dword@0x0800D084+0x6 ; xrefs: eeprom_update_dword@0x0800D084(bl)
0x0800CFD2,24,eeprom_write_byte,ref1011_via,0x0800CEA4,fuzzy-anchored,0.778,call-anchored: b.w from eeprom_update_byte@0x0800D04C+0x16 ; xrefs: eeprom_update_byte@0x0800D04C(b)
0x0800CFEA,24,eeprom_write_word,ref1011_via,0x0800CEBA,fuzzy-anchored,0.778,call-anchored: b.w from eeprom_update_word@0x0800D068+0x16 ; xrefs: eeprom_update_word@0x0800D068(b)
0x0800D002,22,eeprom_write_dword,ref1011_via,0x0800CED0,fuzzy-anchored,0.875,call-anchored: b.w from eeprom_update_dword@0x0800D084+0x16 ; xrefs: eeprom_update_dword@0x0800D084(b)
0x0800D018,52,eeprom_update_block,ref1011_via,0x0800CEE4,exact,1.000,xrefs: eeconfig_flush_rgb_matrix.part.0@0x0800DC04(bl)
0x0800D04C,28,eeprom_update_byte,ref1011_via,0x0800CF18,exact-ambiguous,1.000,ambiguous body {eeprom_update_byte|eeprom_update_dword|eeprom_update_word} resolved by caller: bl from dynamic_keymap_set_keycode@0x0800F8B6+0x18 ; same body also matches: eeprom_update_dword|eeprom_update_word ; xrefs: dynamic_keymap_set_keycode@0x0800F8B6(bl) dynamic_keymap_set_keycode@0x0800F8B6(b) dynamic_keymap_macro_reset@0x0800FAAC(bl) via_set_layout_options@0x080105D6(b) ...
0x0800D068,28,eeprom_update_word,ref1011_via,0x0800CF34,exact-ambiguous,1.000,ambiguous body {eeprom_update_byte|eeprom_update_dword|eeprom_update_word} resolved by caller: b.w from eeconfig_disable@0x0800C478+0x10 ; same body also matches: eeprom_update_byte|eeprom_update_dword ; xrefs: eeconfig_disable@0x0800C478(b) eeconfig_update_keymap@0x0800C4BA(b)
0x0800D084,28,eeprom_update_dword,ref1011_via,0x0800CF50,exact-ambiguous,1.000,ambiguous body {eeprom_update_byte|eeprom_update_dword|eeprom_update_word} resolved by caller: b.w from eeconfig_update_kb@0x0800C4C2+0x4 ; same body also matches: eeprom_update_byte|eeprom_update_word ; xrefs: eeconfig_update_kb@0x0800C4C2(b) eeconfig_update_user@0x0800C4CA(b)
0x0800D0A8,10,eeprom_read_block,ref1011_via,0x0800CF74,exact-ambiguous,1.000,ambiguous body {eeprom_read_block|eeprom_write_block} resolved by caller: bl from eeprom_update_block@0x0800D018+0x16 ; same body also matches: eeprom_write_block ; xrefs: eeprom_update_block@0x0800D018(bl) eeconfig_init_rgb_matrix@0x0800DAEC(bl) eeprom_read_byte@0x0800CF7C(bl~) eeprom_read_word@0x0800CF9A(bl~) ...
0x0800D0B2,10,eeprom_write_block,ref1011_via,0x0800CF7E,exact-ambiguous,1.000,ambiguous body {eeprom_read_block|eeprom_write_block} resolved by caller: bl from eeprom_update_block@0x0800D018+0x2C ; same body also matches: eeprom_read_block ; xrefs: eeprom_update_block@0x0800D018(bl) eeprom_write_dword@0x0800D002(bl~) eeprom_write_byte@0x0800CFD2(bl~) eeprom_write_word@0x0800CFEA(bl~)
0x0800D0BC,32,wear_leveling_clear_cache,ref1011_via,0x0800CF88,fuzzy-anchored,0.818,call-anchored: bl from wear_leveling_erase@0x0800D120+0x18 ; xrefs: wear_leveling_erase@0x0800D120(bl)
0x0800D0DC,32,wear_leveling_unlock,ref1011_via,0x0800CFA8,exact,1.000,xrefs: wear_leveling_erase@0x0800D120(bl) wear_leveling_consolidate_force@0x0800D1C8(bl~)
0x0800D0FC,36,wear_leveling_lock,ref1011_via,0x0800CFC8,exact,1.000,xrefs: wear_leveling_erase@0x0800D120(bl) wear_leveling_erase@0x0800D120(bl) wear_leveling_consolidate_force@0x0800D1C8(bl~)
0x0800D120,50,wear_leveling_erase,ref1011_via,0x0800CFEC,exact,1.000,
0x0800D154,36,wear_leveling_read,ref1011_via,0x0800D020,fuzzy-anchored,0.800,call-anchored: b.w from eeprom_read_block@0x0800D0A8+0x6 ; xrefs: eeprom_read_block@0x0800D0A8(b)
0x0800D178,38,backing_store_read_bulk,ref1011_via,0x0800D044,exact,1.000,
0x0800D19E,38,backing_store_write_bulk,ref1011_via,0x0800D06A,exact,1.000,xrefs: wear_leveling_consolidate_force@0x0800D1C8(bl~) wear_leveling_consolidate_force@0x0800D1C8(bl~)
0x0800D1C8,116,wear_leveling_consolidate_force,ref1011_via,0x0800D090,fuzzy-anchored,0.723,call-anchored: b.w from wear_leveling_consolidate_if_needed@0x0800D23C+0xC ; xrefs: wear_leveling_consolidate_if_needed@0x0800D23C(b)
0x0800D23C,24,wear_leveling_consolidate_if_needed,ref1011_via,0x0800D0FC,exact,1.000,xrefs: wear_leveling_append_raw@0x0800D254(b)
0x0800D254,40,wear_leveling_append_raw,ref1011_via,0x0800D114,exact,1.000,
0x0800D27C,212,wear_leveling_write,ref1011_via,0x0800D13C,fuzzy-anchored,0.675,call-anchored: b.w from eeprom_write_block@0x0800D0B2+0x6 ; xrefs: eeprom_write_block@0x0800D0B2(b)
0x0800D44C,24,backing_store_unlock,ref1011_via,0x0800D304,exact,1.000,xrefs: wear_leveling_unlock@0x0800D0DC(bl)
0x0800D4A4,48,backing_store_write,ref1011_via,0x0800D368,fuzzy-anchored,0.600,call-anchored: bl from wear_leveling_append_raw@0x0800D254+0xA ; xrefs: wear_leveling_append_raw@0x0800D254(bl) backing_store_write_bulk@0x0800D19E(bl)
0x0800D4D4,16,backing_store_lock,ref1011_via,0x0800D394,exact,1.000,xrefs: wear_leveling_lock@0x0800D0FC(bl)
0x0800D56C,68,backing_store_read,ref1011_via,0x0800D43C,fuzzy-anchored,0.806,call-anchored: bl from backing_store_read_bulk@0x0800D178+0x1A ; xrefs: backing_store_read_bulk@0x0800D178(bl)
0x0800D5B0,218,hsv_to_rgb_impl,ref1011_via,0x0800D480,fuzzy-anchored,0.689,call-anchored: b.w from hsv_to_rgb@0x0800D690+0x6 ; xrefs: hsv_to_rgb@0x0800D690(b)
0x0800D690,10,hsv_to_rgb,ref1011_via,0x0800D544,exact,1.000,xrefs: rgb_matrix_hsv_to_rgb@0x0800DC20(b)
0x0800D74C,38,CYCLE_ALL_math,ref1011_via,0x0800D600,exact,1.000,
0x0800D838,50,CYCLE_OUT_IN_math,ref1011_via,0x0800D6E8,exact,1.000,
0x0800D904,80,RAINBOW_BEACON_math,ref1011_via,0x0800D7B8,fuzzy,0.912,
0x0800D954,52,SOLID_REACTIVE_SIMPLE_math,ref1011_via,0x0800D808,exact,1.000,
0x0800D988,72,SOLID_REACTIVE_WIDE_math,ref1011_via,0x0800D83C,exact,1.000,
0x0800D9D0,120,SOLID_REACTIVE_NEXUS_math,ref1011_via,0x0800D884,exact,1.000,
0x0800DA48,76,SPLASH_math,ref1011_via,0x0800D8FC,fuzzy,0.873,
0x0800DA94,2,__aeabi_idiv0|__aeabi_ldiv0|__chibios_override_boardInit|__cpu_init|__late_init|__malloc_lock|__malloc_unlock|_fini|battery_stop|board_init|default_layer_debug|default_layer_state_set_user|dummy_cb|early_hardware_init_post|housekeeping_task_user|keyboard_post_init_user|keyboard_pre_init_user|layer_debug|layer_state_set_user|led_init_ports|led_set_user|led_update_ports|matrix_init_user|matrix_power_down|matrix_power_up|matrix_print|matrix_scan_user|matrix_setup|notify_usb_device_state_change_user|oneshot_layer_changed_user|oneshot_locked_mods_changed_user|oneshot_mods_changed_user|post_process_record_user|rgb_matrix_none_indicators_user|suspend_power_down_user|suspend_wakeup_init_user|via_init_kb|via_set_layout_options_kb|wireless_enter_bluetooth_pin_code_entry_kb|wireless_enter_connected_kb|wireless_enter_discoverable_kb|wireless_enter_reconnecting_kb|wireless_enter_sleep_kb|wireless_exit_bluetooth_pin_code_entry_kb|wireless_post_task,ref1011_via,0x08008434,exact-ambiguous,1.000,tiny body placed (adjacent) ; identical body for: __aeabi_idiv0|__aeabi_ldiv0|__chibios_override_boardInit|__cpu_init|__late_init|__malloc_lock|__malloc_unlock|_fini|battery_stop|board_init|default_layer_debug|default_layer_state_set_user|dummy_cb|early_hardware_init_post|housekeeping_task_user|keyboard_post_init_user|keyboard_pre_init_user|layer_debug|layer_state_set_user|led_init_ports|led_set_user|led_update_ports|matrix_init_user|matrix_power_down|matrix_power_up|matrix_print|matrix_scan_user|matrix_setup|notify_usb_device_state_change_user|oneshot_layer_changed_user|oneshot_locked_mods_changed_user|oneshot_mods_changed_user|post_process_record_user|rgb_matrix_none_indicators_user|suspend_power_down_user|suspend_wakeup_init_user|via_init_kb|via_set_layout_options_kb|wireless_enter_bluetooth_pin_code_entry_kb|wireless_enter_connected_kb|wireless_enter_discoverable_kb|wireless_enter_reconnecting_kb|wireless_enter_sleep_kb|wireless_exit_bluetooth_pin_code_entry_kb|wireless_post_task
0x0800DA96,68,SOLID_SPLASH_math,ref1011_via,0x0800D948,exact,1.000,
0x0800DADC,16,eeconfig_flag_rgb_matrix,ref1011_via,0x0800D98C,exact-ambiguous,1.000,ambiguous body {add_mods|add_weak_mods|eeconfig_flag_rgb_matrix} resolved by caller: bl from rgb_matrix_toggle_eeprom_helper@0x0800EDD8+0x14 ; same body also matches: add_mods|add_weak_mods ; xrefs: rgb_matrix_toggle_eeprom_helper@0x0800EDD8(bl) rgb_matrix_enable@0x0800EE50(bl) rgb_matrix_increase_speed_helper@0x0800EED8(b) rgb_matrix_decrease_speed_helper@0x0800EEF8(b) ...
0x0800DAEC,32,eeconfig_init_rgb_matrix,ref1011_via,0x0800D99C,exact,1.000,xrefs: rgb_matrix_init@0x0800EB90(bl~)
0x0800DB58,70,BAND_SPIRAL_VAL_math,ref1011_via,0x0800DA06,fuzzy,0.857,
0x0800DB9E,48,CYCLE_PINWHEEL_math,ref1011_via,0x0800DA4A,exact,1.000,
0x0800DBCE,54,CYCLE_SPIRAL_math,ref1011_via,0x0800DA7A,fuzzy,0.919,
0x0800DC04,28,eeconfig_flush_rgb_matrix.part.0,ref1011_via,0x0800DAB0,exact,1.000,xrefs: eeconfig_update_rgb_matrix_default@0x0800DD0C(b) rgb_matrix_task@0x0800EFD4(bl~)
0x0800DC20,8,rgb_matrix_hsv_to_rgb,ref1011_via,0x0800DACC,exact,1.000,
0x0800DD06,6,eeconfig_init_user|encoder0_pad_cb|layer_clear|oneshot_disable|quantum_task|rgb_matrix_toggle_noeeprom,ref1011_via,0x0800AA62,exact-ambiguous,1.000,tiny body placed (adjacent) ; identical body for: eeconfig_init_user|encoder0_pad_cb|layer_clear|oneshot_disable|quantum_task|rgb_matrix_toggle_noeeprom
0x0800DD0C,44,eeconfig_update_rgb_matrix_default,ref1011_via,0x0800DBB8,exact,1.000,xrefs: rgb_matrix_init@0x0800EB90(bl~)
0x0800DD38,4,rgb_matrix_map_row_column_to_led_kb,ref1011_via,0x0800DBE4,exact-ambiguous,1.000,tiny body placed (adjacent) ; ambiguous body {_close_r|_lseek_r|null_sendchar_func|rgb_matrix_map_row_column_to_led_kb|sendchar} resolved by caller: bl(fuzzy-paired) from rgb_matrix_map_row_column_to_led@0x0800DD3C+0x8 ; same body also matches: _close_r|_lseek_r|null_sendchar_func|sendchar ; xrefs: rgb_matrix_map_row_column_to_led@0x0800DD3C(bl~)
0x0800DD3C,40,rgb_matrix_map_row_column_to_led,ref1011_via,0x0800DBE8,fuzzy,1.000,xrefs: DIGITAL_RAIN@0x0800DDE8(bl~)
0x0800DD64,12,rgb_matrix_update_pwm_buffers,ref1011_via,0x0800DC10,exact,1.000,xrefs: rgb_task_flush@0x0800EF84(bl~)
0x0800DD70,20,rgb_matrix_set_color,ref1011_via,0x0800DC1C,fuzzy-anchored,0.571,call-anchored: bl from bat_level_animiation_indicate@0x0800A6BC+0x1A ; xrefs: bat_level_animiation_indicate@0x0800A6BC(bl) bat_level_animiation_indicate@0x0800A6BC(bl) os_state_indicate@0x08009824(b) DIGITAL_RAIN@0x0800DDE8(bl~)
0x0800DDDC,12,rgb_matrix_set_color_all,ref1011_via,0x0800DC84,exact,1.000,xrefs: led_update_kb@0x08009CB4(bl) factory_test_indicator@0x0800ADD4(bl~) DIGITAL_RAIN@0x0800DDE8(bl~)
0x0800DDE8,364,DIGITAL_RAIN,ref1011_via,0x0800DC90,fuzzy,0.864,
0x0800E05E,4,_close_r|_lseek_r|null_sendchar_func|rgb_matrix_map_row_column_to_led_kb|sendchar,ref1011_via,0x0800CA2C,exact-ambiguous,1.000,tiny body placed (adjacent) ; identical body for: _close_r|_lseek_r|null_sendchar_func|rgb_matrix_map_row_column_to_led_kb|sendchar
0x0800E062,12,boardInit|housekeeping_task|led_wakeup|rgb_matrix_none_indicators,ref1011_via,0x0800B34C,exact-ambiguous,1.000,identical body for: boardInit|housekeeping_task|led_wakeup|rgb_matrix_none_indicators
0x0800E06E,4,_getpid|_isatty_r|dip_switch_update_mask_user|is_keyboard_master|led_update_user|matrix_can_read|pre_process_record_user|process_action_kb|process_record_keychron_kb|rgb_matrix_indicators_advanced_user|rgb_matrix_indicators_user|shutdown_user,ref1011_via,0x0800A9EC,exact-ambiguous,1.000,tiny body placed (adjacent) ; identical body for: _getpid|_isatty_r|dip_switch_update_mask_user|is_keyboard_master|led_update_user|matrix_can_read|pre_process_record_user|process_action_kb|process_record_keychron_kb|rgb_matrix_indicators_advanced_user|rgb_matrix_indicators_user|shutdown_user
0x0800E178,12,BAND_SPIRAL_VAL|CYCLE_ALL|CYCLE_LEFT_RIGHT|CYCLE_OUT_IN|CYCLE_OUT_IN_DUAL|CYCLE_PINWHEEL|CYCLE_SPIRAL|CYCLE_UP_DOWN|DUAL_BEACON|RAINBOW_BEACON|RAINBOW_MOVING_CHEVRON|SOLID_REACTIVE_SIMPLE,ref1011_via,0x0800E038,exact-ambiguous,1.000,identical body for: BAND_SPIRAL_VAL|CYCLE_ALL|CYCLE_LEFT_RIGHT|CYCLE_OUT_IN|CYCLE_OUT_IN_DUAL|CYCLE_PINWHEEL|CYCLE_SPIRAL|CYCLE_UP_DOWN|DUAL_BEACON|RAINBOW_BEACON|RAINBOW_MOVING_CHEVRON|SOLID_REACTIVE_SIMPLE
0x0800E184,12,BAND_SPIRAL_VAL|CYCLE_ALL|CYCLE_LEFT_RIGHT|CYCLE_OUT_IN|CYCLE_OUT_IN_DUAL|CYCLE_PINWHEEL|CYCLE_SPIRAL|CYCLE_UP_DOWN|DUAL_BEACON|RAINBOW_BEACON|RAINBOW_MOVING_CHEVRON|SOLID_REACTIVE_SIMPLE,ref1011_via,0x0800E038,exact-ambiguous,1.000,identical body for: BAND_SPIRAL_VAL|CYCLE_ALL|CYCLE_LEFT_RIGHT|CYCLE_OUT_IN|CYCLE_OUT_IN_DUAL|CYCLE_PINWHEEL|CYCLE_SPIRAL|CYCLE_UP_DOWN|DUAL_BEACON|RAINBOW_BEACON|RAINBOW_MOVING_CHEVRON|SOLID_REACTIVE_SIMPLE
0x0800E190,12,BAND_SPIRAL_VAL|CYCLE_ALL|CYCLE_LEFT_RIGHT|CYCLE_OUT_IN|CYCLE_OUT_IN_DUAL|CYCLE_PINWHEEL|CYCLE_SPIRAL|CYCLE_UP_DOWN|DUAL_BEACON|RAINBOW_BEACON|RAINBOW_MOVING_CHEVRON|SOLID_REACTIVE_SIMPLE,ref1011_via,0x0800E038,exact-ambiguous,1.000,identical body for: BAND_SPIRAL_VAL|CYCLE_ALL|CYCLE_LEFT_RIGHT|CYCLE_OUT_IN|CYCLE_OUT_IN_DUAL|CYCLE_PINWHEEL|CYCLE_SPIRAL|CYCLE_UP_DOWN|DUAL_BEACON|RAINBOW_BEACON|RAINBOW_MOVING_CHEVRON|SOLID_REACTIVE_SIMPLE
0x0800E254,12,BAND_SPIRAL_VAL|CYCLE_ALL|CYCLE_LEFT_RIGHT|CYCLE_OUT_IN|CYCLE_OUT_IN_DUAL|CYCLE_PINWHEEL|CYCLE_SPIRAL|CYCLE_UP_DOWN|DUAL_BEACON|RAINBOW_BEACON|RAINBOW_MOVING_CHEVRON|SOLID_REACTIVE_SIMPLE,ref1011_via,0x0800E038,exact-ambiguous,1.000,identical body for: BAND_SPIRAL_VAL|CYCLE_ALL|CYCLE_LEFT_RIGHT|CYCLE_OUT_IN|CYCLE_OUT_IN_DUAL|CYCLE_PINWHEEL|CYCLE_SPIRAL|CYCLE_UP_DOWN|DUAL_BEACON|RAINBOW_BEACON|RAINBOW_MOVING_CHEVRON|SOLID_REACTIVE_SIMPLE
0x0800E260,12,BAND_SPIRAL_VAL|CYCLE_ALL|CYCLE_LEFT_RIGHT|CYCLE_OUT_IN|CYCLE_OUT_IN_DUAL|CYCLE_PINWHEEL|CYCLE_SPIRAL|CYCLE_UP_DOWN|DUAL_BEACON|RAINBOW_BEACON|RAINBOW_MOVING_CHEVRON|SOLID_REACTIVE_SIMPLE,ref1011_via,0x0800E038,exact-ambiguous,1.000,identical body for: BAND_SPIRAL_VAL|CYCLE_ALL|CYCLE_LEFT_RIGHT|CYCLE_OUT_IN|CYCLE_OUT_IN_DUAL|CYCLE_PINWHEEL|CYCLE_SPIRAL|CYCLE_UP_DOWN|DUAL_BEACON|RAINBOW_BEACON|RAINBOW_MOVING_CHEVRON|SOLID_REACTIVE_SIMPLE
0x0800E304,12,BAND_SPIRAL_VAL|CYCLE_ALL|CYCLE_LEFT_RIGHT|CYCLE_OUT_IN|CYCLE_OUT_IN_DUAL|CYCLE_PINWHEEL|CYCLE_SPIRAL|CYCLE_UP_DOWN|DUAL_BEACON|RAINBOW_BEACON|RAINBOW_MOVING_CHEVRON|SOLID_REACTIVE_SIMPLE,ref1011_via,0x0800E038,exact-ambiguous,1.000,identical body for: BAND_SPIRAL_VAL|CYCLE_ALL|CYCLE_LEFT_RIGHT|CYCLE_OUT_IN|CYCLE_OUT_IN_DUAL|CYCLE_PINWHEEL|CYCLE_SPIRAL|CYCLE_UP_DOWN|DUAL_BEACON|RAINBOW_BEACON|RAINBOW_MOVING_CHEVRON|SOLID_REACTIVE_SIMPLE
0x0800E310,12,BAND_SPIRAL_VAL|CYCLE_ALL|CYCLE_LEFT_RIGHT|CYCLE_OUT_IN|CYCLE_OUT_IN_DUAL|CYCLE_PINWHEEL|CYCLE_SPIRAL|CYCLE_UP_DOWN|DUAL_BEACON|RAINBOW_BEACON|RAINBOW_MOVING_CHEVRON|SOLID_REACTIVE_SIMPLE,ref1011_via,0x0800E038,exact-ambiguous,1.000,identical body for: BAND_SPIRAL_VAL|CYCLE_ALL|CYCLE_LEFT_RIGHT|CYCLE_OUT_IN|CYCLE_OUT_IN_DUAL|CYCLE_PINWHEEL|CYCLE_SPIRAL|CYCLE_UP_DOWN|DUAL_BEACON|RAINBOW_BEACON|RAINBOW_MOVING_CHEVRON|SOLID_REACTIVE_SIMPLE
0x0800E31C,12,BAND_SPIRAL_VAL|CYCLE_ALL|CYCLE_LEFT_RIGHT|CYCLE_OUT_IN|CYCLE_OUT_IN_DUAL|CYCLE_PINWHEEL|CYCLE_SPIRAL|CYCLE_UP_DOWN|DUAL_BEACON|RAINBOW_BEACON|RAINBOW_MOVING_CHEVRON|SOLID_REACTIVE_SIMPLE,ref1011_via,0x0800E038,exact-ambiguous,1.000,identical body for: BAND_SPIRAL_VAL|CYCLE_ALL|CYCLE_LEFT_RIGHT|CYCLE_OUT_IN|CYCLE_OUT_IN_DUAL|CYCLE_PINWHEEL|CYCLE_SPIRAL|CYCLE_UP_DOWN|DUAL_BEACON|RAINBOW_BEACON|RAINBOW_MOVING_CHEVRON|SOLID_REACTIVE_SIMPLE
0x0800E328,12,BAND_SPIRAL_VAL|CYCLE_ALL|CYCLE_LEFT_RIGHT|CYCLE_OUT_IN|CYCLE_OUT_IN_DUAL|CYCLE_PINWHEEL|CYCLE_SPIRAL|CYCLE_UP_DOWN|DUAL_BEACON|RAINBOW_BEACON|RAINBOW_MOVING_CHEVRON|SOLID_REACTIVE_SIMPLE,ref1011_via,0x0800E038,exact-ambiguous,1.000,identical body for: BAND_SPIRAL_VAL|CYCLE_ALL|CYCLE_LEFT_RIGHT|CYCLE_OUT_IN|CYCLE_OUT_IN_DUAL|CYCLE_PINWHEEL|CYCLE_SPIRAL|CYCLE_UP_DOWN|DUAL_BEACON|RAINBOW_BEACON|RAINBOW_MOVING_CHEVRON|SOLID_REACTIVE_SIMPLE
0x0800E400,12,BAND_SPIRAL_VAL|CYCLE_ALL|CYCLE_LEFT_RIGHT|CYCLE_OUT_IN|CYCLE_OUT_IN_DUAL|CYCLE_PINWHEEL|CYCLE_SPIRAL|CYCLE_UP_DOWN|DUAL_BEACON|RAINBOW_BEACON|RAINBOW_MOVING_CHEVRON|SOLID_REACTIVE_SIMPLE,ref1011_via,0x0800E038,exact-ambiguous,1.000,identical body for: BAND_SPIRAL_VAL|CYCLE_ALL|CYCLE_LEFT_RIGHT|CYCLE_OUT_IN|CYCLE_OUT_IN_DUAL|CYCLE_PINWHEEL|CYCLE_SPIRAL|CYCLE_UP_DOWN|DUAL_BEACON|RAINBOW_BEACON|RAINBOW_MOVING_CHEVRON|SOLID_REACTIVE_SIMPLE
0x0800E40C,12,BAND_SPIRAL_VAL|CYCLE_ALL|CYCLE_LEFT_RIGHT|CYCLE_OUT_IN|CYCLE_OUT_IN_DUAL|CYCLE_PINWHEEL|CYCLE_SPIRAL|CYCLE_UP_DOWN|DUAL_BEACON|RAINBOW_BEACON|RAINBOW_MOVING_CHEVRON|SOLID_REACTIVE_SIMPLE,ref1011_via,0x0800E038,exact-ambiguous,1.000,identical body for: BAND_SPIRAL_VAL|CYCLE_ALL|CYCLE_LEFT_RIGHT|CYCLE_OUT_IN|CYCLE_OUT_IN_DUAL|CYCLE_PINWHEEL|CYCLE_SPIRAL|CYCLE_UP_DOWN|DUAL_BEACON|RAINBOW_BEACON|RAINBOW_MOVING_CHEVRON|SOLID_REACTIVE_SIMPLE
0x0800E4F8,12,BAND_SPIRAL_VAL|CYCLE_ALL|CYCLE_LEFT_RIGHT|CYCLE_OUT_IN|CYCLE_OUT_IN_DUAL|CYCLE_PINWHEEL|CYCLE_SPIRAL|CYCLE_UP_DOWN|DUAL_BEACON|RAINBOW_BEACON|RAINBOW_MOVING_CHEVRON|SOLID_REACTIVE_SIMPLE,ref1011_via,0x0800E038,exact-ambiguous,1.000,identical body for: BAND_SPIRAL_VAL|CYCLE_ALL|CYCLE_LEFT_RIGHT|CYCLE_OUT_IN|CYCLE_OUT_IN_DUAL|CYCLE_PINWHEEL|CYCLE_SPIRAL|CYCLE_UP_DOWN|DUAL_BEACON|RAINBOW_BEACON|RAINBOW_MOVING_CHEVRON|SOLID_REACTIVE_SIMPLE
0x0800E63C,16,SOLID_REACTIVE_MULTINEXUS|SOLID_REACTIVE_MULTIWIDE,ref1011_via,0x0800E544,exact-ambiguous,1.000,identical body for: SOLID_REACTIVE_MULTINEXUS|SOLID_REACTIVE_MULTIWIDE
0x0800E64C,16,SOLID_REACTIVE_MULTINEXUS|SOLID_REACTIVE_MULTIWIDE,ref1011_via,0x0800E544,exact-ambiguous,1.000,identical body for: SOLID_REACTIVE_MULTINEXUS|SOLID_REACTIVE_MULTIWIDE
0x0800E65C,28,SOLID_SPLASH|SPLASH,ref1011_via,0x0800E564,exact-ambiguous,1.000,identical body for: SOLID_SPLASH|SPLASH
0x0800E678,28,SOLID_SPLASH|SPLASH,ref1011_via,0x0800E564,exact-ambiguous,1.000,identical body for: SOLID_SPLASH|SPLASH
0x0800E7BC,120,JELLYBEAN_RAINDROPS,ref1011_via,0x0800E6CC,fuzzy,0.909,
0x0800EB68,4,_getpid|_isatty_r|dip_switch_update_mask_user|is_keyboard_master|led_update_user|matrix_can_read|pre_process_record_user|process_action_kb|process_record_keychron_kb|rgb_matrix_indicators_advanced_user|rgb_matrix_indicators_user|shutdown_user,ref1011_via,0x0800A9EC,exact-ambiguous,1.000,tiny body placed (adjacent) ; identical body for: _getpid|_isatty_r|dip_switch_update_mask_user|is_keyboard_master|led_update_user|matrix_can_read|pre_process_record_user|process_action_kb|process_record_keychron_kb|rgb_matrix_indicators_advanced_user|rgb_matrix_indicators_user|shutdown_user
0x0800EB6C,8,bootmagic|default_layer_state_set_kb|dip_switch_update_mask_kb|host_keyboard_led_state|keyboard_pre_init_kb|layer_state_set_kb|matrix_init_kb|matrix_output_unselect_delay|matrix_scan_kb|notify_usb_device_state_change_kb|oneshot_layer_changed_kb|oneshot_locked_mods_changed_kb|oneshot_mods_changed_kb|post_process_record_kb|pre_process_record_kb|rgb_matrix_indicators_advanced_kb|should_process_keypress|shutdown_kb|suspend_power_down_kb|suspend_wakeup_init_kb,ref1011_via,0x0800B150,exact-ambiguous,1.000,identical body for: bootmagic|default_layer_state_set_kb|dip_switch_update_mask_kb|host_keyboard_led_state|keyboard_pre_init_kb|layer_state_set_kb|matrix_init_kb|matrix_output_unselect_delay|matrix_scan_kb|notify_usb_device_state_change_kb|oneshot_layer_changed_kb|oneshot_locked_mods_changed_kb|oneshot_mods_changed_kb|post_process_record_kb|pre_process_record_kb|rgb_matrix_indicators_advanced_kb|should_process_keypress|shutdown_kb|suspend_power_down_kb|suspend_wakeup_init_kb
0x0800EB90,100,rgb_matrix_init,ref1011_via,0x0800EAB4,fuzzy-anchored,0.842,call-anchored: b.w from quantum_init@0x0800C63E+0xE ; xrefs: quantum_init@0x0800C63E(b) factory_test_task@0x0800AE40(bl~)
0x0800EBF4,32,rgb_matrix_disable_noeeprom,ref1011_via,0x0800EB18,fuzzy-anchored,0.923,call-anchored: b.w from indicator_stop@0x08009754+0x1E ; xrefs: indicator_stop@0x08009754(b)
0x0800EC14,16,rgb_matrix_is_enabled,ref1011_via,0x0800EB38,exact,1.000,xrefs: bat_level_animiation_update@0x0800A738(bl) led_update_kb@0x08009CB4(bl) led_update_kb@0x08009CB4(bl) via_qmk_rgb_matrix_get_value@0x08010650(bl) ...
0x0800EC9C,32,rgb_matrix_step_reverse_helper,ref1011_via,0x0800EBCC,exact,1.000,
0x0800ECBC,6,oneshot_enable|rgb_matrix_decrease_hue|rgb_matrix_decrease_sat|rgb_matrix_decrease_speed|rgb_matrix_decrease_val|rgb_matrix_increase_hue|rgb_matrix_increase_sat|rgb_matrix_increase_speed|rgb_matrix_increase_val|rgb_matrix_step|rgb_matrix_step_reverse|rgb_matrix_toggle,ref1011_via,0x0800C360,exact-ambiguous,1.000,tiny body placed (adjacent) ; identical body for: oneshot_enable|rgb_matrix_decrease_hue|rgb_matrix_decrease_sat|rgb_matrix_decrease_speed|rgb_matrix_decrease_val|rgb_matrix_increase_hue|rgb_matrix_increase_sat|rgb_matrix_increase_speed|rgb_matrix_increase_val|rgb_matrix_step|rgb_matrix_step_reverse|rgb_matrix_toggle
0x0800ECC4,36,rgb_matrix_sethsv_eeprom_helper,ref1011_via,0x0800EBF4,fuzzy-anchored,0.774,call-anchored: bl from rgb_matrix_decrease_val_helper@0x0800EE7C+0x16 ; xrefs: rgb_matrix_decrease_val_helper@0x0800EE7C(bl) rgb_matrix_increase_hue_helper@0x0800ED14(b)
0x0800ECF0,12,rgb_matrix_get_hue,ref1011_via,0x0800EC1C,exact,1.000,xrefs: via_qmk_rgb_matrix_get_value@0x08010650(bl)
0x0800ECFC,12,rgb_matrix_get_sat,ref1011_via,0x0800EC28,exact,1.000,xrefs: via_qmk_rgb_matrix_get_value@0x08010650(bl)
0x0800ED08,12,rgb_matrix_get_val,ref1011_via,0x0800EC34,exact,1.000,xrefs: via_qmk_rgb_matrix_get_value@0x08010650(bl)
0x0800ED14,20,rgb_matrix_increase_hue_helper,ref1011_via,0x0800EC40,exact,1.000,
0x0800ED28,6,oneshot_enable|rgb_matrix_decrease_hue|rgb_matrix_decrease_sat|rgb_matrix_decrease_speed|rgb_matrix_decrease_val|rgb_matrix_increase_hue|rgb_matrix_increase_sat|rgb_matrix_increase_speed|rgb_matrix_increase_val|rgb_matrix_step|rgb_matrix_step_reverse|rgb_matrix_toggle,ref1011_via,0x0800C360,exact-ambiguous,1.000,tiny body placed (adjacent) ; identical body for: oneshot_enable|rgb_matrix_decrease_hue|rgb_matrix_decrease_sat|rgb_matrix_decrease_speed|rgb_matrix_decrease_val|rgb_matrix_increase_hue|rgb_matrix_increase_sat|rgb_matrix_increase_speed|rgb_matrix_increase_val|rgb_matrix_step|rgb_matrix_step_reverse|rgb_matrix_toggle
0x0800EDA8,48,rgb_matrix_increase_val_helper,ref1011_via,0x0800ECD0,fuzzy-anchored,0.842,call-anchored: bl from rgb_matrix_toggle_eeprom_helper@0x0800EDD8+0x28 ; xrefs: rgb_matrix_toggle_eeprom_helper@0x0800EDD8(bl) rgb_matrix_enable_noeeprom@0x0800EE1C(bl) rgb_matrix_enable@0x0800EE50(bl)
0x0800EDD8,56,rgb_matrix_toggle_eeprom_helper,ref1011_via,0x0800ECFC,exact,1.000,xrefs: rgb_matrix_decrease_val_helper@0x0800EE7C(b)
0x0800EE10,6,eeconfig_init_user|encoder0_pad_cb|layer_clear|oneshot_disable|quantum_task|rgb_matrix_toggle_noeeprom,ref1011_via,0x0800AA62,exact-ambiguous,1.000,tiny body placed (adjacent) ; identical body for: eeconfig_init_user|encoder0_pad_cb|layer_clear|oneshot_disable|quantum_task|rgb_matrix_toggle_noeeprom
0x0800EE16,6,oneshot_enable|rgb_matrix_decrease_hue|rgb_matrix_decrease_sat|rgb_matrix_decrease_speed|rgb_matrix_decrease_val|rgb_matrix_increase_hue|rgb_matrix_increase_sat|rgb_matrix_increase_speed|rgb_matrix_increase_val|rgb_matrix_step|rgb_matrix_step_reverse|rgb_matrix_toggle,ref1011_via,0x0800C360,exact-ambiguous,1.000,tiny body placed (adjacent) ; identical body for: oneshot_enable|rgb_matrix_decrease_hue|rgb_matrix_decrease_sat|rgb_matrix_decrease_speed|rgb_matrix_decrease_val|rgb_matrix_increase_hue|rgb_matrix_increase_sat|rgb_matrix_increase_speed|rgb_matrix_increase_val|rgb_matrix_step|rgb_matrix_step_reverse|rgb_matrix_toggle
0x0800EE1C,52,rgb_matrix_enable_noeeprom,ref1011_via,0x0800ED40,exact,1.000,xrefs: rgb_matrix_enable@0x0800EE50(bl) indicator_enable@0x080096E4(b)
0x0800EE50,36,rgb_matrix_enable,ref1011_via,0x0800ED74,exact,1.000,xrefs: factory_test_task@0x0800AE40(bl~) factory_test_task@0x0800AE40(bl~)
0x0800EE74,6,oneshot_enable|rgb_matrix_decrease_hue|rgb_matrix_decrease_sat|rgb_matrix_decrease_speed|rgb_matrix_decrease_val|rgb_matrix_increase_hue|rgb_matrix_increase_sat|rgb_matrix_increase_speed|rgb_matrix_increase_val|rgb_matrix_step|rgb_matrix_step_reverse|rgb_matrix_toggle,ref1011_via,0x0800C360,exact-ambiguous,1.000,tiny body placed (adjacent) ; identical body for: oneshot_enable|rgb_matrix_decrease_hue|rgb_matrix_decrease_sat|rgb_matrix_decrease_speed|rgb_matrix_decrease_val|rgb_matrix_increase_hue|rgb_matrix_increase_sat|rgb_matrix_increase_speed|rgb_matrix_increase_val|rgb_matrix_step|rgb_matrix_step_reverse|rgb_matrix_toggle
0x0800EE7C,56,rgb_matrix_decrease_val_helper,ref1011_via,0x0800EDA0,exact,1.000,
0x0800EEB4,6,oneshot_enable|rgb_matrix_decrease_hue|rgb_matrix_decrease_sat|rgb_matrix_decrease_speed|rgb_matrix_decrease_val|rgb_matrix_increase_hue|rgb_matrix_increase_sat|rgb_matrix_increase_speed|rgb_matrix_increase_val|rgb_matrix_step|rgb_matrix_step_reverse|rgb_matrix_toggle,ref1011_via,0x0800C360,exact-ambiguous,1.000,tiny body placed (adjacent) ; identical body for: oneshot_enable|rgb_matrix_decrease_hue|rgb_matrix_decrease_sat|rgb_matrix_decrease_speed|rgb_matrix_decrease_val|rgb_matrix_increase_hue|rgb_matrix_increase_sat|rgb_matrix_increase_speed|rgb_matrix_increase_val|rgb_matrix_step|rgb_matrix_step_reverse|rgb_matrix_toggle
0x0800EEBC,16,rgb_matrix_set_speed_noeeprom,ref1011_via,0x0800EDE0,exact,1.000,
0x0800EECC,12,rgb_matrix_get_speed,ref1011_via,0x0800EDF0,exact,1.000,xrefs: via_qmk_rgb_matrix_get_value@0x08010650(bl)
0x0800EED8,24,rgb_matrix_increase_speed_helper,ref1011_via,0x0800EDFC,exact,1.000,
0x0800EEF0,6,oneshot_enable|rgb_matrix_decrease_hue|rgb_matrix_decrease_sat|rgb_matrix_decrease_speed|rgb_matrix_decrease_val|rgb_matrix_increase_hue|rgb_matrix_increase_sat|rgb_matrix_increase_speed|rgb_matrix_increase_val|rgb_matrix_step|rgb_matrix_step_reverse|rgb_matrix_toggle,ref1011_via,0x0800C360,exact-ambiguous,1.000,tiny body placed (adjacent) ; identical body for: oneshot_enable|rgb_matrix_decrease_hue|rgb_matrix_decrease_sat|rgb_matrix_decrease_speed|rgb_matrix_decrease_val|rgb_matrix_increase_hue|rgb_matrix_increase_sat|rgb_matrix_increase_speed|rgb_matrix_increase_val|rgb_matrix_step|rgb_matrix_step_reverse|rgb_matrix_toggle
0x0800EEF8,20,rgb_matrix_decrease_speed_helper,ref1011_via,0x0800EE1C,exact,1.000,
0x0800EF0C,6,oneshot_enable|rgb_matrix_decrease_hue|rgb_matrix_decrease_sat|rgb_matrix_decrease_speed|rgb_matrix_decrease_val|rgb_matrix_increase_hue|rgb_matrix_increase_sat|rgb_matrix_increase_speed|rgb_matrix_increase_val|rgb_matrix_step|rgb_matrix_step_reverse|rgb_matrix_toggle,ref1011_via,0x0800C360,exact-ambiguous,1.000,tiny body placed (adjacent) ; identical body for: oneshot_enable|rgb_matrix_decrease_hue|rgb_matrix_decrease_sat|rgb_matrix_decrease_speed|rgb_matrix_decrease_val|rgb_matrix_increase_hue|rgb_matrix_increase_sat|rgb_matrix_increase_speed|rgb_matrix_increase_val|rgb_matrix_step|rgb_matrix_step_reverse|rgb_matrix_toggle
0x0800EF14,12,rgb_matrix_disable_timeout_set,ref1011_via,0x0800EE38,exact-ambiguous,1.000,ambiguous body {host_set_driver|print_set_sendchar|rgb_matrix_disable_timeout_set} resolved by caller: bl(fuzzy-paired) from indicator_set@0x08009A44+0x80 ; same body also matches: host_set_driver|print_set_sendchar ; xrefs: indicator_set@0x08009A44(bl~)
0x0800EF20,12,rgb_matrix_disable_time_reset,ref1011_via,0x0800EE44,exact-ambiguous,1.000,ambiguous body {bootloader_marker_disable|rgb_matrix_disable_time_reset} resolved by caller: bl(fuzzy-paired) from indicator_set@0x08009A44+0x46 ; same body also matches: bootloader_marker_disable ; xrefs: indicator_set@0x08009A44(bl~)
0x0800EF2C,28,rgb_matrix_timeouted,ref1011_via,0x0800EE50,exact,1.000,xrefs: led_update_kb@0x08009CB4(bl)
0x0800EF48,24,rgb_matrix_driver_shutdown,ref1011_via,0x0800EE6C,exact,1.000,xrefs: led_update_kb@0x08009CB4(bl) rgb_task_flush@0x0800EF84(bl~)
0x0800EF60,24,rgb_matrix_driver_exit_shutdown,ref1011_via,0x0800EE84,exact,1.000,xrefs: led_update_kb@0x08009CB4(bl) rgb_task_flush@0x0800EF84(bl~)
0x0800EF78,12,rgb_matrix_is_driver_shutdown,ref1011_via,0x0800EE9C,exact-ambiguous,1.000,ambiguous body {get_mods|get_transport|get_tri_layer_adjust_layer|get_tri_layer_lower_layer|get_tri_layer_upper_layer|keyboard_leds|rgb_matrix_is_driver_shutdown|wireless_get_state} resolved by caller: bl(fuzzy-paired) from lpm_task@0x0800A17C+0x194 ; same body also matches: get_mods|get_transport|get_tri_layer_adjust_layer|get_tri_layer_lower_layer|get_tri_layer_upper_layer|keyboard_leds|wireless_get_state ; xrefs: lpm_task@0x0800A17C(bl~)
0x0800EF84,80,rgb_task_flush,ref1011_via,0x0800EEA8,fuzzy,0.938,xrefs: rgb_matrix_set_suspend_state@0x0800F0FC(bl~)
0x0800EFD4,296,rgb_matrix_task,ref1011_via,0x0800EEF8,fuzzy-anchored,0.817,call-anchored: bl from suspend_power_down_quantum@0x0800B39E+0x6 ; xrefs: suspend_power_down_quantum@0x0800B39E(bl) keyboard_task@0x0800C678(bl~)
0x0800F0FC,36,rgb_matrix_set_suspend_state,ref1011_via,0x0800F01C,fuzzy-anchored,0.552,call-anchored: b.w from suspend_power_down_quantum@0x0800B39E+0x14 ; xrefs: suspend_power_down_quantum@0x0800B39E(b) suspend_wakeup_init_quantum@0x0800B3B6(bl)
0x0800F2B8,64,snled27351_set_color,ref1011_via,0x0800F1CC,exact,1.000,xrefs: snled27351_set_color_all@0x0800F2F8(bl)
0x0800F2F8,30,snled27351_set_color_all,ref1011_via,0x0800F20C,exact,1.000,
0x0800F3CC,38,snled27351_update_pwm_buffers,ref1011_via,0x0800F2D4,fuzzy-anchored,0.516,call-anchored: bl from snled27351_flush@0x0800F47C+0x4 ; xrefs: snled27351_flush@0x0800F47C(bl) snled27351_flush@0x0800F47C(b)
0x0800F430,76,snled27351_init_drivers,ref1011_via,0x0800F324,fuzzy,0.897,
0x0800F47C,18,snled27351_flush,ref1011_via,0x0800F370,exact,1.000,
0x0800F490,12,snled27351_shutdown,ref1011_via,0x0800F384,exact,1.000,
0x0800F49C,12,snled27351_exit_shutdown,ref1011_via,0x0800F390,exact,1.000,
0x0800F4A8,6,handleKeycodeRGB,ref1011_via,0x0800F39C,exact,1.000,tiny body placed (adjacent)
0x0800F5E2,8,encoder_wait_pullup_charge,ref1011_via,0x0800F4D4,exact,1.000,xrefs: encoder_init@0x0800F5EC(bl~)
0x0800F5EC,104,encoder_init,ref1011_via,0x0800F4DC,fuzzy-anchored,0.636,call-anchored: bl from keyboard_init@0x0800C650+0xA ; xrefs: keyboard_init@0x0800C650(bl)
0x0800F654,368,encoder_read,ref1011_via,0x0800F544,fuzzy,0.864,xrefs: keyboard_task@0x0800C678(bl~)
0x0800F810,4,dip_switch_update_mask_user,ref1011_via,0x0800F6F8,exact-ambiguous,1.000,tiny body placed (adjacent) ; ambiguous body {_getpid|_isatty_r|dip_switch_update_mask_user|is_keyboard_master|led_update_user|matrix_can_read|pre_process_record_user|process_action_kb|process_record_keychron_kb|rgb_matrix_indicators_advanced_user|rgb_matrix_indicators_user|shutdown_user} resolved by caller: bl from dip_switch_update_mask_kb@0x0800F814+0x2 ; same body also matches: _getpid|_isatty_r|is_keyboard_master|led_update_user|matrix_can_read|pre_process_record_user|process_action_kb|process_record_keychron_kb|rgb_matrix_indicators_advanced_user|rgb_matrix_indicators_user|shutdown_user ; xrefs: dip_switch_update_mask_kb@0x0800F814(bl)
0x0800F814,8,dip_switch_update_mask_kb,ref1011_via,0x0800F6FC,exact-ambiguous,1.000,ambiguous body {bootmagic|default_layer_state_set_kb|dip_switch_update_mask_kb|host_keyboard_led_state|keyboard_pre_init_kb|layer_state_set_kb|matrix_init_kb|matrix_output_unselect_delay|matrix_scan_kb|notify_usb_device_state_change_kb|oneshot_layer_changed_kb|oneshot_locked_mods_changed_kb|oneshot_mods_changed_kb|post_process_record_kb|pre_process_record_kb|rgb_matrix_indicators_advanced_kb|should_process_keypress|shutdown_kb|suspend_power_down_kb|suspend_wakeup_init_kb} resolved by caller: bl(fuzzy-paired) from dip_switch_read@0x0800F81C+0x26 ; same body also matches: bootmagic|default_layer_state_set_kb|host_keyboard_led_state|keyboard_pre_init_kb|layer_state_set_kb|matrix_init_kb|matrix_output_unselect_delay|matrix_scan_kb|notify_usb_device_state_change_kb|oneshot_layer_changed_kb|oneshot_locked_mods_changed_kb|oneshot_mods_changed_kb|post_process_record_kb|pre_process_record_kb|rgb_matrix_indicators_advanced_kb|should_process_keypress|shutdown_kb|suspend_power_down_kb|suspend_wakeup_init_kb ; xrefs: dip_switch_read@0x0800F81C(bl~)
0x0800F81C,60,dip_switch_read,ref1011_via,0x0800F704,fuzzy-anchored,0.750,call-anchored: b.w from dip_switch_init@0x0800F858+0x14 ; xrefs: dip_switch_init@0x0800F858(b) lpm_task@0x0800A17C(bl~) quantum_task@0x0800C670(b)
0x0800F858,28,dip_switch_init,ref1011_via,0x0800F744,exact,1.000,xrefs: keyboard_init@0x0800C650(bl) lpm_task@0x0800A17C(bl~)
0x0800F874,4,dynamic_keymap_get_layer_count,ref1011_via,0x0800F760,exact,1.000,tiny body placed (adjacent) ; xrefs: raw_hid_receive@0x0801073E(bl~)
0x0800F88A,44,dynamic_keymap_get_keycode,ref1011_via,0x0800F77A,fuzzy,0.865,xrefs: raw_hid_receive@0x0801073E(bl~)
0x0800F8B6,42,dynamic_keymap_set_keycode,ref1011_via,0x0800F7A6,exact,1.000,xrefs: raw_hid_receive@0x0801073E(bl~) dynamic_keymap_reset@0x0800F956(bl~)
0x0800F8E0,62,dynamic_keymap_get_encoder,ref1011_via,0x0800F7D0,fuzzy-anchored,0.653,call-anchored: b.w from keycode_at_encodermap_location@0x0800FA3A+0x6 ; xrefs: keycode_at_encodermap_location@0x0800FA3A(b) raw_hid_receive@0x0801073E(bl~)
0x0800F956,112,dynamic_keymap_reset,ref1011_via,0x0800F83E,fuzzy-anchored,0.854,call-anchored: bl from eeconfig_init_via@0x080105EA+0xE ; xrefs: eeconfig_init_via@0x080105EA(bl) raw_hid_receive@0x0801073E(bl~)
0x0800FA38,2,__aeabi_idiv0|__aeabi_ldiv0|__chibios_override_boardInit|__cpu_init|__late_init|__malloc_lock|__malloc_unlock|_fini|battery_stop|board_init|default_layer_debug|default_layer_state_set_user|dummy_cb|early_hardware_init_post|housekeeping_task_user|keyboard_post_init_user|keyboard_pre_init_user|layer_debug|layer_state_set_user|led_init_ports|led_set_user|led_update_ports|matrix_init_user|matrix_power_down|matrix_power_up|matrix_print|matrix_scan_user|matrix_setup|notify_usb_device_state_change_user|oneshot_layer_changed_user|oneshot_locked_mods_changed_user|oneshot_mods_changed_user|post_process_record_user|rgb_matrix_none_indicators_user|suspend_power_down_user|suspend_wakeup_init_user|via_init_kb|via_set_layout_options_kb|wireless_enter_bluetooth_pin_code_entry_kb|wireless_enter_connected_kb|wireless_enter_discoverable_kb|wireless_enter_reconnecting_kb|wireless_enter_sleep_kb|wireless_exit_bluetooth_pin_code_entry_kb|wireless_post_task,ref1011_via,0x08008434,exact-ambiguous,1.000,tiny body placed (adjacent) ; identical body for: __aeabi_idiv0|__aeabi_ldiv0|__chibios_override_boardInit|__cpu_init|__late_init|__malloc_lock|__malloc_unlock|_fini|battery_stop|board_init|default_layer_debug|default_layer_state_set_user|dummy_cb|early_hardware_init_post|housekeeping_task_user|keyboard_post_init_user|keyboard_pre_init_user|layer_debug|layer_state_set_user|led_init_ports|led_set_user|led_update_ports|matrix_init_user|matrix_power_down|matrix_power_up|matrix_print|matrix_scan_user|matrix_setup|notify_usb_device_state_change_user|oneshot_layer_changed_user|oneshot_locked_mods_changed_user|oneshot_mods_changed_user|post_process_record_user|rgb_matrix_none_indicators_user|suspend_power_down_user|suspend_wakeup_init_user|via_init_kb|via_set_layout_options_kb|wireless_enter_bluetooth_pin_code_entry_kb|wireless_enter_connected_kb|wireless_enter_discoverable_kb|wireless_enter_reconnecting_kb|wireless_enter_sleep_kb|wireless_exit_bluetooth_pin_code_entry_kb|wireless_post_task
0x0800FA3A,14,keycode_at_encodermap_location,ref1011_via,0x0800F910,exact,1.000,
0x0800FA48,4,dynamic_keymap_macro_get_count,ref1011_via,0x0800F91E,exact,1.000,tiny body placed (adjacent) ; xrefs: raw_hid_receive@0x0801073E(bl~)
0x0800FA4C,6,dynamic_keymap_macro_get_buffer_size,ref1011_via,0x0800F922,exact,1.000,tiny body placed (adjacent) ; xrefs: raw_hid_receive@0x0801073E(bl~)
0x0800FA86,38,dynamic_keymap_macro_set_buffer,ref1011_via,0x0800F952,fuzzy,0.938,xrefs: raw_hid_receive@0x0801073E(bl~)
0x0800FAAC,24,dynamic_keymap_macro_reset,ref1011_via,0x0800F978,exact,1.000,xrefs: eeconfig_init_via@0x080105EA(bl) raw_hid_receive@0x0801073E(bl~)
0x0800FAC4,180,dynamic_keymap_macro_send,ref1011_via,0x0800F990,fuzzy-anchored,0.705,call-anchored: bl from process_record_via@0x0801062C+0x10 ; xrefs: process_record_via@0x0801062C(bl)
0x0800FBC4,460,process_magic,ref1011_via,0x0800FA98,fuzzy,0.881,xrefs: process_record_quantum@0x0800B2E0(bl~)
0x0800FDB8,108,move_unit,ref1011_via,0x0800FC84,exact,1.000,xrefs: mousekey_on@0x0800FE8C(bl~) mousekey_on@0x0800FE8C(bl~) mousekey_on@0x0800FE8C(bl~) mousekey_on@0x0800FE8C(bl~)
0x0800FE8C,216,mousekey_on,ref1011_via,0x0800FD54,fuzzy-anchored,0.699,call-anchored: bl from register_code@0x0800B4A8+0x7E ; xrefs: register_code@0x0800B4A8(bl) register_mouse@0x0800B492(bl)
0x0800FF64,292,mousekey_off,ref1011_via,0x0800FE18,fuzzy-anchored,0.616,call-anchored: bl from unregister_code@0x0800B538+0x64 ; xrefs: unregister_code@0x0800B538(bl) register_mouse@0x0800B492(bl)
0x08010088,44,mousekey_clear,ref1011_via,0x0800FF6C,exact,1.000,xrefs: suspend_wakeup_init@0x08010C94(bl) clear_keyboard_but_mods_and_keys@0x0800BA18(bl)
0x08010268,112,send_char,ref1011_via,0x08010130,fuzzy,0.907,
0x0801037C,184,perform_space_cadet,ref1011_via,0x08010234,exact,1.000,xrefs: process_space_cadet@0x08010434(bl~)
0x08010434,156,process_space_cadet,ref1011_via,0x080102EC,fuzzy,0.923,xrefs: process_record_quantum@0x0800B2E0(bl~)
0x08010548,12,get_mods|get_transport|get_tri_layer_adjust_layer|get_tri_layer_lower_layer|get_tri_layer_upper_layer|keyboard_leds|rgb_matrix_is_driver_shutdown|wireless_get_state,ref1011_via,0x08008AD4,exact-ambiguous,1.000,identical body for: get_mods|get_transport|get_tri_layer_adjust_layer|get_tri_layer_lower_layer|get_tri_layer_upper_layer|keyboard_leds|rgb_matrix_is_driver_shutdown|wireless_get_state
0x08010554,12,get_mods|get_transport|get_tri_layer_adjust_layer|get_tri_layer_lower_layer|get_tri_layer_upper_layer|keyboard_leds|rgb_matrix_is_driver_shutdown|wireless_get_state,ref1011_via,0x08008AD4,exact-ambiguous,1.000,identical body for: get_mods|get_transport|get_tri_layer_adjust_layer|get_tri_layer_lower_layer|get_tri_layer_upper_layer|keyboard_leds|rgb_matrix_is_driver_shutdown|wireless_get_state
0x08010560,12,get_mods|get_transport|get_tri_layer_adjust_layer|get_tri_layer_lower_layer|get_tri_layer_upper_layer|keyboard_leds|rgb_matrix_is_driver_shutdown|wireless_get_state,ref1011_via,0x08008AD4,exact-ambiguous,1.000,identical body for: get_mods|get_transport|get_tri_layer_adjust_layer|get_tri_layer_lower_layer|get_tri_layer_upper_layer|keyboard_leds|rgb_matrix_is_driver_shutdown|wireless_get_state
0x0801056C,42,via_eeprom_is_valid,ref1011_via,0x08010404,fuzzy-anchored,0.722,call-anchored: bl from via_init@0x0801060A+0xE ; xrefs: via_init@0x0801060A(bl) eeconfig_is_enabled@0x0800C48C(b)
0x08010596,50,via_eeprom_set_valid,ref1011_via,0x0801042C,fuzzy-anchored,0.810,call-anchored: bl from eeconfig_init_via@0x080105EA+0x4 ; xrefs: eeconfig_init_via@0x080105EA(bl) eeconfig_init_via@0x080105EA(b)
0x080105C8,2,via_init_kb,ref1011_via,0x0801045E,exact-ambiguous,1.000,tiny body placed (vote) ; ambiguous body {__aeabi_idiv0|__aeabi_ldiv0|__chibios_override_boardInit|__cpu_init|__late_init|__malloc_lock|__malloc_unlock|_fini|battery_stop|board_init|default_layer_debug|default_layer_state_set_user|dummy_cb|early_hardware_init_post|housekeeping_task_user|keyboard_post_init_user|keyboard_pre_init_user|layer_debug|layer_state_set_user|led_init_ports|led_set_user|led_update_ports|matrix_init_user|matrix_power_down|matrix_power_up|matrix_print|matrix_scan_user|matrix_setup|notify_usb_device_state_change_user|oneshot_layer_changed_user|oneshot_locked_mods_changed_user|oneshot_mods_changed_user|post_process_record_user|rgb_matrix_none_indicators_user|suspend_power_down_user|suspend_wakeup_init_user|via_init_kb|via_set_layout_options_kb|wireless_enter_bluetooth_pin_code_entry_kb|wireless_enter_connected_kb|wireless_enter_discoverable_kb|wireless_enter_reconnecting_kb|wireless_enter_sleep_kb|wireless_exit_bluetooth_pin_code_entry_kb|wireless_post_task} resolved by caller: bl from via_init@0x0801060A+0x2 ; same body also matches: __aeabi_idiv0|__aeabi_ldiv0|__chibios_override_boardInit|__cpu_init|__late_init|__malloc_lock|__malloc_unlock|_fini|battery_stop|board_init|default_layer_debug|default_layer_state_set_user|dummy_cb|early_hardware_init_post|housekeeping_task_user|keyboard_post_init_user|keyboard_pre_init_user|layer_debug|layer_state_set_user|led_init_ports|led_set_user|led_update_ports|matrix_init_user|matrix_power_down|matrix_power_up|matrix_print|matrix_scan_user|matrix_setup|notify_usb_device_state_change_user|oneshot_layer_changed_user|oneshot_locked_mods_changed_user|oneshot_mods_changed_user|post_process_record_user|rgb_matrix_none_indicators_user|suspend_power_down_user|suspend_wakeup_init_user|via_set_layout_options_kb|wireless_enter_bluetooth_pin_code_entry_kb|wireless_enter_connected_kb|wireless_enter_discoverable_kb|wireless_enter_reconnecting_kb|wireless_enter_sleep_kb|wireless_exit_bluetooth_pin_code_entry_kb|wireless_post_task ; xrefs: via_init@0x0801060A(bl)
0x080105CA,10,via_get_layout_options,ref1011_via,0x08010460,exact,1.000,xrefs: via_init@0x0801060A(bl) raw_hid_receive@0x0801073E(bl~)
0x080105D4,2,via_set_layout_options_kb,ref1011_via,0x0801046A,exact-ambiguous,1.000,tiny body placed (vote) ; ambiguous body {__aeabi_idiv0|__aeabi_ldiv0|__chibios_override_boardInit|__cpu_init|__late_init|__malloc_lock|__malloc_unlock|_fini|battery_stop|board_init|default_layer_debug|default_layer_state_set_user|dummy_cb|early_hardware_init_post|housekeeping_task_user|keyboard_post_init_user|keyboard_pre_init_user|layer_debug|layer_state_set_user|led_init_ports|led_set_user|led_update_ports|matrix_init_user|matrix_power_down|matrix_power_up|matrix_print|matrix_scan_user|matrix_setup|notify_usb_device_state_change_user|oneshot_layer_changed_user|oneshot_locked_mods_changed_user|oneshot_mods_changed_user|post_process_record_user|rgb_matrix_none_indicators_user|suspend_power_down_user|suspend_wakeup_init_user|via_init_kb|via_set_layout_options_kb|wireless_enter_bluetooth_pin_code_entry_kb|wireless_enter_connected_kb|wireless_enter_discoverable_kb|wireless_enter_reconnecting_kb|wireless_enter_sleep_kb|wireless_exit_bluetooth_pin_code_entry_kb|wireless_post_task} resolved by caller: bl from via_init@0x0801060A+0xA ; same body also matches: __aeabi_idiv0|__aeabi_ldiv0|__chibios_override_boardInit|__cpu_init|__late_init|__malloc_lock|__malloc_unlock|_fini|battery_stop|board_init|default_layer_debug|default_layer_state_set_user|dummy_cb|early_hardware_init_post|housekeeping_task_user|keyboard_post_init_user|keyboard_pre_init_user|layer_debug|layer_state_set_user|led_init_ports|led_set_user|led_update_ports|matrix_init_user|matrix_power_down|matrix_power_up|matrix_print|matrix_scan_user|matrix_setup|notify_usb_device_state_change_user|oneshot_layer_changed_user|oneshot_locked_mods_changed_user|oneshot_mods_changed_user|post_process_record_user|rgb_matrix_none_indicators_user|suspend_power_down_user|suspend_wakeup_init_user|via_init_kb|wireless_enter_bluetooth_pin_code_entry_kb|wireless_enter_connected_kb|wireless_enter_discoverable_kb|wireless_enter_reconnecting_kb|wireless_enter_sleep_kb|wireless_exit_bluetooth_pin_code_entry_kb|wireless_post_task ; xrefs: via_init@0x0801060A(bl) via_set_layout_options@0x080105D6(bl)
0x080105D6,20,via_set_layout_options,ref1011_via,0x0801046C,exact,1.000,xrefs: eeconfig_init_via@0x080105EA(bl) raw_hid_receive@0x0801073E(bl~)
0x080105EA,32,eeconfig_init_via,ref1011_via,0x08010480,exact,1.000,xrefs: via_init@0x0801060A(b)
0x0801060A,30,via_init,ref1011_via,0x080104A0,exact,1.000,xrefs: keyboard_init@0x0800C650(bl)
0x0801062C,30,process_record_via,ref1011_via,0x080104C2,exact,1.000,xrefs: process_record_quantum@0x0800B2E0(bl~)
0x0801064A,6,via_custom_value_command_kb,ref1011_via,0x080104E0,exact,1.000,tiny body placed (vote) ; xrefs: via_custom_value_command@0x08010728(bl)
0x08010650,62,via_qmk_rgb_matrix_get_value,ref1011_via,0x080104E6,exact,1.000,
0x08010704,34,via_qmk_rgb_matrix_command,ref1011_via,0x0801058C,fuzzy-anchored,0.963,call-anchored: b.w from via_custom_value_command@0x08010728+0xC ; xrefs: via_custom_value_command@0x08010728(b)
0x08010726,2,__aeabi_idiv0|__aeabi_ldiv0|__chibios_override_boardInit|__cpu_init|__late_init|__malloc_lock|__malloc_unlock|_fini|battery_stop|board_init|default_layer_debug|default_layer_state_set_user|dummy_cb|early_hardware_init_post|housekeeping_task_user|keyboard_post_init_user|keyboard_pre_init_user|layer_debug|layer_state_set_user|led_init_ports|led_set_user|led_update_ports|matrix_init_user|matrix_power_down|matrix_power_up|matrix_print|matrix_scan_user|matrix_setup|notify_usb_device_state_change_user|oneshot_layer_changed_user|oneshot_locked_mods_changed_user|oneshot_mods_changed_user|post_process_record_user|rgb_matrix_none_indicators_user|suspend_power_down_user|suspend_wakeup_init_user|via_init_kb|via_set_layout_options_kb|wireless_enter_bluetooth_pin_code_entry_kb|wireless_enter_connected_kb|wireless_enter_discoverable_kb|wireless_enter_reconnecting_kb|wireless_enter_sleep_kb|wireless_exit_bluetooth_pin_code_entry_kb|wireless_post_task,ref1011_via,0x08008434,exact-ambiguous,1.000,tiny body placed (adjacent) ; identical body for: __aeabi_idiv0|__aeabi_ldiv0|__chibios_override_boardInit|__cpu_init|__late_init|__malloc_lock|__malloc_unlock|_fini|battery_stop|board_init|default_layer_debug|default_layer_state_set_user|dummy_cb|early_hardware_init_post|housekeeping_task_user|keyboard_post_init_user|keyboard_pre_init_user|layer_debug|layer_state_set_user|led_init_ports|led_set_user|led_update_ports|matrix_init_user|matrix_power_down|matrix_power_up|matrix_print|matrix_scan_user|matrix_setup|notify_usb_device_state_change_user|oneshot_layer_changed_user|oneshot_locked_mods_changed_user|oneshot_mods_changed_user|post_process_record_user|rgb_matrix_none_indicators_user|suspend_power_down_user|suspend_wakeup_init_user|via_init_kb|via_set_layout_options_kb|wireless_enter_bluetooth_pin_code_entry_kb|wireless_enter_connected_kb|wireless_enter_discoverable_kb|wireless_enter_reconnecting_kb|wireless_enter_sleep_kb|wireless_exit_bluetooth_pin_code_entry_kb|wireless_post_task
0x08010728,22,via_custom_value_command,ref1011_via,0x080105B0,exact,1.000,xrefs: raw_hid_receive@0x0801073E(bl~)
0x0801073E,442,raw_hid_receive,ref1011_via,0x080105C6,fuzzy,0.933,xrefs: raw_hid_task@0x08011410(bl~)
0x080108F8,12,host_set_driver,ref1011_via,0x0801077C,exact-ambiguous,1.000,ambiguous body {host_set_driver|print_set_sendchar|rgb_matrix_disable_timeout_set} resolved by caller: bl from bt_transport_enable@0x08009D28+0xA ; same body also matches: print_set_sendchar|rgb_matrix_disable_timeout_set ; xrefs: bt_transport_enable@0x08009D28(bl) p24g_transport_enable@0x08009D90(bl) protocol_post_init@0x0801148C(b)
0x08010904,12,host_get_driver,ref1011_via,0x08010788,exact,1.000,xrefs: usb_transport_enable@0x08009DF8(bl~)
0x08010910,16,host_keyboard_leds,ref1011_via,0x08010794,exact,1.000,xrefs: led_task@0x0800B418(bl) led_wakeup@0x0800B40C(bl) host_keyboard_led_state@0x08010920(bl)
0x08010920,8,host_keyboard_led_state,ref1011_via,0x080107A4,exact-ambiguous,1.000,ambiguous body {bootmagic|default_layer_state_set_kb|dip_switch_update_mask_kb|host_keyboard_led_state|keyboard_pre_init_kb|layer_state_set_kb|matrix_init_kb|matrix_output_unselect_delay|matrix_scan_kb|notify_usb_device_state_change_kb|oneshot_layer_changed_kb|oneshot_locked_mods_changed_kb|oneshot_mods_changed_kb|post_process_record_kb|pre_process_record_kb|rgb_matrix_indicators_advanced_kb|should_process_keypress|shutdown_kb|suspend_power_down_kb|suspend_wakeup_init_kb} resolved by caller: bl from os_state_indicate@0x08009824+0x12 ; same body also matches: bootmagic|default_layer_state_set_kb|dip_switch_update_mask_kb|keyboard_pre_init_kb|layer_state_set_kb|matrix_init_kb|matrix_output_unselect_delay|matrix_scan_kb|notify_usb_device_state_change_kb|oneshot_layer_changed_kb|oneshot_locked_mods_changed_kb|oneshot_mods_changed_kb|post_process_record_kb|pre_process_record_kb|rgb_matrix_indicators_advanced_kb|should_process_keypress|shutdown_kb|suspend_power_down_kb|suspend_wakeup_init_kb ; xrefs: os_state_indicate@0x08009824(bl) rgb_matrix_driver_allow_shutdown@0x08009BB4(bl)
0x08010928,16,host_keyboard_send,ref1011_via,0x080107AC,exact,1.000,xrefs: send_6kro_report@0x0800C314(b)
0x08010938,20,host_nkro_send,ref1011_via,0x080107BC,fuzzy-anchored,0.857,call-anchored: b.w from send_nkro_report@0x0800C34C+0x2A ; xrefs: send_nkro_report@0x0800C34C(b)
0x0801094C,20,host_mouse_send,ref1011_via,0x080107D0,fuzzy,0.857,
0x08010960,48,host_system_send,ref1011_via,0x080107E4,fuzzy-anchored,0.739,call-anchored: b.w from register_code@0x0800B4A8+0x5A ; xrefs: register_code@0x0800B4A8(b) unregister_code@0x0800B538(b) suspend_wakeup_init@0x08010C94(bl) clear_keyboard_but_mods_and_keys@0x0800BA18(bl)
0x08010990,48,host_consumer_send,ref1011_via,0x08010814,fuzzy-anchored,0.739,call-anchored: b.w from register_code@0x0800B4A8+0x72 ; xrefs: register_code@0x0800B4A8(b) unregister_code@0x0800B538(b) suspend_wakeup_init@0x08010C94(bl) clear_keyboard_but_mods_and_keys@0x0800BA18(bl)
0x08010A70,50,add_key_byte,ref1011_via,0x080108F4,fuzzy-anchored,0.619,call-anchored: b.w from add_key_to_report@0x08010AFC+0x1E ; xrefs: add_key_to_report@0x08010AFC(b)
0x08010AA2,26,del_key_byte,ref1011_via,0x08010920,fuzzy-anchored,0.609,call-anchored: b.w from del_key_from_report@0x08010B30+0x1E ; xrefs: del_key_from_report@0x08010B30(b)
0x08010ABC,28,add_key_bit,ref1011_via,0x08010938,fuzzy-anchored,0.636,call-anchored: b.w from add_key_to_report@0x08010AFC+0x16 ; xrefs: add_key_to_report@0x08010AFC(b)
0x08010AD8,36,del_key_bit,ref1011_via,0x08010950,fuzzy-anchored,0.846,call-anchored: b.w from del_key_from_report@0x08010B30+0x16 ; xrefs: del_key_from_report@0x08010B30(b)
0x08010AFC,52,add_key_to_report,ref1011_via,0x08010970,exact-ambiguous,1.000,ambiguous body {add_key_to_report|del_key_from_report} resolved by caller: bl from register_code@0x0800B4A8+0x22 ; same body also matches: del_key_from_report ; xrefs: register_code@0x0800B4A8(bl)
0x08010B30,52,del_key_from_report,ref1011_via,0x080109A4,exact-ambiguous,1.000,ambiguous body {add_key_to_report|del_key_from_report} resolved by caller: bl from register_code@0x0800B4A8+0x18 ; same body also matches: add_key_to_report ; xrefs: register_code@0x0800B4A8(bl) unregister_code@0x0800B538(bl)
0x08010B64,56,clear_keys_from_report,ref1011_via,0x080109D8,exact,1.000,xrefs: suspend_wakeup_init@0x08010C94(bl) clear_keyboard_but_mods@0x0800BA3A(bl)
0x08010B9C,72,has_mouse_report_changed,ref1011_via,0x08010A10,exact,1.000,
0x08010BE4,2,notify_usb_device_state_change_user,ref1011_via,0x08010A58,exact-ambiguous,1.000,tiny body placed (vote) ; ambiguous body {__aeabi_idiv0|__aeabi_ldiv0|__chibios_override_boardInit|__cpu_init|__late_init|__malloc_lock|__malloc_unlock|_fini|battery_stop|board_init|default_layer_debug|default_layer_state_set_user|dummy_cb|early_hardware_init_post|housekeeping_task_user|keyboard_post_init_user|keyboard_pre_init_user|layer_debug|layer_state_set_user|led_init_ports|led_set_user|led_update_ports|matrix_init_user|matrix_power_down|matrix_power_up|matrix_print|matrix_scan_user|matrix_setup|notify_usb_device_state_change_user|oneshot_layer_changed_user|oneshot_locked_mods_changed_user|oneshot_mods_changed_user|post_process_record_user|rgb_matrix_none_indicators_user|suspend_power_down_user|suspend_wakeup_init_user|via_init_kb|via_set_layout_options_kb|wireless_enter_bluetooth_pin_code_entry_kb|wireless_enter_connected_kb|wireless_enter_discoverable_kb|wireless_enter_reconnecting_kb|wireless_enter_sleep_kb|wireless_exit_bluetooth_pin_code_entry_kb|wireless_post_task} resolved by caller: bl from notify_usb_device_state_change_kb@0x08010BE6+0x2 ; same body also matches: __aeabi_idiv0|__aeabi_ldiv0|__chibios_override_boardInit|__cpu_init|__late_init|__malloc_lock|__malloc_unlock|_fini|battery_stop|board_init|default_layer_debug|default_layer_state_set_user|dummy_cb|early_hardware_init_post|housekeeping_task_user|keyboard_post_init_user|keyboard_pre_init_user|layer_debug|layer_state_set_user|led_init_ports|led_set_user|led_update_ports|matrix_init_user|matrix_power_down|matrix_power_up|matrix_print|matrix_scan_user|matrix_setup|oneshot_layer_changed_user|oneshot_locked_mods_changed_user|oneshot_mods_changed_user|post_process_record_user|rgb_matrix_none_indicators_user|suspend_power_down_user|suspend_wakeup_init_user|via_init_kb|via_set_layout_options_kb|wireless_enter_bluetooth_pin_code_entry_kb|wireless_enter_connected_kb|wireless_enter_discoverable_kb|wireless_enter_reconnecting_kb|wireless_enter_sleep_kb|wireless_exit_bluetooth_pin_code_entry_kb|wireless_post_task ; xrefs: notify_usb_device_state_change_kb@0x08010BE6(bl)
0x08010BE6,8,notify_usb_device_state_change_kb,ref1011_via,0x08010A5A,exact-ambiguous,1.000,ambiguous body {bootmagic|default_layer_state_set_kb|dip_switch_update_mask_kb|host_keyboard_led_state|keyboard_pre_init_kb|layer_state_set_kb|matrix_init_kb|matrix_output_unselect_delay|matrix_scan_kb|notify_usb_device_state_change_kb|oneshot_layer_changed_kb|oneshot_locked_mods_changed_kb|oneshot_mods_changed_kb|post_process_record_kb|pre_process_record_kb|rgb_matrix_indicators_advanced_kb|should_process_keypress|shutdown_kb|suspend_power_down_kb|suspend_wakeup_init_kb} resolved by caller: bl from usb_device_state_set_suspend@0x08010C08+0x8 ; same body also matches: bootmagic|default_layer_state_set_kb|dip_switch_update_mask_kb|host_keyboard_led_state|keyboard_pre_init_kb|layer_state_set_kb|matrix_init_kb|matrix_output_unselect_delay|matrix_scan_kb|oneshot_layer_changed_kb|oneshot_locked_mods_changed_kb|oneshot_mods_changed_kb|post_process_record_kb|pre_process_record_kb|rgb_matrix_indicators_advanced_kb|should_process_keypress|shutdown_kb|suspend_power_down_kb|suspend_wakeup_init_kb ; xrefs: usb_device_state_set_suspend@0x08010C08(bl) usb_device_state_set_reset@0x08010C20(bl)
0x08010C08,20,usb_device_state_set_suspend,ref1011_via,0x08010A78,exact,1.000,
0x08010C20,20,usb_device_state_set_reset,ref1011_via,0x08010A90,exact,1.000,
0x08010C38,2,matrix_power_up,ref1011_via,0x08010AA8,exact-ambiguous,1.000,tiny body placed (vote) ; ambiguous body {__aeabi_idiv0|__aeabi_ldiv0|__chibios_override_boardInit|__cpu_init|__late_init|__malloc_lock|__malloc_unlock|_fini|battery_stop|board_init|default_layer_debug|default_layer_state_set_user|dummy_cb|early_hardware_init_post|housekeeping_task_user|keyboard_post_init_user|keyboard_pre_init_user|layer_debug|layer_state_set_user|led_init_ports|led_set_user|led_update_ports|matrix_init_user|matrix_power_down|matrix_power_up|matrix_print|matrix_scan_user|matrix_setup|notify_usb_device_state_change_user|oneshot_layer_changed_user|oneshot_locked_mods_changed_user|oneshot_mods_changed_user|post_process_record_user|rgb_matrix_none_indicators_user|suspend_power_down_user|suspend_wakeup_init_user|via_init_kb|via_set_layout_options_kb|wireless_enter_bluetooth_pin_code_entry_kb|wireless_enter_connected_kb|wireless_enter_discoverable_kb|wireless_enter_reconnecting_kb|wireless_enter_sleep_kb|wireless_exit_bluetooth_pin_code_entry_kb|wireless_post_task} resolved by caller: bl from suspend_wakeup_condition@0x08010C50+0x2 ; same body also matches: __aeabi_idiv0|__aeabi_ldiv0|__chibios_override_boardInit|__cpu_init|__late_init|__malloc_lock|__malloc_unlock|_fini|battery_stop|board_init|default_layer_debug|default_layer_state_set_user|dummy_cb|early_hardware_init_post|housekeeping_task_user|keyboard_post_init_user|keyboard_pre_init_user|layer_debug|layer_state_set_user|led_init_ports|led_set_user|led_update_ports|matrix_init_user|matrix_power_down|matrix_print|matrix_scan_user|matrix_setup|notify_usb_device_state_change_user|oneshot_layer_changed_user|oneshot_locked_mods_changed_user|oneshot_mods_changed_user|post_process_record_user|rgb_matrix_none_indicators_user|suspend_power_down_user|suspend_wakeup_init_user|via_init_kb|via_set_layout_options_kb|wireless_enter_bluetooth_pin_code_entry_kb|wireless_enter_connected_kb|wireless_enter_discoverable_kb|wireless_enter_reconnecting_kb|wireless_enter_sleep_kb|wireless_exit_bluetooth_pin_code_entry_kb|wireless_post_task ; xrefs: suspend_wakeup_condition@0x08010C50(bl)
0x08010C3A,2,matrix_power_down,ref1011_via,0x08010AAA,exact-ambiguous,1.000,tiny body placed (vote) ; ambiguous body {__aeabi_idiv0|__aeabi_ldiv0|__chibios_override_boardInit|__cpu_init|__late_init|__malloc_lock|__malloc_unlock|_fini|battery_stop|board_init|default_layer_debug|default_layer_state_set_user|dummy_cb|early_hardware_init_post|housekeeping_task_user|keyboard_post_init_user|keyboard_pre_init_user|layer_debug|layer_state_set_user|led_init_ports|led_set_user|led_update_ports|matrix_init_user|matrix_power_down|matrix_power_up|matrix_print|matrix_scan_user|matrix_setup|notify_usb_device_state_change_user|oneshot_layer_changed_user|oneshot_locked_mods_changed_user|oneshot_mods_changed_user|post_process_record_user|rgb_matrix_none_indicators_user|suspend_power_down_user|suspend_wakeup_init_user|via_init_kb|via_set_layout_options_kb|wireless_enter_bluetooth_pin_code_entry_kb|wireless_enter_connected_kb|wireless_enter_discoverable_kb|wireless_enter_reconnecting_kb|wireless_enter_sleep_kb|wireless_exit_bluetooth_pin_code_entry_kb|wireless_post_task} resolved by caller: bl from suspend_wakeup_condition@0x08010C50+0xA ; same body also matches: __aeabi_idiv0|__aeabi_ldiv0|__chibios_override_boardInit|__cpu_init|__late_init|__malloc_lock|__malloc_unlock|_fini|battery_stop|board_init|default_layer_debug|default_layer_state_set_user|dummy_cb|early_hardware_init_post|housekeeping_task_user|keyboard_post_init_user|keyboard_pre_init_user|layer_debug|layer_state_set_user|led_init_ports|led_set_user|led_update_ports|matrix_init_user|matrix_power_up|matrix_print|matrix_scan_user|matrix_setup|notify_usb_device_state_change_user|oneshot_layer_changed_user|oneshot_locked_mods_changed_user|oneshot_mods_changed_user|post_process_record_user|rgb_matrix_none_indicators_user|suspend_power_down_user|suspend_wakeup_init_user|via_init_kb|via_set_layout_options_kb|wireless_enter_bluetooth_pin_code_entry_kb|wireless_enter_connected_kb|wireless_enter_discoverable_kb|wireless_enter_reconnecting_kb|wireless_enter_sleep_kb|wireless_exit_bluetooth_pin_code_entry_kb|wireless_post_task ; xrefs: suspend_wakeup_condition@0x08010C50(bl)
0x08010C3C,2,suspend_power_down_user,ref1011_via,0x08010AAC,exact-ambiguous,1.000,tiny body placed (vote) ; ambiguous body {__aeabi_idiv0|__aeabi_ldiv0|__chibios_override_boardInit|__cpu_init|__late_init|__malloc_lock|__malloc_unlock|_fini|battery_stop|board_init|default_layer_debug|default_layer_state_set_user|dummy_cb|early_hardware_init_post|housekeeping_task_user|keyboard_post_init_user|keyboard_pre_init_user|layer_debug|layer_state_set_user|led_init_ports|led_set_user|led_update_ports|matrix_init_user|matrix_power_down|matrix_power_up|matrix_print|matrix_scan_user|matrix_setup|notify_usb_device_state_change_user|oneshot_layer_changed_user|oneshot_locked_mods_changed_user|oneshot_mods_changed_user|post_process_record_user|rgb_matrix_none_indicators_user|suspend_power_down_user|suspend_wakeup_init_user|via_init_kb|via_set_layout_options_kb|wireless_enter_bluetooth_pin_code_entry_kb|wireless_enter_connected_kb|wireless_enter_discoverable_kb|wireless_enter_reconnecting_kb|wireless_enter_sleep_kb|wireless_exit_bluetooth_pin_code_entry_kb|wireless_post_task} resolved by caller: bl from suspend_power_down_kb@0x08010C3E+0x2 ; same body also matches: __aeabi_idiv0|__aeabi_ldiv0|__chibios_override_boardInit|__cpu_init|__late_init|__malloc_lock|__malloc_unlock|_fini|battery_stop|board_init|default_layer_debug|default_layer_state_set_user|dummy_cb|early_hardware_init_post|housekeeping_task_user|keyboard_post_init_user|keyboard_pre_init_user|layer_debug|layer_state_set_user|led_init_ports|led_set_user|led_update_ports|matrix_init_user|matrix_power_down|matrix_power_up|matrix_print|matrix_scan_user|matrix_setup|notify_usb_device_state_change_user|oneshot_layer_changed_user|oneshot_locked_mods_changed_user|oneshot_mods_changed_user|post_process_record_user|rgb_matrix_none_indicators_user|suspend_wakeup_init_user|via_init_kb|via_set_layout_options_kb|wireless_enter_bluetooth_pin_code_entry_kb|wireless_enter_connected_kb|wireless_enter_discoverable_kb|wireless_enter_reconnecting_kb|wireless_enter_sleep_kb|wireless_exit_bluetooth_pin_code_entry_kb|wireless_post_task ; xrefs: suspend_power_down_kb@0x08010C3E(bl)
0x08010C3E,8,suspend_power_down_kb,ref1011_via,0x08010AAE,exact-ambiguous,1.000,ambiguous body {bootmagic|default_layer_state_set_kb|dip_switch_update_mask_kb|host_keyboard_led_state|keyboard_pre_init_kb|layer_state_set_kb|matrix_init_kb|matrix_output_unselect_delay|matrix_scan_kb|notify_usb_device_state_change_kb|oneshot_layer_changed_kb|oneshot_locked_mods_changed_kb|oneshot_mods_changed_kb|post_process_record_kb|pre_process_record_kb|rgb_matrix_indicators_advanced_kb|should_process_keypress|shutdown_kb|suspend_power_down_kb|suspend_wakeup_init_kb} resolved by caller: bl from suspend_power_down_quantum@0x0800B39E+0x2 ; same body also matches: bootmagic|default_layer_state_set_kb|dip_switch_update_mask_kb|host_keyboard_led_state|keyboard_pre_init_kb|layer_state_set_kb|matrix_init_kb|matrix_output_unselect_delay|matrix_scan_kb|notify_usb_device_state_change_kb|oneshot_layer_changed_kb|oneshot_locked_mods_changed_kb|oneshot_mods_changed_kb|post_process_record_kb|pre_process_record_kb|rgb_matrix_indicators_advanced_kb|should_process_keypress|shutdown_kb|suspend_wakeup_init_kb ; xrefs: suspend_power_down_quantum@0x0800B39E(bl)
0x08010C46,2,suspend_wakeup_init_user,ref1011_via,0x08010AB6,exact-ambiguous,1.000,tiny body placed (vote) ; ambiguous body {__aeabi_idiv0|__aeabi_ldiv0|__chibios_override_boardInit|__cpu_init|__late_init|__malloc_lock|__malloc_unlock|_fini|battery_stop|board_init|default_layer_debug|default_layer_state_set_user|dummy_cb|early_hardware_init_post|housekeeping_task_user|keyboard_post_init_user|keyboard_pre_init_user|layer_debug|layer_state_set_user|led_init_ports|led_set_user|led_update_ports|matrix_init_user|matrix_power_down|matrix_power_up|matrix_print|matrix_scan_user|matrix_setup|notify_usb_device_state_change_user|oneshot_layer_changed_user|oneshot_locked_mods_changed_user|oneshot_mods_changed_user|post_process_record_user|rgb_matrix_none_indicators_user|suspend_power_down_user|suspend_wakeup_init_user|via_init_kb|via_set_layout_options_kb|wireless_enter_bluetooth_pin_code_entry_kb|wireless_enter_connected_kb|wireless_enter_discoverable_kb|wireless_enter_reconnecting_kb|wireless_enter_sleep_kb|wireless_exit_bluetooth_pin_code_entry_kb|wireless_post_task} resolved by caller: bl from suspend_wakeup_init_kb@0x08010C48+0x2 ; same body also matches: __aeabi_idiv0|__aeabi_ldiv0|__chibios_override_boardInit|__cpu_init|__late_init|__malloc_lock|__malloc_unlock|_fini|battery_stop|board_init|default_layer_debug|default_layer_state_set_user|dummy_cb|early_hardware_init_post|housekeeping_task_user|keyboard_post_init_user|keyboard_pre_init_user|layer_debug|layer_state_set_user|led_init_ports|led_set_user|led_update_ports|matrix_init_user|matrix_power_down|matrix_power_up|matrix_print|matrix_scan_user|matrix_setup|notify_usb_device_state_change_user|oneshot_layer_changed_user|oneshot_locked_mods_changed_user|oneshot_mods_changed_user|post_process_record_user|rgb_matrix_none_indicators_user|suspend_power_down_user|via_init_kb|via_set_layout_options_kb|wireless_enter_bluetooth_pin_code_entry_kb|wireless_enter_connected_kb|wireless_enter_discoverable_kb|wireless_enter_reconnecting_kb|wireless_enter_sleep_kb|wireless_exit_bluetooth_pin_code_entry_kb|wireless_post_task ; xrefs: suspend_wakeup_init_kb@0x08010C48(bl)
0x08010C48,8,suspend_wakeup_init_kb,ref1011_via,0x08010AB8,exact-ambiguous,1.000,ambiguous body {bootmagic|default_layer_state_set_kb|dip_switch_update_mask_kb|host_keyboard_led_state|keyboard_pre_init_kb|layer_state_set_kb|matrix_init_kb|matrix_output_unselect_delay|matrix_scan_kb|notify_usb_device_state_change_kb|oneshot_layer_changed_kb|oneshot_locked_mods_changed_kb|oneshot_mods_changed_kb|post_process_record_kb|pre_process_record_kb|rgb_matrix_indicators_advanced_kb|should_process_keypress|shutdown_kb|suspend_power_down_kb|suspend_wakeup_init_kb} resolved by caller: b.w from suspend_wakeup_init_quantum@0x0800B3B6+0x10 ; same body also matches: bootmagic|default_layer_state_set_kb|dip_switch_update_mask_kb|host_keyboard_led_state|keyboard_pre_init_kb|layer_state_set_kb|matrix_init_kb|matrix_output_unselect_delay|matrix_scan_kb|notify_usb_device_state_change_kb|oneshot_layer_changed_kb|oneshot_locked_mods_changed_kb|oneshot_mods_changed_kb|post_process_record_kb|pre_process_record_kb|rgb_matrix_indicators_advanced_kb|should_process_keypress|shutdown_kb|suspend_power_down_kb ; xrefs: suspend_wakeup_init_quantum@0x0800B3B6(b)
0x08010C50,36,suspend_wakeup_condition,ref1011_via,0x08010AC0,exact,1.000,
0x08010C74,14,platform_setup,ref1011_via,0x08010AE4,exact-ambiguous,1.000,ambiguous body {VectorB0|chThdCreateI|clear_keyboard|clear_keyboard_but_mods|platform_setup|protocol_post_task} resolved by caller: bl from main@0x0800CF60+0x2 ; same body also matches: VectorB0|chThdCreateI|clear_keyboard|clear_keyboard_but_mods|protocol_post_task ; xrefs: main@0x0800CF60(bl)
0x08010C82,18,suspend_power_down,ref1011_via,0x08010AF2,exact,1.000,
0x08010C94,38,suspend_wakeup_init,ref1011_via,0x08010B04,exact,1.000,
0x08010CBC,44,timer_clear,ref1011_via,0x08010B2C,exact,1.000,
0x08010CEC,108,timer_read32,ref1011_via,0x08010B5C,fuzzy-anchored,0.925,call-anchored: bl from bat_level_animiation_update@0x0800A738+0x22 ; xrefs: bat_level_animiation_update@0x0800A738(bl) bt_transport_enable@0x08009D28(bl) p24g_transport_enable@0x08009D90(bl) bat_level_animiation_start@0x0800A654(bl) ...
0x08010D58,10,timer_read,ref1011_via,0x08010BC8,exact,1.000,xrefs: perform_space_cadet@0x0801037C(bl) keyboard_task@0x0800C678(bl~) encoder_read@0x0800F654(bl~) encoder_read@0x0800F654(bl~) ...
0x08010D62,14,timer_elapsed,ref1011_via,0x08010BD2,exact,1.000,xrefs: perform_space_cadet@0x0801037C(bl)
0x08010D70,12,timer_elapsed32,ref1011_via,0x08010BE0,exact-ambiguous,1.000,ambiguous body {rtc_timer_elapsed_ms|timer_elapsed32} resolved by caller: bl from bt_transport_enable@0x08009D28+0x1A ; same body also matches: rtc_timer_elapsed_ms ; xrefs: bt_transport_enable@0x08009D28(bl) p24g_transport_enable@0x08009D90(bl) lkbt51_wake@0x08008DB4(bl) indicator_task@0x08009C74(bl) ...
0x08010D7C,36,__NVIC_SystemReset,ref1011_via,0x08010BEC,exact,1.000,xrefs: bootloader_jump@0x08010DD4(bl) mcu_reset@0x08010DDE(bl)
0x08010DA0,16,bootloader_marker_enable,ref1011_via,0x08010C10,exact,1.000,xrefs: bootloader_jump@0x08010DD4(bl)
0x08010DB0,24,bootloader_marker_active,ref1011_via,0x08010C20,exact,1.000,xrefs: enter_bootloader_mode_if_requested@0x08010DE4(bl)
0x08010DC8,12,bootloader_marker_disable,ref1011_via,0x08010C38,exact-ambiguous,1.000,ambiguous body {bootloader_marker_disable|rgb_matrix_disable_time_reset} resolved by caller: bl from enter_bootloader_mode_if_requested@0x08010DE4+0x8 ; same body also matches: rgb_matrix_disable_time_reset ; xrefs: enter_bootloader_mode_if_requested@0x08010DE4(bl)
0x08010DD4,10,bootloader_jump,ref1011_via,0x08010C44,exact,1.000,xrefs: bootmagic_lite@0x0800CB5C(b) reset_keyboard@0x0800B2C0(b)
0x08010DDE,6,mcu_reset,ref1011_via,0x08010C4E,exact,1.000,tiny body placed (vote) ; xrefs: soft_reset_keyboard@0x0800B2D0(b)
0x08010DE4,116,enter_bootloader_mode_if_requested,ref1011_via,0x08010C54,exact,1.000,
0x08010E58,116,spi_init,ref1011_via,0x08010CC8,exact,1.000,xrefs: snled27351_init_drivers@0x0800F430(bl~)
0x08010ECC,232,spi_start,ref1011_via,0x08010D3C,fuzzy,0.865,
0x08010FB4,20,spi_transmit,ref1011_via,0x08010E18,exact,1.000,
0x08010FC8,36,spi_stop,ref1011_via,0x08010E2C,exact,1.000,
0x08010FEC,2,__aeabi_idiv0|__aeabi_ldiv0|__chibios_override_boardInit|__cpu_init|__late_init|__malloc_lock|__malloc_unlock|_fini|battery_stop|board_init|default_layer_debug|default_layer_state_set_user|dummy_cb|early_hardware_init_post|housekeeping_task_user|keyboard_post_init_user|keyboard_pre_init_user|layer_debug|layer_state_set_user|led_init_ports|led_set_user|led_update_ports|matrix_init_user|matrix_power_down|matrix_power_up|matrix_print|matrix_scan_user|matrix_setup|notify_usb_device_state_change_user|oneshot_layer_changed_user|oneshot_locked_mods_changed_user|oneshot_mods_changed_user|post_process_record_user|rgb_matrix_none_indicators_user|suspend_power_down_user|suspend_wakeup_init_user|via_init_kb|via_set_layout_options_kb|wireless_enter_bluetooth_pin_code_entry_kb|wireless_enter_connected_kb|wireless_enter_discoverable_kb|wireless_enter_reconnecting_kb|wireless_enter_sleep_kb|wireless_exit_bluetooth_pin_code_entry_kb|wireless_post_task,ref1011_via,0x08008434,exact-ambiguous,1.000,tiny body placed (adjacent) ; identical body for: __aeabi_idiv0|__aeabi_ldiv0|__chibios_override_boardInit|__cpu_init|__late_init|__malloc_lock|__malloc_unlock|_fini|battery_stop|board_init|default_layer_debug|default_layer_state_set_user|dummy_cb|early_hardware_init_post|housekeeping_task_user|keyboard_post_init_user|keyboard_pre_init_user|layer_debug|layer_state_set_user|led_init_ports|led_set_user|led_update_ports|matrix_init_user|matrix_power_down|matrix_power_up|matrix_print|matrix_scan_user|matrix_setup|notify_usb_device_state_change_user|oneshot_layer_changed_user|oneshot_locked_mods_changed_user|oneshot_mods_changed_user|post_process_record_user|rgb_matrix_none_indicators_user|suspend_power_down_user|suspend_wakeup_init_user|via_init_kb|via_set_layout_options_kb|wireless_enter_bluetooth_pin_code_entry_kb|wireless_enter_connected_kb|wireless_enter_discoverable_kb|wireless_enter_reconnecting_kb|wireless_enter_sleep_kb|wireless_exit_bluetooth_pin_code_entry_kb|wireless_post_task
0x0801110C,68,usb_get_descriptor_cb,ref1011_via,0x08010F6C,exact,1.000,
0x08011150,52,set_led_transfer_cb,ref1011_via,0x08010FB0,exact,1.000,
0x08011184,40,usb_event_queue_enqueue.isra.0,ref1011_via,0x08010FE4,exact,1.000,xrefs: usb_event_cb@0x080111AC(bl) usb_event_cb@0x080111AC(bl) usb_event_cb@0x080111AC(b)
0x080111AC,192,usb_event_cb,ref1011_via,0x0801100C,exact,1.000,
0x0801126C,36,usb_event_queue_init,ref1011_via,0x080110CC,exact,1.000,xrefs: protocol_pre_init@0x08011460(bl) lpm_task@0x0800A17C(bl~) lpm_task@0x0800A17C(bl~)
0x08011348,92,init_usb_driver,ref1011_via,0x080111A4,fuzzy-anchored,0.727,call-anchored: bl from protocol_pre_init@0x08011460+0x8 ; xrefs: protocol_pre_init@0x08011460(bl) lpm_task@0x0800A17C(bl~) lpm_task@0x0800A17C(bl~)
0x080113AC,12,get_mods|get_transport|get_tri_layer_adjust_layer|get_tri_layer_lower_layer|get_tri_layer_upper_layer|keyboard_leds|rgb_matrix_is_driver_shutdown|wireless_get_state,ref1011_via,0x08008AD4,exact-ambiguous,1.000,identical body for: get_mods|get_transport|get_tri_layer_adjust_layer|get_tri_layer_lower_layer|get_tri_layer_upper_layer|keyboard_leds|rgb_matrix_is_driver_shutdown|wireless_get_state
0x080113B8,32,send_report,ref1011_via,0x08011200,exact,1.000,xrefs: raw_hid_send@0x08011400(b) send_keyboard@0x080113D8(b) send_nkro@0x080113E2(b) send_mouse@0x080113EC(b) ...
0x080113D8,10,send_keyboard,ref1011_via,0x08011220,exact,1.000,
0x080113E2,10,send_nkro,ref1011_via,0x0801122A,exact,1.000,
0x080113EC,10,send_mouse,ref1011_via,0x08011234,exact,1.000,
0x080113F6,10,send_extra,ref1011_via,0x0801123E,exact,1.000,
0x08011400,16,raw_hid_send,ref1011_via,0x08011248,exact,1.000,xrefs: via_command_kb@0x0800AC3C(bl)
0x08011410,38,raw_hid_task,ref1011_via,0x08011258,fuzzy-anchored,0.562,call-anchored: bl from protocol_post_task@0x0801149C+0x2 ; xrefs: protocol_post_task@0x0801149C(bl)
0x08011436,6,eeconfig_init_user|encoder0_pad_cb|layer_clear|oneshot_disable|quantum_task|rgb_matrix_toggle_noeeprom,ref1011_via,0x0800AA62,exact-ambiguous,1.000,tiny body placed (adjacent) ; identical body for: eeconfig_init_user|encoder0_pad_cb|layer_clear|oneshot_disable|quantum_task|rgb_matrix_toggle_noeeprom
0x0801143C,2,early_hardware_init_post,ref1011_via,0x08011280,exact-ambiguous,1.000,tiny body placed (vote) ; ambiguous body {__aeabi_idiv0|__aeabi_ldiv0|__chibios_override_boardInit|__cpu_init|__late_init|__malloc_lock|__malloc_unlock|_fini|battery_stop|board_init|default_layer_debug|default_layer_state_set_user|dummy_cb|early_hardware_init_post|housekeeping_task_user|keyboard_post_init_user|keyboard_pre_init_user|layer_debug|layer_state_set_user|led_init_ports|led_set_user|led_update_ports|matrix_init_user|matrix_power_down|matrix_power_up|matrix_print|matrix_scan_user|matrix_setup|notify_usb_device_state_change_user|oneshot_layer_changed_user|oneshot_locked_mods_changed_user|oneshot_mods_changed_user|post_process_record_user|rgb_matrix_none_indicators_user|suspend_power_down_user|suspend_wakeup_init_user|via_init_kb|via_set_layout_options_kb|wireless_enter_bluetooth_pin_code_entry_kb|wireless_enter_connected_kb|wireless_enter_discoverable_kb|wireless_enter_reconnecting_kb|wireless_enter_sleep_kb|wireless_exit_bluetooth_pin_code_entry_kb|wireless_post_task} resolved by caller: bl from __early_init@0x08011440+0xA ; same body also matches: __aeabi_idiv0|__aeabi_ldiv0|__chibios_override_boardInit|__cpu_init|__late_init|__malloc_lock|__malloc_unlock|_fini|battery_stop|board_init|default_layer_debug|default_layer_state_set_user|dummy_cb|housekeeping_task_user|keyboard_post_init_user|keyboard_pre_init_user|layer_debug|layer_state_set_user|led_init_ports|led_set_user|led_update_ports|matrix_init_user|matrix_power_down|matrix_power_up|matrix_print|matrix_scan_user|matrix_setup|notify_usb_device_state_change_user|oneshot_layer_changed_user|oneshot_locked_mods_changed_user|oneshot_mods_changed_user|post_process_record_user|rgb_matrix_none_indicators_user|suspend_power_down_user|suspend_wakeup_init_user|via_init_kb|via_set_layout_options_kb|wireless_enter_bluetooth_pin_code_entry_kb|wireless_enter_connected_kb|wireless_enter_discoverable_kb|wireless_enter_reconnecting_kb|wireless_enter_sleep_kb|wireless_exit_bluetooth_pin_code_entry_kb|wireless_post_task ; xrefs: __early_init@0x08011440(bl)
0x0801143E,2,board_init,ref1011_via,0x08011282,exact-ambiguous,1.000,tiny body placed (vote) ; ambiguous body {__aeabi_idiv0|__aeabi_ldiv0|__chibios_override_boardInit|__cpu_init|__late_init|__malloc_lock|__malloc_unlock|_fini|battery_stop|board_init|default_layer_debug|default_layer_state_set_user|dummy_cb|early_hardware_init_post|housekeeping_task_user|keyboard_post_init_user|keyboard_pre_init_user|layer_debug|layer_state_set_user|led_init_ports|led_set_user|led_update_ports|matrix_init_user|matrix_power_down|matrix_power_up|matrix_print|matrix_scan_user|matrix_setup|notify_usb_device_state_change_user|oneshot_layer_changed_user|oneshot_locked_mods_changed_user|oneshot_mods_changed_user|post_process_record_user|rgb_matrix_none_indicators_user|suspend_power_down_user|suspend_wakeup_init_user|via_init_kb|via_set_layout_options_kb|wireless_enter_bluetooth_pin_code_entry_kb|wireless_enter_connected_kb|wireless_enter_discoverable_kb|wireless_enter_reconnecting_kb|wireless_enter_sleep_kb|wireless_exit_bluetooth_pin_code_entry_kb|wireless_post_task} resolved by caller: bl from boardInit@0x08011450+0x6 ; same body also matches: __aeabi_idiv0|__aeabi_ldiv0|__chibios_override_boardInit|__cpu_init|__late_init|__malloc_lock|__malloc_unlock|_fini|battery_stop|default_layer_debug|default_layer_state_set_user|dummy_cb|early_hardware_init_post|housekeeping_task_user|keyboard_post_init_user|keyboard_pre_init_user|layer_debug|layer_state_set_user|led_init_ports|led_set_user|led_update_ports|matrix_init_user|matrix_power_down|matrix_power_up|matrix_print|matrix_scan_user|matrix_setup|notify_usb_device_state_change_user|oneshot_layer_changed_user|oneshot_locked_mods_changed_user|oneshot_mods_changed_user|post_process_record_user|rgb_matrix_none_indicators_user|suspend_power_down_user|suspend_wakeup_init_user|via_init_kb|via_set_layout_options_kb|wireless_enter_bluetooth_pin_code_entry_kb|wireless_enter_connected_kb|wireless_enter_discoverable_kb|wireless_enter_reconnecting_kb|wireless_enter_sleep_kb|wireless_exit_bluetooth_pin_code_entry_kb|wireless_post_task ; xrefs: boardInit@0x08011450(bl)
0x08011440,16,__early_init,ref1011_via,0x08011284,exact,1.000,xrefs: _crt0_entry@0x08008000(bl)
0x08011450,12,boardInit,ref1011_via,0x08011294,exact-ambiguous,1.000,ambiguous body {boardInit|housekeeping_task|led_wakeup|rgb_matrix_none_indicators} resolved by caller: bl from halInit@0x080124E4+0x1A ; same body also matches: housekeeping_task|led_wakeup|rgb_matrix_none_indicators ; xrefs: halInit@0x080124E4(bl)
0x08011460,44,protocol_pre_init,ref1011_via,0x080112A4,exact,1.000,xrefs: protocol_init@0x0800CF3C(bl)
0x0801148C,12,protocol_post_init,ref1011_via,0x080112D0,exact,1.000,xrefs: protocol_init@0x0800CF3C(b)
0x0801149C,14,protocol_post_task,ref1011_via,0x080112E0,exact-ambiguous,1.000,ambiguous body {VectorB0|chThdCreateI|clear_keyboard|clear_keyboard_but_mods|platform_setup|protocol_post_task} resolved by caller: b.w from protocol_task@0x0800CF4E+0xE ; same body also matches: VectorB0|chThdCreateI|clear_keyboard|clear_keyboard_but_mods|platform_setup ; xrefs: protocol_task@0x0800CF4E(b)
0x080114AC,120,get_usb_descriptor,ref1011_via,0x080112F0,fuzzy-anchored,0.920,call-anchored: bl from usb_get_descriptor_cb@0x0801110C+0x30 ; xrefs: usb_get_descriptor_cb@0x0801110C(bl)
0x08011524,58,obnotify,ref1011_via,0x08011368,exact,1.000,
0x0801155E,54,usb_start_receive,ref1011_via,0x080113A2,exact,1.000,xrefs: usb_endpoint_out_configure_cb@0x080116A8(b) ibnotify@0x08011594(b) usb_endpoint_out_rx_complete_cb@0x08011754(bl~)
0x08011594,6,ibnotify,ref1011_via,0x080113D8,exact,1.000,tiny body placed (adjacent)
0x080115D4,40,usb_endpoint_out_init,ref1011_via,0x08011418,fuzzy,0.903,
0x080115FC,32,usb_endpoint_in_start,ref1011_via,0x08011440,exact,1.000,
0x0801161C,30,usb_endpoint_out_start,ref1011_via,0x08011460,exact,1.000,
0x0801163A,40,usb_endpoint_in_suspend_cb,ref1011_via,0x0801147E,exact,1.000,xrefs: usb_event_cb@0x080111AC(bl) usb_event_cb@0x080111AC(bl) usb_event_cb@0x080111AC(bl)
0x08011662,26,usb_endpoint_out_suspend_cb,ref1011_via,0x080114A6,exact,1.000,xrefs: usb_event_cb@0x080111AC(bl)
0x0801167C,6,usb_endpoint_in_wakeup_cb,ref1011_via,0x080114C0,exact-ambiguous,1.000,tiny body placed (vote) ; ambiguous body {usb_endpoint_in_wakeup_cb|usb_endpoint_out_wakeup_cb} resolved by caller: bl from usb_event_cb@0x080111AC+0x86 ; same body also matches: usb_endpoint_out_wakeup_cb ; xrefs: usb_event_cb@0x080111AC(bl) usb_event_cb@0x080111AC(bl) usb_event_cb@0x080111AC(bl)
0x08011682,6,usb_endpoint_out_wakeup_cb,ref1011_via,0x080114C6,exact-ambiguous,1.000,tiny body placed (vote) ; ambiguous body {usb_endpoint_in_wakeup_cb|usb_endpoint_out_wakeup_cb} resolved by caller: bl from usb_event_cb@0x080111AC+0x98 ; same body also matches: usb_endpoint_in_wakeup_cb ; xrefs: usb_event_cb@0x080111AC(bl)
0x08011688,32,usb_endpoint_in_configure_cb,ref1011_via,0x080114CC,exact,1.000,xrefs: usb_event_cb@0x080111AC(bl) usb_event_cb@0x080111AC(bl) usb_event_cb@0x080111AC(bl)
0x080116A8,22,usb_endpoint_out_configure_cb,ref1011_via,0x080114EC,exact,1.000,xrefs: usb_event_cb@0x080111AC(bl)
0x080116BE,150,usb_endpoint_in_tx_complete_cb,ref1011_via,0x08011502,exact,1.000,
0x08011754,66,usb_endpoint_out_rx_complete_cb,ref1011_via,0x08011598,fuzzy,0.941,
0x08011796,162,usb_endpoint_in_send,ref1011_via,0x080115DA,fuzzy-anchored,0.782,call-anchored: bl from send_report@0x080113B8+0x12 ; xrefs: send_report@0x080113B8(bl)
0x08011838,56,usb_endpoint_in_is_inactive,ref1011_via,0x08011674,exact,1.000,xrefs: usb_idle_task@0x08011AF8(bl~) usb_idle_task@0x08011AF8(bl~)
0x08011870,76,usb_endpoint_out_receive,ref1011_via,0x080116AC,fuzzy,0.875,xrefs: raw_hid_task@0x08011410(bl~)
0x080118E6,22,usb_get_report,ref1011_via,0x0801171E,exact,1.000,
0x080118FC,28,usb_reset_report,ref1011_via,0x08011734,exact,1.000,
0x08011918,60,usb_shared_set_report,ref1011_via,0x08011750,fuzzy,0.976,
0x08011954,28,usb_shared_get_report,ref1011_via,0x0801178A,exact,1.000,
0x08011970,38,usb_shared_reset_report,ref1011_via,0x080117A6,exact,1.000,
0x080119F0,28,usb_set_idle_rate,ref1011_via,0x08011824,exact,1.000,
0x08011A0C,12,usb_get_idle_rate,ref1011_via,0x08011840,exact,1.000,
0x08011A64,36,usb_shared_set_idle_rate,ref1011_via,0x0801189C,exact,1.000,
0x08011A88,22,usb_shared_get_idle_rate,ref1011_via,0x080118C0,exact,1.000,
0x08011AF8,272,usb_idle_task,ref1011_via,0x08011930,fuzzy-anchored,0.753,call-anchored: b.w from protocol_post_task@0x0801149C+0xA ; xrefs: protocol_post_task@0x0801149C(b)
0x08011C08,80,usb_get_idle_cb,ref1011_via,0x08011A24,fuzzy,0.901,
0x08011C58,76,usb_set_idle_cb,ref1011_via,0x08011A74,fuzzy,0.935,
0x08011CA4,24,__core_init,ref1011_via,0x08011AC0,exact,1.000,xrefs: chSysInit@0x08011D5C(bl)
0x08011CBC,44,chCoreAllocFromBaseI,ref1011_via,0x08011AD8,exact,1.000,xrefs: chCoreAllocFromBase@0x08011CE8(bl)
0x08011CE8,20,chCoreAllocFromBase,ref1011_via,0x08011B04,exact-ambiguous,1.000,ambiguous body {chCoreAllocFromBase|chMtxLock} resolved by caller: bl from _sbrk_r@0x08014F20+0xA ; same body also matches: chMtxLock ; xrefs: _sbrk_r@0x08014F20(bl)
0x08011CFC,2,__cpu_init,ref1011_via,0x08011B18,exact-ambiguous,1.000,tiny body placed (vote) ; ambiguous body {__aeabi_idiv0|__aeabi_ldiv0|__chibios_override_boardInit|__cpu_init|__late_init|__malloc_lock|__malloc_unlock|_fini|battery_stop|board_init|default_layer_debug|default_layer_state_set_user|dummy_cb|early_hardware_init_post|housekeeping_task_user|keyboard_post_init_user|keyboard_pre_init_user|layer_debug|layer_state_set_user|led_init_ports|led_set_user|led_update_ports|matrix_init_user|matrix_power_down|matrix_power_up|matrix_print|matrix_scan_user|matrix_setup|notify_usb_device_state_change_user|oneshot_layer_changed_user|oneshot_locked_mods_changed_user|oneshot_mods_changed_user|post_process_record_user|rgb_matrix_none_indicators_user|suspend_power_down_user|suspend_wakeup_init_user|via_init_kb|via_set_layout_options_kb|wireless_enter_bluetooth_pin_code_entry_kb|wireless_enter_connected_kb|wireless_enter_discoverable_kb|wireless_enter_reconnecting_kb|wireless_enter_sleep_kb|wireless_exit_bluetooth_pin_code_entry_kb|wireless_post_task} resolved by caller: bl from _crt0_entry@0x08008000+0x64 ; same body also matches: __aeabi_idiv0|__aeabi_ldiv0|__chibios_override_boardInit|__late_init|__malloc_lock|__malloc_unlock|_fini|battery_stop|board_init|default_layer_debug|default_layer_state_set_user|dummy_cb|early_hardware_init_post|housekeeping_task_user|keyboard_post_init_user|keyboard_pre_init_user|layer_debug|layer_state_set_user|led_init_ports|led_set_user|led_update_ports|matrix_init_user|matrix_power_down|matrix_power_up|matrix_print|matrix_scan_user|matrix_setup|notify_usb_device_state_change_user|oneshot_layer_changed_user|oneshot_locked_mods_changed_user|oneshot_mods_changed_user|post_process_record_user|rgb_matrix_none_indicators_user|suspend_power_down_user|suspend_wakeup_init_user|via_init_kb|via_set_layout_options_kb|wireless_enter_bluetooth_pin_code_entry_kb|wireless_enter_connected_kb|wireless_enter_discoverable_kb|wireless_enter_reconnecting_kb|wireless_enter_sleep_kb|wireless_exit_bluetooth_pin_code_entry_kb|wireless_post_task ; xrefs: _crt0_entry@0x08008000(bl)
0x08011CFE,2,__late_init,ref1011_via,0x08011B1A,exact-ambiguous,1.000,tiny body placed (vote) ; ambiguous body {__aeabi_idiv0|__aeabi_ldiv0|__chibios_override_boardInit|__cpu_init|__late_init|__malloc_lock|__malloc_unlock|_fini|battery_stop|board_init|default_layer_debug|default_layer_state_set_user|dummy_cb|early_hardware_init_post|housekeeping_task_user|keyboard_post_init_user|keyboard_pre_init_user|layer_debug|layer_state_set_user|led_init_ports|led_set_user|led_update_ports|matrix_init_user|matrix_power_down|matrix_power_up|matrix_print|matrix_scan_user|matrix_setup|notify_usb_device_state_change_user|oneshot_layer_changed_user|oneshot_locked_mods_changed_user|oneshot_mods_changed_user|post_process_record_user|rgb_matrix_none_indicators_user|suspend_power_down_user|suspend_wakeup_init_user|via_init_kb|via_set_layout_options_kb|wireless_enter_bluetooth_pin_code_entry_kb|wireless_enter_connected_kb|wireless_enter_discoverable_kb|wireless_enter_reconnecting_kb|wireless_enter_sleep_kb|wireless_exit_bluetooth_pin_code_entry_kb|wireless_post_task} resolved by caller: bl from bloop@0x080080A6+0xE ; same body also matches: __aeabi_idiv0|__aeabi_ldiv0|__chibios_override_boardInit|__cpu_init|__malloc_lock|__malloc_unlock|_fini|battery_stop|board_init|default_layer_debug|default_layer_state_set_user|dummy_cb|early_hardware_init_post|housekeeping_task_user|keyboard_post_init_user|keyboard_pre_init_user|layer_debug|layer_state_set_user|led_init_ports|led_set_user|led_update_ports|matrix_init_user|matrix_power_down|matrix_power_up|matrix_print|matrix_scan_user|matrix_setup|notify_usb_device_state_change_user|oneshot_layer_changed_user|oneshot_locked_mods_changed_user|oneshot_mods_changed_user|post_process_record_user|rgb_matrix_none_indicators_user|suspend_power_down_user|suspend_wakeup_init_user|via_init_kb|via_set_layout_options_kb|wireless_enter_bluetooth_pin_code_entry_kb|wireless_enter_connected_kb|wireless_enter_discoverable_kb|wireless_enter_reconnecting_kb|wireless_enter_sleep_kb|wireless_exit_bluetooth_pin_code_entry_kb|wireless_post_task ; xrefs: bloop@0x080080A6(bl)
0x08011D04,82,__init_ram_areas,ref1011_via,0x08011B20,fuzzy-anchored,0.706,call-anchored: bl from bloop@0x080080A6+0xA ; xrefs: bloop@0x080080A6(bl)
0x08011D5C,48,chSysInit,ref1011_via,0x08011B6C,exact,1.000,xrefs: platform_setup@0x08010C74(b)
0x08011D8C,24,chSysHalt,ref1011_via,0x08011B9C,exact,1.000,xrefs: spi_lld_serve_tx_interrupt@0x08014C00(bl) _exit@0x08014F58(bl) spi_lld_serve_rx_interrupt@0x08014B74(bl~) _kill@0x08014F68(bl)
0x08011DA8,18,chSysGetStatusAndLockX,ref1011_via,0x08011BB8,exact,1.000,xrefs: rtc_lld_get_time@0x0801499C(bl~)
0x08011DBA,30,chSysRestoreStatusX,ref1011_via,0x08011BCA,exact,1.000,xrefs: rtc_lld_get_time@0x0801499C(bl~)
0x08011DD8,20,chSysPolledDelayX,ref1011_via,0x08011BE8,exact,1.000,xrefs: usb_lld_start@0x08013D94(bl) usb_lld_start@0x08013D94(bl) usb_lld_reset@0x08013EA4(bl) otg_txfifo_flush.isra.0@0x08013D5E(b) ...
0x08011DEC,16,chRFCUCollectFaultsI,ref1011_via,0x08011BFC,fuzzy-anchored,0.875,call-anchored: b.w from vt_set_alarm@0x08011E26+0x30 ; xrefs: vt_set_alarm@0x08011E26(b) chVTDoTickI@0x08011F84(bl~)
0x08011DFC,42,ch_dlist_insert,ref1011_via,0x08011C0C,fuzzy,1.000,xrefs: chVTDoTickI@0x08011F84(bl~)
0x08011E26,54,vt_set_alarm,ref1011_via,0x08011C36,exact,1.000,
0x08011E5C,88,vt_insert_first.constprop.0,ref1011_via,0x08011C6C,fuzzy,0.937,
0x08011F18,108,chVTDoResetI,ref1011_via,0x08011D20,fuzzy,0.958,xrefs: chSchGoSleepTimeoutS@0x080120E8(bl~)
0x08011F84,200,chVTDoTickI,ref1011_via,0x08011D8C,fuzzy,0.937,
0x0801204C,28,__sch_ready_behind,ref1011_via,0x08011E40,exact,1.000,xrefs: __sch_wakeup@0x08012084(bl~)
0x08012068,28,__sch_ready_ahead,ref1011_via,0x08011E5C,exact,1.000,xrefs: chSchDoPreemption@0x0801213C(bl)
0x08012084,68,__sch_wakeup,ref1011_via,0x08011E78,fuzzy,0.945,
0x080120CC,28,chSchGoSleepS,ref1011_via,0x08011EC0,exact,1.000,xrefs: chThdExitS@0x08012274(b) chSchGoSleepTimeoutS@0x080120E8(bl~) chSchGoSleepTimeoutS@0x080120E8(bl~)
0x080120E8,60,chSchGoSleepTimeoutS,ref1011_via,0x08011EDC,fuzzy-anchored,1.000,call-anchored: bl from chThdSleep@0x0801228E+0xC ; xrefs: chThdSleep@0x0801228E(bl)
0x08012124,24,chSchIsPreemptionRequired,ref1011_via,0x08011F18,exact,1.000,xrefs: __port_irq_epilogue@0x08012490(bl)
0x0801213C,40,chSchDoPreemption,ref1011_via,0x08011F30,exact-ambiguous,1.000,ambiguous body {__sch_reschedule_ahead|chSchDoPreemption} resolved by caller: b.w from chSchRescheduleS@0x08012164+0xE ; same body also matches: __sch_reschedule_ahead ; xrefs: chSchRescheduleS@0x08012164(b)
0x08012164,24,chSchRescheduleS,ref1011_via,0x08011F58,exact,1.000,xrefs: chSysRestoreStatusX@0x08011DBA(bl) chMtxUnlock@0x080123CC(bl~) usb_endpoint_in_send@0x08011796(bl~)
0x0801217C,4,__idle_thread,ref1011_via,0x08011F70,exact,1.000,tiny body placed (adjacent)
0x08012180,128,chInstanceObjectInit,ref1011_via,0x08011F74,fuzzy-anchored,0.960,call-anchored: bl from chSysInit@0x08011D5C+0x14 ; xrefs: chSysInit@0x08011D5C(bl)
0x08012200,20,__thd_object_init,ref1011_via,0x08011FF4,exact,1.000,xrefs: chInstanceObjectInit@0x08012180(bl~)
0x08012214,80,chThdCreateSuspendedI,ref1011_via,0x08012008,exact,1.000,xrefs: chThdCreateI@0x08012264(bl)
0x08012264,14,chThdCreateI,ref1011_via,0x08012058,exact-ambiguous,1.000,ambiguous body {VectorB0|chThdCreateI|clear_keyboard|clear_keyboard_but_mods|platform_setup|protocol_post_task} resolved by caller: bl(fuzzy-paired) from chInstanceObjectInit@0x08012180+0x66 ; same body also matches: VectorB0|clear_keyboard|clear_keyboard_but_mods|platform_setup|protocol_post_task ; xrefs: chInstanceObjectInit@0x08012180(bl~)
0x08012274,16,chThdExitS,ref1011_via,0x08012068,exact,1.000,xrefs: chThdExit@0x08012284(b)
0x08012284,10,chThdExit,ref1011_via,0x08012078,exact,1.000,xrefs: __port_thread_start@0x0800813C(bl)
0x0801228E,24,chThdSleep,ref1011_via,0x08012082,exact,1.000,xrefs: wireless_low_battery_shutdown@0x08008848(bl) wireless_low_battery_shutdown@0x08008848(bl) wireless_low_battery_shutdown@0x08008848(bl) wireless_low_battery_shutdown@0x08008848(bl) ...
0x080122A8,28,chThdSuspendTimeoutS,ref1011_via,0x0801209C,fuzzy-anchored,0.909,call-anchored: b.w from spiSynchronizeS@0x080129C8+0x8 ; xrefs: spiSynchronizeS@0x080129C8(b)
0x080122C4,18,chThdResumeI,ref1011_via,0x080120B8,exact,1.000,xrefs: spi_lld_serve_tx_interrupt@0x08014C00(bl) spi_lld_serve_rx_interrupt@0x08014B74(bl~) otg_epout_handler.constprop.0@0x08014150(bl~) otg_epin_handler.constprop.0@0x0801428C(bl~) ...
0x080122D8,32,chThdEnqueueTimeoutS,ref1011_via,0x080120CC,fuzzy-anchored,0.846,call-anchored: bl from ibqGetFullBufferTimeoutS@0x080125B0+0x22 ; xrefs: ibqGetFullBufferTimeoutS@0x080125B0(bl) obqGetEmptyBufferTimeoutS@0x0801270C(bl)
0x080122F8,22,chThdDequeueNextI,ref1011_via,0x080120EC,exact,1.000,xrefs: ibqPostFullBufferI@0x08012590(b) obqReleaseEmptyBufferI@0x080126EE(b)
0x0801230E,28,chThdDequeueAllI,ref1011_via,0x08012102,exact,1.000,xrefs: usb_endpoint_in_suspend_cb@0x0801163A(bl) usb_endpoint_out_suspend_cb@0x08011662(bl) obqResetI@0x080126BA(b) ibqResetI@0x08012566(b) ...
0x0801232A,30,ch_sch_prio_insert,ref1011_via,0x0801211E,exact,1.000,xrefs: chMtxLockS@0x08012352(bl~) chMtxLockS@0x08012352(bl~)
0x08012348,10,chMtxObjectInit,ref1011_via,0x0801213C,exact,1.000,xrefs: eflObjectInit@0x080128AC(b) spiObjectInit@0x0801292C(b)
0x08012352,102,chMtxLockS,ref1011_via,0x08012148,fuzzy,0.989,
0x080123B8,20,chCoreAllocFromBase|chMtxLock,ref1011_via,0x08011B04,exact-ambiguous,1.000,identical body for: chCoreAllocFromBase|chMtxLock
0x080123CC,92,chMtxUnlock,ref1011_via,0x080121C0,fuzzy,0.951,
0x08012428,32,SVC_Handler,ref1011_via,0x0801221C,exact,1.000,xrefs: _vectors@0x0800002C(vec)
0x08012448,72,port_init,ref1011_via,0x0801223C,exact,1.000,xrefs: chInstanceObjectInit@0x08012180(bl~)
0x08012490,84,__port_irq_epilogue,ref1011_via,0x08012284,exact,1.000,xrefs: VectorE0@0x0801321C(b) Vector48@0x0801475C(b) Vector9C@0x080131B8(b) VectorE4@0x080147FC(b) ...
0x080124E4,38,halInit,ref1011_via,0x080122D8,exact,1.000,xrefs: platform_setup@0x08010C74(bl) lpm_task@0x0800A17C(bl~)
0x0801250E,8,stGetCounter,ref1011_via,0x08012302,exact,1.000,xrefs: vt_set_alarm@0x08011E26(bl) timer_clear@0x08010CBC(bl) usb_shared_set_report@0x08011918(bl~) chInstanceObjectInit@0x08012180(bl~) ...
0x08012516,16,stStartAlarm,ref1011_via,0x0801230A,exact,1.000,xrefs: vt_insert_first.constprop.0@0x08011E5C(bl~)
0x08012526,10,stStopAlarm,ref1011_via,0x0801231A,exact,1.000,xrefs: chVTDoTickI@0x08011F84(bl~)
0x08012530,8,stSetAlarm,ref1011_via,0x08012324,exact,1.000,xrefs: vt_set_alarm@0x08011E26(bl) vt_insert_first.constprop.0@0x08011E5C(bl~)
0x08012538,46,ibqObjectInit,ref1011_via,0x0801232C,exact,1.000,xrefs: usb_endpoint_out_init@0x080115D4(bl~)
0x08012566,22,ibqResetI,ref1011_via,0x0801235A,exact,1.000,xrefs: usb_endpoint_out_suspend_cb@0x08011662(b) usb_endpoint_out_configure_cb@0x080116A8(bl)
0x0801257C,20,ibqGetEmptyBufferI,ref1011_via,0x08012370,exact,1.000,xrefs: usb_start_receive@0x0801155E(bl)
0x08012590,32,ibqPostFullBufferI,ref1011_via,0x08012384,exact,1.000,xrefs: usb_endpoint_out_rx_complete_cb@0x08011754(bl~)
0x080125B0,50,ibqGetFullBufferTimeoutS,ref1011_via,0x080123A4,exact,1.000,
0x080125E2,36,ibqReleaseEmptyBufferS,ref1011_via,0x080123D6,exact,1.000,
0x0801268C,46,obqObjectInit,ref1011_via,0x0801247C,exact,1.000,
0x080126BA,24,obqResetI,ref1011_via,0x080124AA,exact,1.000,xrefs: usb_endpoint_in_suspend_cb@0x0801163A(bl) usb_endpoint_in_configure_cb@0x08011688(bl) usb_endpoint_in_send@0x08011796(bl~)
0x080126D2,28,obqGetFullBufferI,ref1011_via,0x080124C2,fuzzy-anchored,0.923,call-anchored: bl from usb_endpoint_in_tx_complete_cb@0x080116BE+0x3C ; xrefs: usb_endpoint_in_tx_complete_cb@0x080116BE(bl) usb_endpoint_in_tx_complete_cb@0x080116BE(bl) obnotify@0x08011524(bl)
0x080126EE,30,obqReleaseEmptyBufferI,ref1011_via,0x080124DE,exact,1.000,xrefs: usb_endpoint_in_tx_complete_cb@0x080116BE(bl)
0x0801270C,50,obqGetEmptyBufferTimeoutS,ref1011_via,0x080124FC,exact,1.000,
0x0801273E,38,obqPostFullBufferS,ref1011_via,0x0801252E,exact,1.000,xrefs: obqFlush@0x080127EE(bl)
0x080127EE,32,obqFlush,ref1011_via,0x080125DA,exact,1.000,xrefs: usb_endpoint_in_send@0x08011796(bl~)
0x0801284C,26,flashGetSectorOffset,ref1011_via,0x0801263C,exact,1.000,xrefs: efl_lld_verify_erase@0x080136A8(bl~)
0x08012866,26,flashGetSectorSize,ref1011_via,0x08012656,exact,1.000,xrefs: efl_lld_verify_erase@0x080136A8(bl~)
0x08012880,16,flashGetOffsetAddress,ref1011_via,0x08012670,exact,1.000,xrefs: backing_store_read@0x0800D56C(bl~)
0x08012890,12,efl_acquire_exclusive|efl_release_exclusive,ref1011_via,0x08012680,exact-ambiguous,1.000,identical body for: efl_acquire_exclusive|efl_release_exclusive
0x0801289C,12,efl_acquire_exclusive|efl_release_exclusive,ref1011_via,0x08012680,exact-ambiguous,1.000,identical body for: efl_acquire_exclusive|efl_release_exclusive
0x080128AC,20,eflObjectInit,ref1011_via,0x0801269C,exact,1.000,xrefs: efl_lld_init@0x080134A8(bl)
0x080128C0,28,eflStart,ref1011_via,0x080126B0,exact,1.000,xrefs: backing_store_unlock@0x0800D44C(bl)
0x080128DC,26,eflStop,ref1011_via,0x080126CC,exact,1.000,xrefs: backing_store_lock@0x0800D4D4(bl)
0x080128F8,24,palSetLineCallbackI,ref1011_via,0x080126E8,exact,1.000,xrefs: encoder_cb_init@0x0800ABDC(bl) encoder_cb_init@0x0800ABDC(bl)
0x08012914,12,rtcObjectInit,ref1011_via,0x08012704,exact,1.000,
0x0801292C,16,spiObjectInit,ref1011_via,0x0801271C,exact,1.000,xrefs: spi_lld_init@0x08014C3C(bl~)
0x0801293C,34,spiStart,ref1011_via,0x0801272C,exact,1.000,xrefs: spi_start@0x08010ECC(bl~)
0x0801295E,28,spiStop,ref1011_via,0x0801274E,exact,1.000,xrefs: spi_init@0x08010E58(bl) spi_stop@0x08010FC8(bl)
0x0801297A,28,spiSelect,ref1011_via,0x0801276A,fuzzy,0.917,xrefs: spi_start@0x08010ECC(bl~)
0x08012996,28,spiUnselect,ref1011_via,0x08012784,fuzzy-anchored,0.880,call-anchored: bl from spi_stop@0x08010FC8+0xA ; xrefs: spi_stop@0x08010FC8(bl)
0x080129B2,14,spiStartExchangeI,ref1011_via,0x0801279E,fuzzy-anchored,0.800,call-anchored: bl from spiExchange@0x080129D8+0xA ; xrefs: spiExchange@0x080129D8(bl)
0x080129C0,8,spiStartSendI,ref1011_via,0x080127AA,exact,1.000,xrefs: spiSend@0x080129FA(bl)
0x080129C8,16,spiSynchronizeS,ref1011_via,0x080127B2,exact,1.000,xrefs: spiExchange@0x080129D8(bl) spiSend@0x080129FA(bl)
0x080129D8,34,spiExchange,ref1011_via,0x080127C2,exact,1.000,
0x080129FA,34,spiSend,ref1011_via,0x080127E4,exact,1.000,xrefs: spi_transmit@0x08010FB4(bl)
0x08012A20,24,usbObjectInit,ref1011_via,0x0801280A,exact,1.000,xrefs: usb_lld_init@0x08013D74(bl~)
0x08012A38,38,usbStart,ref1011_via,0x08012822,fuzzy,0.914,
0x08012AB2,50,usbInitEndpointI,ref1011_via,0x08012898,exact,1.000,xrefs: usb_endpoint_in_configure_cb@0x08011688(bl)
0x08012B32,36,usbStartReceiveI,ref1011_via,0x08012914,fuzzy-anchored,0.647,call-anchored: bl from _usb_ep0in@0x08012F6C+0x7C ; xrefs: _usb_ep0in@0x08012F6C(bl) usb_start_receive@0x0801155E(b)
0x08012B56,36,usbStartTransmitI,ref1011_via,0x08012938,fuzzy-anchored,0.688,call-anchored: bl from _usb_ep0in@0x08012F6C+0x58 ; xrefs: _usb_ep0in@0x08012F6C(bl) usb_endpoint_in_tx_complete_cb@0x080116BE(bl) _usb_ep0out@0x0801301E(bl) obnotify@0x08011524(bl)
0x08012B7A,62,usbWakeupHost,ref1011_via,0x0801295C,exact,1.000,
0x08012C2C,96,_usb_suspend,ref1011_via,0x08012A08,fuzzy,0.865,xrefs: Vector14C@0x080143A0(bl~)
0x08012C8C,22,_usb_wakeup,ref1011_via,0x08012A64,exact,1.000,xrefs: Vector14C@0x080143A0(bl~) Vector14C@0x080143A0(bl~)
0x08012F6C,178,_usb_ep0in,ref1011_via,0x08012D44,exact,1.000,
0x0801301E,120,_usb_ep0out,ref1011_via,0x08012DF6,exact,1.000,
0x08013096,42,nvicEnableVector,ref1011_via,0x08012E6E,fuzzy-anchored,0.500,call-anchored: bl from usb_lld_start@0x08013D94+0x3C ; xrefs: usb_lld_start@0x08013D94(bl) irqInit@0x0801329A(bl) irqInit@0x0801329A(bl) irqInit@0x0801329A(bl) ...
0x080130C0,2,__aeabi_idiv0|__aeabi_ldiv0|__chibios_override_boardInit|__cpu_init|__late_init|__malloc_lock|__malloc_unlock|_fini|battery_stop|board_init|default_layer_debug|default_layer_state_set_user|dummy_cb|early_hardware_init_post|housekeeping_task_user|keyboard_post_init_user|keyboard_pre_init_user|layer_debug|layer_state_set_user|led_init_ports|led_set_user|led_update_ports|matrix_init_user|matrix_power_down|matrix_power_up|matrix_print|matrix_scan_user|matrix_setup|notify_usb_device_state_change_user|oneshot_layer_changed_user|oneshot_locked_mods_changed_user|oneshot_mods_changed_user|post_process_record_user|rgb_matrix_none_indicators_user|suspend_power_down_user|suspend_wakeup_init_user|via_init_kb|via_set_layout_options_kb|wireless_enter_bluetooth_pin_code_entry_kb|wireless_enter_connected_kb|wireless_enter_discoverable_kb|wireless_enter_reconnecting_kb|wireless_enter_sleep_kb|wireless_exit_bluetooth_pin_code_entry_kb|wireless_post_task,ref1011_via,0x08008434,exact-ambiguous,1.000,tiny body placed (adjacent) ; identical body for: __aeabi_idiv0|__aeabi_ldiv0|__chibios_override_boardInit|__cpu_init|__late_init|__malloc_lock|__malloc_unlock|_fini|battery_stop|board_init|default_layer_debug|default_layer_state_set_user|dummy_cb|early_hardware_init_post|housekeeping_task_user|keyboard_post_init_user|keyboard_pre_init_user|layer_debug|layer_state_set_user|led_init_ports|led_set_user|led_update_ports|matrix_init_user|matrix_power_down|matrix_power_up|matrix_print|matrix_scan_user|matrix_setup|notify_usb_device_state_change_user|oneshot_layer_changed_user|oneshot_locked_mods_changed_user|oneshot_mods_changed_user|post_process_record_user|rgb_matrix_none_indicators_user|suspend_power_down_user|suspend_wakeup_init_user|via_init_kb|via_set_layout_options_kb|wireless_enter_bluetooth_pin_code_entry_kb|wireless_enter_connected_kb|wireless_enter_discoverable_kb|wireless_enter_reconnecting_kb|wireless_enter_sleep_kb|wireless_exit_bluetooth_pin_code_entry_kb|wireless_post_task
0x080130C2,44,nvicDisableVector,ref1011_via,0x08012E98,exact,1.000,xrefs: usb_lld_stop@0x08013E60(bl) dmaStreamFreeI@0x08013A94(bl~)
0x080130F0,40,Vector58,ref1011_via,0x08012EC4,exact,1.000,xrefs: _vectors@0x08000058(vec)
0x08013118,40,Vector5C,ref1011_via,0x08012EEC,exact,1.000,xrefs: _vectors@0x0800005C(vec)
0x08013140,40,Vector60,ref1011_via,0x08012F14,exact,1.000,xrefs: _vectors@0x08000060(vec)
0x08013168,40,Vector64,ref1011_via,0x08012F3C,exact,1.000,xrefs: _vectors@0x08000064(vec)
0x08013190,40,Vector68,ref1011_via,0x08012F64,exact,1.000,xrefs: _vectors@0x08000068(vec)
0x080131B8,100,Vector9C,ref1011_via,0x08012F8C,exact,1.000,xrefs: _vectors@0x0800009C(vec)
0x0801321C,112,VectorE0,ref1011_via,0x08012FF0,exact,1.000,xrefs: _vectors@0x080000E0(vec)
0x0801328C,14,VectorB0,ref1011_via,0x08013060,exact-ambiguous,1.000,ambiguous body {VectorB0|chThdCreateI|clear_keyboard|clear_keyboard_but_mods|platform_setup|protocol_post_task} resolved by caller: vector slot 0xB0 ; same body also matches: chThdCreateI|clear_keyboard|clear_keyboard_but_mods|platform_setup|protocol_post_task ; xrefs: _vectors@0x080000B0(vec)
0x0801329A,70,irqInit,ref1011_via,0x0801306E,exact,1.000,xrefs: hal_lld_init@0x080132E0(b)
0x080132E0,168,hal_lld_init,ref1011_via,0x080130B4,exact,1.000,xrefs: halInit@0x080124E4(bl)
0x08013388,248,stm32_clock_init,ref1011_via,0x0801315C,exact,1.000,xrefs: enter_power_mode@0x0800A3A0(bl)
0x08013480,40,stm32_flash_check_errors,ref1011_via,0x08013254,fuzzy,0.919,xrefs: efl_lld_program@0x0801356A(bl~)
0x080134A8,92,efl_lld_init,ref1011_via,0x0801327C,exact,1.000,
0x08013504,40,efl_lld_start,ref1011_via,0x080132D8,exact,1.000,xrefs: eflStart@0x080128C0(bl)
0x0801352C,12,efl_lld_stop,ref1011_via,0x08013300,exact,1.000,xrefs: eflStop@0x080128DC(bl)
0x08013538,4,efl_lld_get_descriptor,ref1011_via,0x0801330C,exact,1.000,tiny body placed (adjacent)
0x0801356A,188,efl_lld_program,ref1011_via,0x0801333E,fuzzy,0.877,
0x08013632,70,efl_lld_start_erase_sector,ref1011_via,0x080133F8,fuzzy,0.918,
0x080136A8,72,efl_lld_verify_erase,ref1011_via,0x08013470,fuzzy,0.984,
0x080136F0,40,Vector6C,ref1011_via,0x080134B8,exact,1.000,xrefs: _vectors@0x0800006C(vec)
0x08013718,44,Vector70,ref1011_via,0x080134E0,fuzzy-anchored,0.649,call-anchored: vector slot 0x70 ; xrefs: _vectors@0x08000070(vec)
0x08013744,44,Vector74,ref1011_via,0x0801350C,fuzzy-anchored,0.649,call-anchored: vector slot 0x74 ; xrefs: _vectors@0x08000074(vec)
0x08013770,44,Vector78,ref1011_via,0x08013538,fuzzy-anchored,0.727,call-anchored: vector slot 0x78 ; xrefs: _vectors@0x08000078(vec)
0x0801379C,40,Vector7C,ref1011_via,0x08013564,exact,1.000,xrefs: _vectors@0x0800007C(vec)
0x080137C4,44,Vector80,ref1011_via,0x0801358C,fuzzy-anchored,0.649,call-anchored: vector slot 0x80 ; xrefs: _vectors@0x08000080(vec)
0x080137F0,44,Vector84,ref1011_via,0x080135B8,fuzzy-anchored,0.649,call-anchored: vector slot 0x84 ; xrefs: _vectors@0x08000084(vec)
0x0801381C,44,VectorFC,ref1011_via,0x080135E4,fuzzy-anchored,0.727,call-anchored: vector slot 0xFC ; xrefs: _vectors@0x080000FC(vec)
0x08013848,40,Vector120,ref1011_via,0x08013610,exact,1.000,xrefs: _vectors@0x08000120(vec)
0x08013870,44,Vector124,ref1011_via,0x08013638,fuzzy-anchored,0.649,call-anchored: vector slot 0x124 ; xrefs: _vectors@0x08000124(vec)
0x0801389C,44,Vector128,ref1011_via,0x08013664,fuzzy-anchored,0.649,call-anchored: vector slot 0x128 ; xrefs: _vectors@0x08000128(vec)
0x080138C8,44,Vector12C,ref1011_via,0x08013690,fuzzy-anchored,0.727,call-anchored: vector slot 0x12C ; xrefs: _vectors@0x0800012C(vec)
0x080138F4,40,Vector130,ref1011_via,0x080136BC,exact,1.000,xrefs: _vectors@0x08000130(vec)
0x0801391C,44,Vector150,ref1011_via,0x080136E4,fuzzy-anchored,0.649,call-anchored: vector slot 0x150 ; xrefs: _vectors@0x08000150(vec)
0x08013948,44,Vector154,ref1011_via,0x08013710,fuzzy-anchored,0.649,call-anchored: vector slot 0x154 ; xrefs: _vectors@0x08000154(vec)
0x08013974,44,Vector158,ref1011_via,0x0801373C,fuzzy-anchored,0.564,call-anchored: vector slot 0x158 ; xrefs: _vectors@0x08000158(vec)
0x080139A0,68,dmaInit,ref1011_via,0x0801376C,fuzzy-anchored,0.764,call-anchored: bl from hal_lld_init@0x080132E0+0x92 ; xrefs: hal_lld_init@0x080132E0(bl)
0x08013A94,88,dmaStreamFreeI,ref1011_via,0x08013860,fuzzy-anchored,0.849,call-anchored: bl from spi_lld_stop@0x08014D3C+0x18 ; xrefs: spi_lld_stop@0x08014D3C(bl) spi_lld_stop@0x08014D3C(bl) spi_lld_start@0x08014C68(bl~)
0x08013B58,28,_pal_lld_init,ref1011_via,0x0801392C,exact,1.000,xrefs: halInit@0x080124E4(bl)
0x08013B74,216,_pal_lld_setgroupmode,ref1011_via,0x08013948,fuzzy-anchored,0.745,call-anchored: bl from spi_init@0x08010E58+0x12 ; xrefs: spi_init@0x08010E58(bl) spi_init@0x08010E58(bl) spi_init@0x08010E58(bl) spi_init@0x08010E58(bl) ...
0x08013C4C,100,_pal_lld_enablepadevent,ref1011_via,0x08013A14,fuzzy-anchored,0.847,call-anchored: bl from encoder_cb_init@0x0800ABDC+0xE ; xrefs: encoder_cb_init@0x0800ABDC(bl) encoder_cb_init@0x0800ABDC(bl) pre_enter_low_power_mode@0x0800A078(bl~) pre_enter_low_power_mode@0x0800A078(bl~) ...
0x08013CB0,88,_pal_lld_disablepadevent,ref1011_via,0x08013A78,fuzzy,1.000,xrefs: lpm_task@0x0800A17C(bl~) lpm_task@0x0800A17C(bl~) lpm_task@0x0800A17C(bl~) lpm_task@0x0800A17C(bl~) ...
0x08013D08,86,otg_disable_ep,ref1011_via,0x08013AD0,exact,1.000,xrefs: usb_lld_start@0x08013D94(bl) usb_lld_stop@0x08013E60(bl) Vector14C@0x080143A0(bl~)
0x08013D5E,20,otg_txfifo_flush.isra.0,ref1011_via,0x08013B26,exact,1.000,xrefs: usb_lld_reset@0x08013EA4(bl) usb_lld_init_endpoint@0x08013F6C(bl~) usb_lld_init_endpoint@0x08013F6C(bl~) Vector14C@0x080143A0(bl~)
0x08013D74,32,usb_lld_init,ref1011_via,0x08013B3C,fuzzy,0.917,
0x08013D94,204,usb_lld_start,ref1011_via,0x08013B5C,exact,1.000,xrefs: usbStart@0x08012A38(bl~)
0x08013E60,68,usb_lld_stop,ref1011_via,0x08013C28,exact,1.000,
0x08013EA4,176,usb_lld_reset,ref1011_via,0x08013C6C,exact,1.000,
0x08013F54,24,usb_lld_set_address,ref1011_via,0x08013D1C,exact,1.000,
0x08013F6C,280,usb_lld_init_endpoint,ref1011_via,0x08013D34,fuzzy-anchored,0.859,call-anchored: b.w from usbInitEndpointI@0x08012AB2+0x2E ; xrefs: usbInitEndpointI@0x08012AB2(b)
0x080140C2,18,usb_lld_read_setup,ref1011_via,0x08013E7A,fuzzy,0.923,
0x080140D4,124,usb_lld_start_out,ref1011_via,0x08013E8A,fuzzy,0.857,xrefs: otg_epout_handler.constprop.0@0x08014150(bl~)
0x08014150,176,otg_epout_handler.constprop.0,ref1011_via,0x08013EFC,fuzzy,0.890,xrefs: Vector14C@0x080143A0(bl~) Vector14C@0x080143A0(bl~) Vector14C@0x080143A0(bl~) Vector14C@0x080143A0(bl~)
0x0801428C,276,otg_epin_handler.constprop.0,ref1011_via,0x08014038,fuzzy,0.868,xrefs: Vector14C@0x080143A0(bl~) Vector14C@0x080143A0(bl~) Vector14C@0x080143A0(bl~) Vector14C@0x080143A0(bl~)
0x080143A0,748,Vector14C,ref1011_via,0x08014144,fuzzy-anchored,0.834,call-anchored: vector slot 0x14C ; xrefs: _vectors@0x0800014C(vec)
0x0801468C,20,usb_lld_stall_out,ref1011_via,0x08014420,exact,1.000,xrefs: _usb_ep0in@0x08012F6C(bl) _usb_ep0out@0x0801301E(bl)
0x080146A0,20,usb_lld_stall_in,ref1011_via,0x08014434,exact,1.000,xrefs: _usb_ep0in@0x08012F6C(bl) _usb_ep0out@0x0801301E(bl)
0x080146B4,20,usb_lld_clear_out,ref1011_via,0x08014448,exact,1.000,
0x080146C8,20,usb_lld_clear_in,ref1011_via,0x0801445C,exact,1.000,
0x080146DC,24,rtc_enter_init,ref1011_via,0x08014470,exact,1.000,
0x080146F4,4,_getsize,ref1011_via,0x08014488,exact,1.000,tiny body placed (adjacent)
0x08014722,58,_write,ref1011_via,0x080144B6,fuzzy,0.955,
0x0801475C,104,Vector48,ref1011_via,0x080144F4,exact,1.000,xrefs: _vectors@0x08000048(vec)
0x080147C4,56,Vector4C,ref1011_via,0x0801455C,exact,1.000,xrefs: _vectors@0x0800004C(vec)
0x080147FC,76,VectorE4,ref1011_via,0x08014594,exact,1.000,xrefs: _vectors@0x080000E4(vec)
0x0801499C,256,rtc_lld_get_time,ref1011_via,0x08014730,fuzzy,0.916,
0x08014A9C,46,spi_lld_configure,ref1011_via,0x0801482C,exact,1.000,xrefs: spi_lld_start@0x08014C68(bl~)
0x08014ACC,168,spi_lld_stop_abort.isra.0,ref1011_via,0x0801485C,fuzzy-anchored,0.909,call-anchored: bl from spi_lld_stop@0x08014D3C+0xA ; xrefs: spi_lld_stop@0x08014D3C(bl) spi_lld_serve_tx_interrupt@0x08014C00(bl) spi_lld_serve_rx_interrupt@0x08014B74(bl~) spi_lld_serve_rx_interrupt@0x08014B74(bl~)
0x08014B74,140,spi_lld_serve_rx_interrupt,ref1011_via,0x08014900,fuzzy,0.967,
0x08014C00,60,spi_lld_serve_tx_interrupt,ref1011_via,0x08014988,exact,1.000,
0x08014C3C,44,spi_lld_init,ref1011_via,0x080149C4,fuzzy,0.872,
0x08014C68,212,spi_lld_start,ref1011_via,0x080149F0,fuzzy-anchored,0.829,call-anchored: bl from spiStart@0x0801293C+0xC ; xrefs: spiStart@0x0801293C(bl)
0x08014D3C,76,spi_lld_stop,ref1011_via,0x08014ABC,exact,1.000,xrefs: spiStop@0x0801295E(bl)
0x08014D88,54,spi_lld_exchange,ref1011_via,0x08014B08,exact,1.000,
0x08014DBE,54,spi_lld_send,ref1011_via,0x08014B3E,exact,1.000,xrefs: spiStartSendI@0x080129C0(b)
0x08014DF4,72,st_lld_init,ref1011_via,0x08014B74,exact,1.000,
0x08014E3C,40,st_lld_serve_interrupt,ref1011_via,0x08014BBC,exact,1.000,xrefs: VectorB0@0x0801328C(bl)
0x08014E64,30,gpio_init,ref1011_via,0x08014BE4,exact,1.000,xrefs: __chibios_override___early_init@0x08014E84(bl~) __chibios_override___early_init@0x08014E84(bl~) __chibios_override___early_init@0x08014E84(bl~) __chibios_override___early_init@0x08014E84(bl~) ...
0x08014E84,132,__chibios_override___early_init,ref1011_via,0x08014C04,fuzzy-anchored,0.864,call-anchored: bl from __early_init@0x08011440+0x6 ; xrefs: __early_init@0x08011440(bl)
0x08014F08,2,__chibios_override_boardInit,ref1011_via,0x08014C84,exact-ambiguous,1.000,tiny body placed (vote) ; ambiguous body {__aeabi_idiv0|__aeabi_ldiv0|__chibios_override_boardInit|__cpu_init|__late_init|__malloc_lock|__malloc_unlock|_fini|battery_stop|board_init|default_layer_debug|default_layer_state_set_user|dummy_cb|early_hardware_init_post|housekeeping_task_user|keyboard_post_init_user|keyboard_pre_init_user|layer_debug|layer_state_set_user|led_init_ports|led_set_user|led_update_ports|matrix_init_user|matrix_power_down|matrix_power_up|matrix_print|matrix_scan_user|matrix_setup|notify_usb_device_state_change_user|oneshot_layer_changed_user|oneshot_locked_mods_changed_user|oneshot_mods_changed_user|post_process_record_user|rgb_matrix_none_indicators_user|suspend_power_down_user|suspend_wakeup_init_user|via_init_kb|via_set_layout_options_kb|wireless_enter_bluetooth_pin_code_entry_kb|wireless_enter_connected_kb|wireless_enter_discoverable_kb|wireless_enter_reconnecting_kb|wireless_enter_sleep_kb|wireless_exit_bluetooth_pin_code_entry_kb|wireless_post_task} resolved by caller: bl from boardInit@0x08011450+0x2 ; same body also matches: __aeabi_idiv0|__aeabi_ldiv0|__cpu_init|__late_init|__malloc_lock|__malloc_unlock|_fini|battery_stop|board_init|default_layer_debug|default_layer_state_set_user|dummy_cb|early_hardware_init_post|housekeeping_task_user|keyboard_post_init_user|keyboard_pre_init_user|layer_debug|layer_state_set_user|led_init_ports|led_set_user|led_update_ports|matrix_init_user|matrix_power_down|matrix_power_up|matrix_print|matrix_scan_user|matrix_setup|notify_usb_device_state_change_user|oneshot_layer_changed_user|oneshot_locked_mods_changed_user|oneshot_mods_changed_user|post_process_record_user|rgb_matrix_none_indicators_user|suspend_power_down_user|suspend_wakeup_init_user|via_init_kb|via_set_layout_options_kb|wireless_enter_bluetooth_pin_code_entry_kb|wireless_enter_connected_kb|wireless_enter_discoverable_kb|wireless_enter_reconnecting_kb|wireless_enter_sleep_kb|wireless_exit_bluetooth_pin_code_entry_kb|wireless_post_task ; xrefs: boardInit@0x08011450(bl)
0x08014F0A,10,_read_r,ref1011_via,0x08014C86,exact,1.000,xrefs: __sread@0x08015F88(bl)
0x08014F14,4,_lseek_r,ref1011_via,0x08014C90,exact-ambiguous,1.000,tiny body placed (vote) ; ambiguous body {_close_r|_lseek_r|null_sendchar_func|rgb_matrix_map_row_column_to_led_kb|sendchar} resolved by caller: bl from __swrite@0x08015FAA+0x1A ; same body also matches: _close_r|null_sendchar_func|rgb_matrix_map_row_column_to_led_kb|sendchar ; xrefs: __swrite@0x08015FAA(bl)
0x08014F18,4,_write_r,ref1011_via,0x08014C94,exact,1.000,tiny body placed (vote) ; xrefs: __swrite@0x08015FAA(b)
0x08014F1C,4,_close_r,ref1011_via,0x08014C98,exact-ambiguous,1.000,tiny body placed (vote) ; ambiguous body {_close_r|_lseek_r|null_sendchar_func|rgb_matrix_map_row_column_to_led_kb|sendchar} resolved by caller: b.w from __sclose@0x08016006+0x4 ; same body also matches: _lseek_r|null_sendchar_func|rgb_matrix_map_row_column_to_led_kb|sendchar ; xrefs: __sclose@0x08016006(b)
0x08014F20,26,_sbrk_r,ref1011_via,0x08014C9C,exact,1.000,
0x08014F3A,24,_fstat_r,ref1011_via,0x08014CB6,fuzzy,0.857,
0x08014F58,16,_exit,ref1011_via,0x08014CD0,exact-ambiguous,1.000,ambiguous body {_exit|_kill} resolved by caller: bl from abort@0x08014F7E+0xA ; same body also matches: _kill ; xrefs: abort@0x08014F7E(bl)
0x08014F68,16,_kill,ref1011_via,0x08014CE0,exact-ambiguous,1.000,ambiguous body {_exit|_kill} resolved by caller: bl(fuzzy-paired) from _kill_r@0x080152C8+0xE ; same body also matches: _exit ; xrefs: _kill_r@0x080152C8(bl~)
0x08014F78,4,_getpid|_isatty_r|dip_switch_update_mask_user|is_keyboard_master|led_update_user|matrix_can_read|pre_process_record_user|process_action_kb|process_record_keychron_kb|rgb_matrix_indicators_advanced_user|rgb_matrix_indicators_user|shutdown_user,ref1011_via,0x0800A9EC,exact-ambiguous,1.000,tiny body placed (adjacent) ; identical body for: _getpid|_isatty_r|dip_switch_update_mask_user|is_keyboard_master|led_update_user|matrix_can_read|pre_process_record_user|process_action_kb|process_record_keychron_kb|rgb_matrix_indicators_advanced_user|rgb_matrix_indicators_user|shutdown_user
0x08014F7C,2,__aeabi_idiv0|__aeabi_ldiv0|__chibios_override_boardInit|__cpu_init|__late_init|__malloc_lock|__malloc_unlock|_fini|battery_stop|board_init|default_layer_debug|default_layer_state_set_user|dummy_cb|early_hardware_init_post|housekeeping_task_user|keyboard_post_init_user|keyboard_pre_init_user|layer_debug|layer_state_set_user|led_init_ports|led_set_user|led_update_ports|matrix_init_user|matrix_power_down|matrix_power_up|matrix_print|matrix_scan_user|matrix_setup|notify_usb_device_state_change_user|oneshot_layer_changed_user|oneshot_locked_mods_changed_user|oneshot_mods_changed_user|post_process_record_user|rgb_matrix_none_indicators_user|suspend_power_down_user|suspend_wakeup_init_user|via_init_kb|via_set_layout_options_kb|wireless_enter_bluetooth_pin_code_entry_kb|wireless_enter_connected_kb|wireless_enter_discoverable_kb|wireless_enter_reconnecting_kb|wireless_enter_sleep_kb|wireless_exit_bluetooth_pin_code_entry_kb|wireless_post_task,ref1011_via,0x08008434,exact-ambiguous,1.000,tiny body placed (adjacent) ; identical body for: __aeabi_idiv0|__aeabi_ldiv0|__chibios_override_boardInit|__cpu_init|__late_init|__malloc_lock|__malloc_unlock|_fini|battery_stop|board_init|default_layer_debug|default_layer_state_set_user|dummy_cb|early_hardware_init_post|housekeeping_task_user|keyboard_post_init_user|keyboard_pre_init_user|layer_debug|layer_state_set_user|led_init_ports|led_set_user|led_update_ports|matrix_init_user|matrix_power_down|matrix_power_up|matrix_print|matrix_scan_user|matrix_setup|notify_usb_device_state_change_user|oneshot_layer_changed_user|oneshot_locked_mods_changed_user|oneshot_mods_changed_user|post_process_record_user|rgb_matrix_none_indicators_user|suspend_power_down_user|suspend_wakeup_init_user|via_init_kb|via_set_layout_options_kb|wireless_enter_bluetooth_pin_code_entry_kb|wireless_enter_connected_kb|wireless_enter_discoverable_kb|wireless_enter_reconnecting_kb|wireless_enter_sleep_kb|wireless_exit_bluetooth_pin_code_entry_kb|wireless_post_task
0x08014F7E,14,abort,ref1011_via,0x08014CF6,exact,1.000,xrefs: _exit@0x08014F58(bl) __assert_func@0x08015374(bl~) _kill@0x08014F68(bl)
0x08014F8C,48,__itoa,ref1011_via,0x08014D04,exact,1.000,
0x08014FC0,16,free|malloc|raise,ref1011_via,0x08014D38,exact-ambiguous,1.000,identical body for: free|malloc|raise
0x08014FD0,16,free,ref1011_via,0x08014D48,exact-ambiguous,1.000,ambiguous body {free|malloc|raise} resolved by caller: bl from debounce_free@0x0800CDE4+0x6 ; same body also matches: malloc|raise ; xrefs: debounce_free@0x0800CDE4(bl)
0x08014FE0,32,memcmp,ref1011_via,0x08014F94,exact,1.000,xrefs: send_6kro_report@0x0800C314(bl) send_nkro_report@0x0800C34C(bl) eeprom_update_block@0x0800D018(bl) lpm_task@0x0800A17C(bl~) ...
0x08015000,28,memcpy,ref1011_via,0x0801504C,exact,1.000,xrefs: via_command_kb@0x0800AC3C(bl) bat_level_animiation_indicate@0x0800A6BC(bl) report_buffer_enqueue@0x08008B98(bl) send_6kro_report@0x0800C314(bl) ...
0x0801501C,16,memset,ref1011_via,0x08014FB4,exact,1.000,xrefs: wireless_low_battery_shutdown@0x08008848(bl) std@0x08015CCC(bl) report_buffer_init@0x08008B5C(bl) clear_keys_from_report@0x08010B64(b) ...
0x0801502C,152,_free_r,ref1011_via,0x080150A4,fuzzy-anchored,0.946,call-anchored: b.w from free@0x08014FD0+0x6 ; xrefs: free@0x08014FD0(b) __sflush_r@0x08015B48(bl~)
0x08015268,80,_raise_r,ref1011_via,0x08014FC4,fuzzy-anchored,0.971,call-anchored: b.w from raise@0x080152B8+0x6 ; xrefs: raise@0x080152B8(b)
0x080152B8,16,raise,ref1011_via,0x08015014,exact-ambiguous,1.000,ambiguous body {free|malloc|raise} resolved by caller: bl from abort@0x08014F7E+0x4 ; same body also matches: free|malloc ; xrefs: abort@0x08014F7E(bl)
0x080152C8,36,_kill_r,ref1011_via,0x08015024,fuzzy,0.941,
0x080152F0,132,__utoa,ref1011_via,0x08014F14,fuzzy-anchored,0.879,call-anchored: bl from __itoa@0x08014F8C+0x26 ; xrefs: __itoa@0x08014F8C(bl)
0x08015374,60,__assert_func,ref1011_via,0x08015068,fuzzy,0.870,
0x080153B0,36,fiprintf,ref1011_via,0x0801513C,exact-ambiguous,1.000,ambiguous body {fiprintf|fprintf} resolved by caller: bl(fuzzy-paired) from __assert_func@0x08015374+0x1C ; same body also matches: fprintf ; xrefs: __assert_func@0x08015374(bl~)
0x080153EC,44,__sfputc_r,ref1011_via,0x08015160,fuzzy-anchored,0.872,call-anchored: bl from __sfputs_r@0x0801541A+0x1A ; xrefs: __sfputs_r@0x0801541A(bl)
0x08015418,2,__aeabi_idiv0|__aeabi_ldiv0|__chibios_override_boardInit|__cpu_init|__late_init|__malloc_lock|__malloc_unlock|_fini|battery_stop|board_init|default_layer_debug|default_layer_state_set_user|dummy_cb|early_hardware_init_post|housekeeping_task_user|keyboard_post_init_user|keyboard_pre_init_user|layer_debug|layer_state_set_user|led_init_ports|led_set_user|led_update_ports|matrix_init_user|matrix_power_down|matrix_power_up|matrix_print|matrix_scan_user|matrix_setup|notify_usb_device_state_change_user|oneshot_layer_changed_user|oneshot_locked_mods_changed_user|oneshot_mods_changed_user|post_process_record_user|rgb_matrix_none_indicators_user|suspend_power_down_user|suspend_wakeup_init_user|via_init_kb|via_set_layout_options_kb|wireless_enter_bluetooth_pin_code_entry_kb|wireless_enter_connected_kb|wireless_enter_discoverable_kb|wireless_enter_reconnecting_kb|wireless_enter_sleep_kb|wireless_exit_bluetooth_pin_code_entry_kb|wireless_post_task,ref1011_via,0x08008434,exact-ambiguous,1.000,tiny body placed (adjacent) ; identical body for: __aeabi_idiv0|__aeabi_ldiv0|__chibios_override_boardInit|__cpu_init|__late_init|__malloc_lock|__malloc_unlock|_fini|battery_stop|board_init|default_layer_debug|default_layer_state_set_user|dummy_cb|early_hardware_init_post|housekeeping_task_user|keyboard_post_init_user|keyboard_pre_init_user|layer_debug|layer_state_set_user|led_init_ports|led_set_user|led_update_ports|matrix_init_user|matrix_power_down|matrix_power_up|matrix_print|matrix_scan_user|matrix_setup|notify_usb_device_state_change_user|oneshot_layer_changed_user|oneshot_locked_mods_changed_user|oneshot_mods_changed_user|post_process_record_user|rgb_matrix_none_indicators_user|suspend_power_down_user|suspend_wakeup_init_user|via_init_kb|via_set_layout_options_kb|wireless_enter_bluetooth_pin_code_entry_kb|wireless_enter_connected_kb|wireless_enter_discoverable_kb|wireless_enter_reconnecting_kb|wireless_enter_sleep_kb|wireless_exit_bluetooth_pin_code_entry_kb|wireless_post_task
0x0801541A,36,__sfputs_r,ref1011_via,0x0801518A,exact,1.000,
0x08015B48,268,__sflush_r,ref1011_via,0x08015994,fuzzy,0.865,
0x08015CCC,72,std,ref1011_via,0x080156B4,exact,1.000,
0x08015D14,12,BAND_SPIRAL_VAL|CYCLE_ALL|CYCLE_LEFT_RIGHT|CYCLE_OUT_IN|CYCLE_OUT_IN_DUAL|CYCLE_PINWHEEL|CYCLE_SPIRAL|CYCLE_UP_DOWN|DUAL_BEACON|RAINBOW_BEACON|RAINBOW_MOVING_CHEVRON|SOLID_REACTIVE_SIMPLE,ref1011_via,0x0800E038,exact-ambiguous,1.000,identical body for: BAND_SPIRAL_VAL|CYCLE_ALL|CYCLE_LEFT_RIGHT|CYCLE_OUT_IN|CYCLE_OUT_IN_DUAL|CYCLE_PINWHEEL|CYCLE_SPIRAL|CYCLE_UP_DOWN|DUAL_BEACON|RAINBOW_BEACON|RAINBOW_MOVING_CHEVRON|SOLID_REACTIVE_SIMPLE
0x08015F88,34,__sread,ref1011_via,0x080157EA,exact,1.000,xrefs: std@0x08015CCC(ptr)
0x08015FAA,56,__swrite,ref1011_via,0x0801580C,exact,1.000,xrefs: std@0x08015CCC(ptr)
0x08016006,8,__sclose,ref1011_via,0x0801586A,exact,1.000,xrefs: std@0x08015CCC(ptr)
0x08016020,24,spicfg,ref1011_via,0x08015B88,data,1.000,
0x0801603C,24,connected_config,ref1011_via,0x08015BD4,data,1.000,
0x08016054,24,disconnected_config,ref1011_via,0x08015BA4,data,1.000,
0x0801606C,24,pairing_config,ref1011_via,0x08015BEC,data,1.000,
0x08016084,24,reconnecting_config,ref1011_via,0x08015BBC,data,1.000,
0x080160CC,16,key_comb_list,ref1011_via,0x08015DD3,data,1.000,
0x080160E0,352,g_snled27351_leds,ref1011_via,0x08015DE7,data,1.000,
0x08016240,16,encoder_map,ref1011_via,0x08015F48,data,1.000,
0x08016250,864,keymaps,ref1011_via,0x08015F58,data,1.000,
0x080165B0,54,CSWTCH.5|CSWTCH.7,ref1011_via,0x080162B8,data-ambiguous,1.000,object bytes occur at 2 places
0x080165E6,54,CSWTCH.5|CSWTCH.7,ref1011_via,0x080162B8,data-ambiguous,1.000,object bytes occur at 2 places
0x0801661C,72,col_pins|pins_col,ref1011_via,0x08016324,data-ambiguous,1.000,object bytes occur at 2 places
0x08016664,24,pins_row|row_pins,ref1011_via,0x0801636C,data-ambiguous,1.000,object bytes occur at 2 places
0x080166B8,8,b_m16_interleave,ref1011_via,0x08016384,data,1.000,
0x0801693E,18,DeviceDescriptor,ref1011_via,0x08016637,data,1.000,
0x08016950,68,KeyboardReport,ref1011_via,0x08016721,data,1.000,
0x08016998,20,ManufacturerString,ref1011_via,0x080165C4,data,1.000,
0x080169AC,36,ProductString,ref1011_via,0x080165A0,data,1.000,
0x080169D0,34,RawReport,ref1011_via,0x08016649,data,1.000,
0x080169F2,182,SharedReport,ref1011_via,0x0801666B,data,1.000,
0x08016B74,40,efl_lld_sect1,ref1011_via,0x0801693C,data-ambiguous,1.000,object bytes occur at 4 places
0x08016B9C,48,efl_lld_sect2,ref1011_via,0x0801690C,data-ambiguous,1.000,object bytes occur at 3 places
0x08016BCC,56,efl_lld_sect3,ref1011_via,0x080168D4,data-ambiguous,1.000,object bytes occur at 2 places
0x08016C04,64,efl_lld_sect4,ref1011_via,0x08016894,data,1.000,
0x08016C44,28,efl_lld_size1,ref1011_via,0x08016878,data,1.000,
0x08016C60,28,efl_lld_size2,ref1011_via,0x0801685C,data,1.000,
0x08016C7C,28,efl_lld_size3,ref1011_via,0x08016840,data,1.000,
0x08016C98,28,efl_lld_size4,ref1011_via,0x08016824,data,1.000,
0x08016CB4,192,_stm32_dma_streams,ref1011_via,0x08016964,data,1.000,
0x08016D98,12,fsparams,ref1011_via,0x08016A24,data,1.000,
0x08016DB0,168,gpio_default_config,ref1011_via,0x08016A54,data,1.000,
0x08016E62,257,_ctype_,ref1011_via,0x08016AFC,data,1.000,
0x08017148,72,col_pins|pins_col,ref1011_via,0x08016324,data-ambiguous,1.000,object bytes occur at 2 places
0x08017190,24,pins_row|row_pins,ref1011_via,0x0801636C,data-ambiguous,1.000,object bytes occur at 2 places
0x080171AC,372,g_led_config,ref1011_via,0x20000CAB,data,1.000,
0x08017344,8,cs_pins,ref1011_via,0x20000E40,data,1.000,
0x080175BC,504,usb_endpoints_in,ref1011_via,0x20000EF4,data,1.000,
0x080177B4,136,usb_endpoints_out,ref1011_via,0x20000E6C,data,1.000,
