dump_addr,size,ref_symbol,ref_elf,ref_addr,match_type,score,notes
0x08008000,116,_crt0_entry,"ref1011_default,ref1011_feat",0x08008000,exact,1.000,size inferred from next symbol (asm routine) ; xrefs: Reset_Handler@0x0800811C(b)
0x08008074,14,msloop,"ref1011_default,ref1011_feat",0x08008074,exact,1.000,size inferred from next symbol (asm routine)
0x08008082,16,psloop,"ref1011_default,ref1011_feat",0x08008082,exact,1.000,size inferred from next symbol (asm routine)
0x08008092,20,dloop,"ref1011_default,ref1011_feat",0x08008092,exact,1.000,size inferred from next symbol (asm routine)
0x080080A6,22,bloop,"ref1011_default,ref1011_feat",0x080080A6,exact,1.000,size inferred from next symbol (asm routine)
0x080080BC,12,finiloop|initloop,"ref1011_default,ref1011_feat",0x080080BC,exact-ambiguous,1.000,size inferred from next symbol (asm routine) ; identical body for: finiloop|initloop
0x080080C8,8,endinitloop,"ref1011_default,ref1011_feat",0x080080C8,exact,1.000,size inferred from next symbol (asm routine)
0x080080D0,12,finiloop|initloop,"ref1011_default,ref1011_feat",0x080080BC,exact-ambiguous,1.000,size inferred from next symbol (asm routine) ; identical body for: finiloop|initloop
0x080080DC,4,_getpid_r|bootmagic_lite_reset_eeprom|chSchReadyI|chSysTimerHandlerI|default_layer_set|early_hardware_init_pre|eeconfig_init|eeprom_driver_erase|eeprom_driver_init|eflInit|housekeeping_task_kb|indicator_disable|itoa|keycode_at_encodermap_location|keycode_at_keymap_location|process_record_user|protocol_pre_task|protocol_setup|rtcGetTime|rtcInit|rtcSetTime|rtc_timer_init|spiInit|stInit|timer_init|usbInit|usb_device_state_init|usb_device_state_set_resume|wireless_enter_reset_kb,"ref1011_default,ref1011_feat",0x080096CA,exact-ambiguous,1.000,tiny body placed (adjacent) ; identical body for: _getpid_r|bootmagic_lite_reset_eeprom|chSchReadyI|chSysTimerHandlerI|default_layer_set|early_hardware_init_pre|eeconfig_init|eeprom_driver_erase|eeprom_driver_init|eflInit|housekeeping_task_kb|indicator_disable|itoa|keycode_at_encodermap_location|keycode_at_keymap_location|process_record_user|protocol_pre_task|protocol_setup|rtcGetTime|rtcInit|rtcSetTime|rtc_timer_init|spiInit|stInit|timer_init|usbInit|usb_device_state_init|usb_device_state_set_resume|wireless_enter_reset_kb
0x080080E0,60,endfiniloop,ref1011_default,0x080080DC,fuzzy,0.949,
0x0800811C,2,Reset_Handler,"ref1011_default,ref1011_feat",0x0800811C,exact,1.000,size inferred from next symbol (asm routine) ; tiny body placed (vote) ; xrefs: _vectors@0x08000004(vec)
0x0800811E,4,BusFault_Handler,"ref1011_default,ref1011_feat",0x0800811E,exact-ambiguous,1.000,size inferred from next symbol (asm routine) ; tiny body placed (vote) ; ambiguous body {BusFault_Handler|__port_switch_from_isr} resolved by caller: vector slot 0x8 ; same body also matches: __port_switch_from_isr ; xrefs: _vectors@0x08000008(vec) _vectors@0x0800000C(vec) _vectors@0x08000010(vec) _vectors@0x08000014(vec) ...
0x08008122,2,.stay,"ref1011_default,ref1011_feat",0x08008122,exact-ambiguous,1.000,size inferred from next symbol (asm routine) ; tiny body placed (adjacent) ; ambiguous body {.stay|.zombies|Reset_Handler|__default_exit} resolved by caller: bl from BusFault_Handler@0x0800811E+0x0 ; same body also matches: .zombies|Reset_Handler|__default_exit ; xrefs: BusFault_Handler@0x0800811E(bl)
0x08008124,24,__port_switch,"ref1011_default,ref1011_feat",0x08008124,exact,1.000,size inferred from next symbol (asm routine) ; xrefs: chSchGoSleepS@0x080138B8(b) __sch_reschedule_ahead@0x08013928(b)
0x0800813C,16,__port_thread_start,"ref1011_default,ref1011_feat",0x0800813C,exact,1.000,size inferred from next symbol (asm routine) ; xrefs: chThdCreateSuspendedI@0x08013A00(ptr)
0x0800814C,2,.stay|.zombies|Reset_Handler|__default_exit,"ref1011_default,ref1011_feat",0x0800811C,exact-ambiguous,1.000,size inferred from next symbol (asm routine) ; tiny body placed (adjacent) ; identical body for: .stay|.zombies|Reset_Handler|__default_exit
0x0800814E,4,__port_switch_from_isr,"ref1011_default,ref1011_feat",0x0800814E,exact-ambiguous,1.000,size inferred from next symbol (asm routine) ; tiny body placed (vote) ; ambiguous body {BusFault_Handler|__port_switch_from_isr} resolved by caller: fnptr lit in __port_irq_epilogue@0x08013C7C+0x4C ; same body also matches: BusFault_Handler ; xrefs: __port_irq_epilogue@0x08013C7C(ptr)
0x08008152,6,__port_exit_from_isr,"ref1011_default,ref1011_feat",0x08008152,exact,1.000,size inferred from next symbol (asm routine) ; tiny body placed (adjacent)
0x08008158,48,__aeabi_uldivmod,"ref1011_default,ref1011_feat",0x08008158,exact,1.000,size inferred from next symbol (asm routine) ; xrefs: timer_read32@0x08012508(bl~) usb_idle_timer_elapsed@0x0801321C(bl~) set_transport@0x0800BA9C(bl~)
0x08008442,2,Reset_Handler,"ref1011_default,ref1011_feat",0x0800811C,exact,1.000,size inferred from next symbol (asm routine) ; tiny body placed (adjacent)
0x08008444,2,__aeabi_idiv0,"ref1011_default,ref1011_feat",0x08008434,exact-ambiguous,1.000,tiny body placed (vote) ; ambiguous body {__aeabi_idiv0|__aeabi_ldiv0|__chibios_override_boardInit|__cpu_init|__late_init|__malloc_lock|__malloc_unlock|_fini|battery_stop|board_init|default_layer_debug|default_layer_state_set_user|dummy_cb|early_hardware_init_post|housekeeping_task_user|keyboard_post_init_user|keyboard_pre_init_user|layer_debug|layer_state_set_user|leader_start_user|led_init_ports|led_set_user|led_update_ports|matrix_init_user|matrix_power_down|matrix_power_up|matrix_print|matrix_scan_user|matrix_setup|notify_usb_device_state_change_user|oneshot_layer_changed_user|oneshot_locked_mods_changed_user|oneshot_mods_changed_user|post_process_record_user|rgb_matrix_none_indicators_user|suspend_power_down_user|suspend_wakeup_init_user|td0_reset|wireless_enter_bluetooth_pin_code_entry_kb|wireless_enter_connected_kb|wireless_enter_discoverable_kb|wireless_enter_reconnecting_kb|wireless_enter_sleep_kb|wireless_exit_bluetooth_pin_code_entry_kb|wireless_post_task} resolved by caller: b.w from __aeabi_uldivmod@0x08008158+0x14 ; same body also matches: __aeabi_ldiv0|__chibios_override_boardInit|__cpu_init|__late_init|__malloc_lock|__malloc_unlock|_fini|battery_stop|board_init|default_layer_debug|default_layer_state_set_user|dummy_cb|early_hardware_init_post|housekeeping_task_user|keyboard_post_init_user|keyboard_pre_init_user|layer_debug|layer_state_set_user|leader_start_user|led_init_ports|led_set_user|led_update_ports|matrix_init_user|matrix_power_down|matrix_power_up|matrix_print|matrix_scan_user|matrix_setup|notify_usb_device_state_change_user|oneshot_layer_changed_user|oneshot_locked_mods_changed_user|oneshot_mods_changed_user|post_process_record_user|rgb_matrix_none_indicators_user|suspend_power_down_user|suspend_wakeup_init_user|td0_reset|wireless_enter_bluetooth_pin_code_entry_kb|wireless_enter_connected_kb|wireless_enter_discoverable_kb|wireless_enter_reconnecting_kb|wireless_enter_sleep_kb|wireless_exit_bluetooth_pin_code_entry_kb|wireless_post_task ; xrefs: __aeabi_uldivmod@0x08008158(b)
0x080085E8,14,abort,"ref1011_default,ref1011_feat",0x08014B92,exact,1.000,xrefs: _exit@0x080166DC(bl)
0x0800896E,2,__aeabi_idiv0|__aeabi_ldiv0|__chibios_override_boardInit|__cpu_init|__late_init|__malloc_lock|__malloc_unlock|_fini|battery_stop|board_init|default_layer_debug|default_layer_state_set_user|dummy_cb|early_hardware_init_post|housekeeping_task_user|keyboard_post_init_user|keyboard_pre_init_user|layer_debug|layer_state_set_user|leader_start_user|led_init_ports|led_set_user|led_update_ports|matrix_init_user|matrix_power_down|matrix_power_up|matrix_print|matrix_scan_user|matrix_setup|notify_usb_device_state_change_user|oneshot_layer_changed_user|oneshot_locked_mods_changed_user|oneshot_mods_changed_user|post_process_record_user|rgb_matrix_none_indicators_user|suspend_power_down_user|suspend_wakeup_init_user|td0_reset|wireless_enter_bluetooth_pin_code_entry_kb|wireless_enter_connected_kb|wireless_enter_discoverable_kb|wireless_enter_reconnecting_kb|wireless_enter_sleep_kb|wireless_exit_bluetooth_pin_code_entry_kb|wireless_post_task,"ref1011_default,ref1011_feat",0x08008434,exact-ambiguous,1.000,tiny body placed (adjacent) ; identical body for: __aeabi_idiv0|__aeabi_ldiv0|__chibios_override_boardInit|__cpu_init|__late_init|__malloc_lock|__malloc_unlock|_fini|battery_stop|board_init|default_layer_debug|default_layer_state_set_user|dummy_cb|early_hardware_init_post|housekeeping_task_user|keyboard_post_init_user|keyboard_pre_init_user|layer_debug|layer_state_set_user|leader_start_user|led_init_ports|led_set_user|led_update_ports|matrix_init_user|matrix_power_down|matrix_power_up|matrix_print|matrix_scan_user|matrix_setup|notify_usb_device_state_change_user|oneshot_layer_changed_user|oneshot_locked_mods_changed_user|oneshot_mods_changed_user|post_process_record_user|rgb_matrix_none_indicators_user|suspend_power_down_user|suspend_wakeup_init_user|td0_reset|wireless_enter_bluetooth_pin_code_entry_kb|wireless_enter_connected_kb|wireless_enter_discoverable_kb|wireless_enter_reconnecting_kb|wireless_enter_sleep_kb|wireless_exit_bluetooth_pin_code_entry_kb|wireless_post_task
0x08008970,16,free|malloc|raise,"ref1011_default,ref1011_feat",0x08014BD4,exact-ambiguous,1.000,identical body for: free|malloc|raise
0x08008980,16,free,"ref1011_default,ref1011_feat",0x08014BE4,exact-ambiguous,1.000,ambiguous body {free|malloc|raise} resolved by caller: bl from debounce_free@0x0800EF1C+0x6 ; same body also matches: malloc|raise ; xrefs: debounce_free@0x0800EF1C(bl)
0x08009344,4,_close_r|_lseek_r|null_sendchar_func|rgb_matrix_map_row_column_to_led_kb|sendchar,"ref1011_default,ref1011_feat",0x0800CD30,exact-ambiguous,1.000,tiny body placed (adjacent) ; identical body for: _close_r|_lseek_r|null_sendchar_func|rgb_matrix_map_row_column_to_led_kb|sendchar
0x08009348,24,stdio_exit_handler,"ref1011_default,ref1011_feat",0x08015598,exact,1.000,
0x08009360,64,cleanup_stdio,ref1011_feat,0x080155B0,fuzzy,0.852,
0x08009A60,160,memchr,"ref1011_default,ref1011_feat",0x08008450,exact,1.000,size inferred from next symbol (asm routine)
0x0800A178,8,__sclose,"ref1011_default,ref1011_feat",0x08015706,exact,1.000,
0x0800A1BA,6,eeconfig_init_user|encoder0_pad_cb|layer_clear|oneshot_disable|quantum_task,"ref1011_default,ref1011_feat",0x0800AA62,exact-ambiguous,1.000,tiny body placed (adjacent) ; identical body for: eeconfig_init_user|encoder0_pad_cb|layer_clear|oneshot_disable|quantum_task
0x0800A1C0,24,wreless_keyboard_leds,"ref1011_default,ref1011_feat",0x080084F0,exact,1.000,
0x0800A1D8,36,wireless_event_queue_init,"ref1011_default,ref1011_feat",0x08008508,exact,1.000,xrefs: wireless_init@0x0800A240(bl)
0x0800A1FC,68,wireless_event_enqueue,"ref1011_default,ref1011_feat",0x0800852C,exact,1.000,xrefs: lkbt51_task@0x0800B008(bl~) lkbt51_task@0x0800B008(bl~) lkbt51_task@0x0800B008(bl~) lkbt51_task@0x0800B008(bl~) ...
0x0800A240,40,wireless_init,"ref1011_default,ref1011_feat",0x08008570,exact,1.000,xrefs: keyboard_post_init_kb@0x0800CD38(bl~)
0x0800A268,48,wireless_pairing_ex,"ref1011_default,ref1011_feat",0x08008598,exact,1.000,xrefs: keychron_wireless_common_task@0x0800C5C4(b)
0x0800A298,68,wireless_connect,"ref1011_default,ref1011_feat",0x080085C8,exact,1.000,xrefs: wireless_send_keyboard@0x0800A2DC(b) wireless_send_consumer@0x0800A458(b) wireless_send_mouse@0x0800A3A0(b) wireless_enter_disconnected_kb@0x0800C598(bl) ...
0x0800A2DC,96,wireless_send_keyboard,"ref1011_default,ref1011_feat",0x0800860C,exact,1.000,
0x0800A3A0,52,wireless_send_mouse,"ref1011_default,ref1011_feat",0x080086CC,exact,1.000,
0x0800A3D4,72,wireless_connect_ex,ref1011_feat,0x08008700,fuzzy-anchored,1.000,call-anchored: b.w from bt_transport_enable@0x0800B990+0x2C ; xrefs: bt_transport_enable@0x0800B990(b) p24g_transport_enable@0x0800B9F8(b) process_record_keychron_wireless@0x0800C4B4(bl~)
0x0800A41C,16,wireless_disconnect,"ref1011_default,ref1011_feat",0x08008748,exact,1.000,xrefs: wireless_low_battery_shutdown@0x0800A4E8(bl) bt_transport_enable@0x0800B990(bl) p24g_transport_enable@0x0800B9F8(bl) set_transport@0x0800BA9C(bl~)
0x0800A42C,2,wireless_enter_discoverable_kb,"ref1011_default,ref1011_feat",0x08008758,exact-ambiguous,1.000,tiny body placed (adjacent) ; ambiguous body {__aeabi_idiv0|__aeabi_ldiv0|__chibios_override_boardInit|__cpu_init|__late_init|__malloc_lock|__malloc_unlock|_fini|battery_stop|board_init|default_layer_debug|default_layer_state_set_user|dummy_cb|early_hardware_init_post|housekeeping_task_user|keyboard_post_init_user|keyboard_pre_init_user|layer_debug|layer_state_set_user|leader_start_user|led_init_ports|led_set_user|led_update_ports|matrix_init_user|matrix_power_down|matrix_power_up|matrix_print|matrix_scan_user|matrix_setup|notify_usb_device_state_change_user|oneshot_layer_changed_user|oneshot_locked_mods_changed_user|oneshot_mods_changed_user|post_process_record_user|rgb_matrix_none_indicators_user|suspend_power_down_user|suspend_wakeup_init_user|td0_reset|wireless_enter_bluetooth_pin_code_entry_kb|wireless_enter_connected_kb|wireless_enter_discoverable_kb|wireless_enter_reconnecting_kb|wireless_enter_sleep_kb|wireless_exit_bluetooth_pin_code_entry_kb|wireless_post_task} resolved by caller: bl(fuzzy-paired) from wireless_event_task@0x0800A570+0x78 ; same body also matches: __aeabi_idiv0|__aeabi_ldiv0|__chibios_override_boardInit|__cpu_init|__late_init|__malloc_lock|__malloc_unlock|_fini|battery_stop|board_init|default_layer_debug|default_layer_state_set_user|dummy_cb|early_hardware_init_post|housekeeping_task_user|keyboard_post_init_user|keyboard_pre_init_user|layer_debug|layer_state_set_user|leader_start_user|led_init_ports|led_set_user|led_update_ports|matrix_init_user|matrix_power_down|matrix_power_up|matrix_print|matrix_scan_user|matrix_setup|notify_usb_device_state_change_user|oneshot_layer_changed_user|oneshot_locked_mods_changed_user|oneshot_mods_changed_user|post_process_record_user|rgb_matrix_none_indicators_user|suspend_power_down_user|suspend_wakeup_init_user|td0_reset|wireless_enter_bluetooth_pin_code_entry_kb|wireless_enter_connected_kb|wireless_enter_reconnecting_kb|wireless_enter_sleep_kb|wireless_exit_bluetooth_pin_code_entry_kb|wireless_post_task ; xrefs: wireless_event_task@0x0800A570(bl~)
0x0800A42E,2,wireless_enter_reconnecting_kb,"ref1011_default,ref1011_feat",0x0800875A,exact-ambiguous,1.000,tiny body placed (adjacent) ; ambiguous body {__aeabi_idiv0|__aeabi_ldiv0|__chibios_override_boardInit|__cpu_init|__late_init|__malloc_lock|__malloc_unlock|_fini|battery_stop|board_init|default_layer_debug|default_layer_state_set_user|dummy_cb|early_hardware_init_post|housekeeping_task_user|keyboard_post_init_user|keyboard_pre_init_user|layer_debug|layer_state_set_user|leader_start_user|led_init_ports|led_set_user|led_update_ports|matrix_init_user|matrix_power_down|matrix_power_up|matrix_print|matrix_scan_user|matrix_setup|notify_usb_device_state_change_user|oneshot_layer_changed_user|oneshot_locked_mods_changed_user|oneshot_mods_changed_user|post_process_record_user|rgb_matrix_none_indicators_user|suspend_power_down_user|suspend_wakeup_init_user|td0_reset|wireless_enter_bluetooth_pin_code_entry_kb|wireless_enter_connected_kb|wireless_enter_discoverable_kb|wireless_enter_reconnecting_kb|wireless_enter_sleep_kb|wireless_exit_bluetooth_pin_code_entry_kb|wireless_post_task} resolved by caller: bl(fuzzy-paired) from wireless_event_task@0x0800A570+0x92 ; same body also matches: __aeabi_idiv0|__aeabi_ldiv0|__chibios_override_boardInit|__cpu_init|__late_init|__malloc_lock|__malloc_unlock|_fini|battery_stop|board_init|default_layer_debug|default_layer_state_set_user|dummy_cb|early_hardware_init_post|housekeeping_task_user|keyboard_post_init_user|keyboard_pre_init_user|layer_debug|layer_state_set_user|leader_start_user|led_init_ports|led_set_user|led_update_ports|matrix_init_user|matrix_power_down|matrix_power_up|matrix_print|matrix_scan_user|matrix_setup|notify_usb_device_state_change_user|oneshot_layer_changed_user|oneshot_locked_mods_changed_user|oneshot_mods_changed_user|post_process_record_user|rgb_matrix_none_indicators_user|suspend_power_down_user|suspend_wakeup_init_user|td0_reset|wireless_enter_bluetooth_pin_code_entry_kb|wireless_enter_connected_kb|wireless_enter_discoverable_kb|wireless_enter_sleep_kb|wireless_exit_bluetooth_pin_code_entry_kb|wireless_post_task ; xrefs: wireless_event_task@0x0800A570(bl~)
0x0800A430,2,wireless_enter_connected_kb,"ref1011_default,ref1011_feat",0x0800875C,exact-ambiguous,1.000,tiny body placed (adjacent) ; ambiguous body {__aeabi_idiv0|__aeabi_ldiv0|__chibios_override_boardInit|__cpu_init|__late_init|__malloc_lock|__malloc_unlock|_fini|battery_stop|board_init|default_layer_debug|default_layer_state_set_user|dummy_cb|early_hardware_init_post|housekeeping_task_user|keyboard_post_init_user|keyboard_pre_init_user|layer_debug|layer_state_set_user|leader_start_user|led_init_ports|led_set_user|led_update_ports|matrix_init_user|matrix_power_down|matrix_power_up|matrix_print|matrix_scan_user|matrix_setup|notify_usb_device_state_change_user|oneshot_layer_changed_user|oneshot_locked_mods_changed_user|oneshot_mods_changed_user|post_process_record_user|rgb_matrix_none_indicators_user|suspend_power_down_user|suspend_wakeup_init_user|td0_reset|wireless_enter_bluetooth_pin_code_entry_kb|wireless_enter_connected_kb|wireless_enter_discoverable_kb|wireless_enter_reconnecting_kb|wireless_enter_sleep_kb|wireless_exit_bluetooth_pin_code_entry_kb|wireless_post_task} resolved by caller: bl(fuzzy-paired) from wireless_event_task@0x0800A570+0x44 ; same body also matches: __aeabi_idiv0|__aeabi_ldiv0|__chibios_override_boardInit|__cpu_init|__late_init|__malloc_lock|__malloc_unlock|_fini|battery_stop|board_init|default_layer_debug|default_layer_state_set_user|dummy_cb|early_hardware_init_post|housekeeping_task_user|keyboard_post_init_user|keyboard_pre_init_user|layer_debug|layer_state_set_user|leader_start_user|led_init_ports|led_set_user|led_update_ports|matrix_init_user|matrix_power_down|matrix_power_up|matrix_print|matrix_scan_user|matrix_setup|notify_usb_device_state_change_user|oneshot_layer_changed_user|oneshot_locked_mods_changed_user|oneshot_mods_changed_user|post_process_record_user|rgb_matrix_none_indicators_user|suspend_power_down_user|suspend_wakeup_init_user|td0_reset|wireless_enter_bluetooth_pin_code_entry_kb|wireless_enter_discoverable_kb|wireless_enter_reconnecting_kb|wireless_enter_sleep_kb|wireless_exit_bluetooth_pin_code_entry_kb|wireless_post_task ; xrefs: wireless_event_task@0x0800A570(bl~)
0x0800A432,2,wireless_enter_bluetooth_pin_code_entry_kb,"ref1011_default,ref1011_feat",0x0800875E,exact-ambiguous,1.000,tiny body placed (adjacent) ; ambiguous body {__aeabi_idiv0|__aeabi_ldiv0|__chibios_override_boardInit|__cpu_init|__late_init|__malloc_lock|__malloc_unlock|_fini|battery_stop|board_init|default_layer_debug|default_layer_state_set_user|dummy_cb|early_hardware_init_post|housekeeping_task_user|keyboard_post_init_user|keyboard_pre_init_user|layer_debug|layer_state_set_user|leader_start_user|led_init_ports|led_set_user|led_update_ports|matrix_init_user|matrix_power_down|matrix_power_up|matrix_print|matrix_scan_user|matrix_setup|notify_usb_device_state_change_user|oneshot_layer_changed_user|oneshot_locked_mods_changed_user|oneshot_mods_changed_user|post_process_record_user|rgb_matrix_none_indicators_user|suspend_power_down_user|suspend_wakeup_init_user|td0_reset|wireless_enter_bluetooth_pin_code_entry_kb|wireless_enter_connected_kb|wireless_enter_discoverable_kb|wireless_enter_reconnecting_kb|wireless_enter_sleep_kb|wireless_exit_bluetooth_pin_code_entry_kb|wireless_post_task} resolved by caller: bl(fuzzy-paired) from wireless_event_task@0x0800A570+0x106 ; same body also matches: __aeabi_idiv0|__aeabi_ldiv0|__chibios_override_boardInit|__cpu_init|__late_init|__malloc_lock|__malloc_unlock|_fini|battery_stop|board_init|default_layer_debug|default_layer_state_set_user|dummy_cb|early_hardware_init_post|housekeeping_task_user|keyboard_post_init_user|keyboard_pre_init_user|layer_debug|layer_state_set_user|leader_start_user|led_init_ports|led_set_user|led_update_ports|matrix_init_user|matrix_power_down|matrix_power_up|matrix_print|matrix_scan_user|matrix_setup|notify_usb_device_state_change_user|oneshot_layer_changed_user|oneshot_locked_mods_changed_user|oneshot_mods_changed_user|post_process_record_user|rgb_matrix_none_indicators_user|suspend_power_down_user|suspend_wakeup_init_user|td0_reset|wireless_enter_connected_kb|wireless_enter_discoverable_kb|wireless_enter_reconnecting_kb|wireless_enter_sleep_kb|wireless_exit_bluetooth_pin_code_entry_kb|wireless_post_task ; xrefs: wireless_event_task@0x0800A570(bl~)
0x0800A434,2,wireless_exit_bluetooth_pin_code_entry_kb,"ref1011_default,ref1011_feat",0x08008760,exact-ambiguous,1.000,tiny body placed (adjacent) ; ambiguous body {__aeabi_idiv0|__aeabi_ldiv0|__chibios_override_boardInit|__cpu_init|__late_init|__malloc_lock|__malloc_unlock|_fini|battery_stop|board_init|default_layer_debug|default_layer_state_set_user|dummy_cb|early_hardware_init_post|housekeeping_task_user|keyboard_post_init_user|keyboard_pre_init_user|layer_debug|layer_state_set_user|leader_start_user|led_init_ports|led_set_user|led_update_ports|matrix_init_user|matrix_power_down|matrix_power_up|matrix_print|matrix_scan_user|matrix_setup|notify_usb_device_state_change_user|oneshot_layer_changed_user|oneshot_locked_mods_changed_user|oneshot_mods_changed_user|post_process_record_user|rgb_matrix_none_indicators_user|suspend_power_down_user|suspend_wakeup_init_user|td0_reset|wireless_enter_bluetooth_pin_code_entry_kb|wireless_enter_connected_kb|wireless_enter_discoverable_kb|wireless_enter_reconnecting_kb|wireless_enter_sleep_kb|wireless_exit_bluetooth_pin_code_entry_kb|wireless_post_task} resolved by caller: bl(fuzzy-paired) from wireless_event_task@0x0800A570+0x11C ; same body also matches: __aeabi_idiv0|__aeabi_ldiv0|__chibios_override_boardInit|__cpu_init|__late_init|__malloc_lock|__malloc_unlock|_fini|battery_stop|board_init|default_layer_debug|default_layer_state_set_user|dummy_cb|early_hardware_init_post|housekeeping_task_user|keyboard_post_init_user|keyboard_pre_init_user|layer_debug|layer_state_set_user|leader_start_user|led_init_ports|led_set_user|led_update_ports|matrix_init_user|matrix_power_down|matrix_power_up|matrix_print|matrix_scan_user|matrix_setup|notify_usb_device_state_change_user|oneshot_layer_changed_user|oneshot_locked_mods_changed_user|oneshot_mods_changed_user|post_process_record_user|rgb_matrix_none_indicators_user|suspend_power_down_user|suspend_wakeup_init_user|td0_reset|wireless_enter_bluetooth_pin_code_entry_kb|wireless_enter_connected_kb|wireless_enter_discoverable_kb|wireless_enter_reconnecting_kb|wireless_enter_sleep_kb|wireless_post_task ; xrefs: wireless_event_task@0x0800A570(bl~)
0x0800A436,2,wireless_enter_sleep_kb,"ref1011_default,ref1011_feat",0x08008762,exact-ambiguous,1.000,tiny body placed (adjacent) ; ambiguous body {__aeabi_idiv0|__aeabi_ldiv0|__chibios_override_boardInit|__cpu_init|__late_init|__malloc_lock|__malloc_unlock|_fini|battery_stop|board_init|default_layer_debug|default_layer_state_set_user|dummy_cb|early_hardware_init_post|housekeeping_task_user|keyboard_post_init_user|keyboard_pre_init_user|layer_debug|layer_state_set_user|leader_start_user|led_init_ports|led_set_user|led_update_ports|matrix_init_user|matrix_power_down|matrix_power_up|matrix_print|matrix_scan_user|matrix_setup|notify_usb_device_state_change_user|oneshot_layer_changed_user|oneshot_locked_mods_changed_user|oneshot_mods_changed_user|post_process_record_user|rgb_matrix_none_indicators_user|suspend_power_down_user|suspend_wakeup_init_user|td0_reset|wireless_enter_bluetooth_pin_code_entry_kb|wireless_enter_connected_kb|wireless_enter_discoverable_kb|wireless_enter_reconnecting_kb|wireless_enter_sleep_kb|wireless_exit_bluetooth_pin_code_entry_kb|wireless_post_task} resolved by caller: bl(fuzzy-paired) from wireless_event_task@0x0800A570+0x138 ; same body also matches: __aeabi_idiv0|__aeabi_ldiv0|__chibios_override_boardInit|__cpu_init|__late_init|__malloc_lock|__malloc_unlock|_fini|battery_stop|board_init|default_layer_debug|default_layer_state_set_user|dummy_cb|early_hardware_init_post|housekeeping_task_user|keyboard_post_init_user|keyboard_pre_init_user|layer_debug|layer_state_set_user|leader_start_user|led_init_ports|led_set_user|led_update_ports|matrix_init_user|matrix_power_down|matrix_power_up|matrix_print|matrix_scan_user|matrix_setup|notify_usb_device_state_change_user|oneshot_layer_changed_user|oneshot_locked_mods_changed_user|oneshot_mods_changed_user|post_process_record_user|rgb_matrix_none_indicators_user|suspend_power_down_user|suspend_wakeup_init_user|td0_reset|wireless_enter_bluetooth_pin_code_entry_kb|wireless_enter_connected_kb|wireless_enter_discoverable_kb|wireless_enter_reconnecting_kb|wireless_exit_bluetooth_pin_code_entry_kb|wireless_post_task ; xrefs: wireless_event_task@0x0800A570(bl~)
0x0800A438,32,wireless_send_system,"ref1011_default,ref1011_feat",0x08008764,exact,1.000,xrefs: wireless_send_extra@0x0800A4B0(b)
0x0800A458,88,wireless_send_consumer,"ref1011_default,ref1011_feat",0x08008784,exact,1.000,xrefs: wireless_send_extra@0x0800A4B0(b)
0x0800A4B0,54,wireless_send_extra,"ref1011_default,ref1011_feat",0x080087DC,exact,1.000,
0x0800A4E8,136,wireless_low_battery_shutdown,"ref1011_default,ref1011_feat",0x08008814,exact,1.000,xrefs: battery_check_critical_low@0x0800C1AC(b)
0x0800A570,484,wireless_event_task,ref1011_feat,0x0800889C,fuzzy-anchored,0.926,call-anchored: bl from wireless_task@0x0800A754+0x8 ; xrefs: wireless_task@0x0800A754(bl)
0x0800A754,40,wireless_task,"ref1011_default,ref1011_feat",0x08008A80,exact,1.000,xrefs: wireless_tasks@0x0800B972(bl)
0x0800A77C,12,wireless_get_state,"ref1011_default,ref1011_feat",0x08008AD4,exact-ambiguous,1.000,ambiguous body {get_mods|get_oneshot_mods|get_transport|get_weak_mods|keyboard_leds|leader_sequence_active|rgb_matrix_is_driver_shutdown|wireless_get_state} resolved by caller: bl from report_buffer_task@0x0800A8D4+0x2 ; same body also matches: get_mods|get_oneshot_mods|get_transport|get_weak_mods|keyboard_leds|leader_sequence_active|rgb_matrix_is_driver_shutdown ; xrefs: report_buffer_task@0x0800A8D4(bl) bt_transport_enable@0x0800B990(bl) p24g_transport_enable@0x0800B9F8(bl) battery_task@0x0800C1E0(bl~) ...
0x0800A788,68,process_record_wireless,"ref1011_default,ref1011_feat",0x08008AE0,exact,1.000,
0x0800A7CC,60,report_buffer_init,"ref1011_default,ref1011_feat",0x08008B24,exact,1.000,xrefs: lpm_task@0x0800BDCC(bl) wireless_low_battery_shutdown@0x0800A4E8(bl) wireless_init@0x0800A240(bl) wireless_event_task@0x0800A570(bl~)
0x0800A808,56,report_buffer_enqueue,"ref1011_default,ref1011_feat",0x08008B60,exact,1.000,xrefs: wireless_send_keyboard@0x0800A2DC(bl) wireless_send_consumer@0x0800A458(bl)
0x0800A840,52,report_buffer_dequeue,"ref1011_default,ref1011_feat",0x08008B98,exact,1.000,xrefs: report_buffer_task@0x0800A8D4(bl)
0x0800A874,24,report_buffer_is_empty,"ref1011_default,ref1011_feat",0x08008BCC,exact,1.000,xrefs: report_buffer_task@0x0800A8D4(bl) wireless_send_consumer@0x0800A458(bl)
0x0800A88C,16,report_buffer_update_timer,"ref1011_default,ref1011_feat",0x08008BE4,exact-ambiguous,1.000,ambiguous body {factory_timer_start|report_buffer_update_timer} resolved by caller: b.w from wireless_send_consumer@0x0800A458+0x2A ; same body also matches: factory_timer_start ; xrefs: wireless_send_consumer@0x0800A458(b)
0x0800A89C,32,report_buffer_next_inverval,"ref1011_default,ref1011_feat",0x08008BF4,exact,1.000,xrefs: report_buffer_task@0x0800A8D4(bl) wireless_send_consumer@0x0800A458(bl)
0x0800A8BC,12,report_buffer_set_inverval,"ref1011_default,ref1011_feat",0x08008C14,exact-ambiguous,1.000,ambiguous body {report_buffer_set_inverval|report_buffer_set_retry} resolved by caller: bl(fuzzy-paired) from wireless_event_task@0x0800A570+0x164 ; same body also matches: report_buffer_set_retry ; xrefs: wireless_event_task@0x0800A570(bl~) lkbt51_task@0x0800B008(bl~)
0x0800A8C8,12,report_buffer_set_retry,"ref1011_default,ref1011_feat",0x08008C20,exact-ambiguous,1.000,ambiguous body {report_buffer_set_inverval|report_buffer_set_retry} resolved by caller: bl(fuzzy-paired) from lkbt51_task@0x0800B008+0x212 ; same body also matches: report_buffer_set_inverval ; xrefs: lkbt51_task@0x0800B008(bl~) lkbt51_task@0x0800B008(bl~)
0x0800A8D4,184,report_buffer_task,"ref1011_default,ref1011_feat",0x08008C2C,exact,1.000,xrefs: wireless_task@0x0800A754(bl)
0x0800AA20,68,lkbt51_wake,"ref1011_default,ref1011_feat",0x08008D78,exact,1.000,xrefs: lkbt51_dfu_rx@0x0800B290(bl~) lkbt51_factory_reset@0x0800AEF8(bl~)
0x0800AA64,216,lkbt51_send_cmd,ref1011_feat,0x08008DBC,fuzzy,0.864,
0x0800AC1C,76,lkbt51_send_mouse,ref1011_feat,0x08008F74,fuzzy,0.862,
0x0800AE20,56,lkbt51_read_state_reg,ref1011_feat,0x08009178,fuzzy-anchored,0.762,call-anchored: b.w from battery_measure@0x0800C06A+0x4 ; xrefs: battery_measure@0x0800C06A(b)
0x0800AEF8,52,lkbt51_factory_reset,ref1011_feat,0x08009254,fuzzy-anchored,0.810,call-anchored: bl from factory_test_task@0x0800CA84+0x5A ; xrefs: factory_test_task@0x0800CA84(bl)
0x0800AF2C,48,lkbt51_int_pin_test,ref1011_feat,0x08009288,fuzzy-anchored,0.700,call-anchored: b.w from factory_test_rx@0x0800CB90+0x86 ; xrefs: factory_test_rx@0x0800CB90(b)
0x0800AF5C,48,lkbt51_radio_test,ref1011_feat,0x080092B8,fuzzy-anchored,0.778,call-anchored: b.w from factory_test_rx@0x0800CB90+0xBE ; xrefs: factory_test_rx@0x0800CB90(b)
0x0800AF8C,124,lkbt51_dfu_tx,"ref1011_default,ref1011_feat",0x080092E8,exact,1.000,xrefs: lkbt51_task@0x0800B008(bl~)
0x0800B008,648,lkbt51_task,ref1011_feat,0x08009364,fuzzy,0.885,
0x0800B290,152,lkbt51_dfu_rx,ref1011_feat,0x080095F0,fuzzy-anchored,0.897,call-anchored: bl from via_command_kb@0x0800C874+0x7A ; xrefs: via_command_kb@0x0800C874(bl)
0x0800B328,44,indicator_init,ref1011_feat,0x0800968C,fuzzy-anchored,0.750,call-anchored: bl from wireless_init@0x0800A240+0x10 ; xrefs: wireless_init@0x0800A240(bl) set_transport@0x0800BA9C(bl~)
0x0800B354,18,indicator_enable,"ref1011_default,ref1011_feat",0x080096B8,exact,1.000,xrefs: bat_level_animiation_start@0x0800C2AC(bl) indicator_stop@0x0800B3C4(b) indicator_set@0x0800B6AC(bl~)
0x0800B366,4,indicator_disable,"ref1011_default,ref1011_feat",0x080096CA,exact-ambiguous,1.000,tiny body placed (vote) ; ambiguous body {_getpid_r|bootmagic_lite_reset_eeprom|chSchReadyI|chSysTimerHandlerI|default_layer_set|early_hardware_init_pre|eeconfig_init|eeprom_driver_erase|eeprom_driver_init|eflInit|housekeeping_task_kb|indicator_disable|itoa|keycode_at_encodermap_location|keycode_at_keymap_location|process_record_user|protocol_pre_task|protocol_setup|rtcGetTime|rtcInit|rtcSetTime|rtc_timer_init|spiInit|stInit|timer_init|usbInit|usb_device_state_init|usb_device_state_set_resume|wireless_enter_reset_kb} resolved by caller: bl from bat_level_animiation_update@0x0800C390+0x7C ; same body also matches: _getpid_r|bootmagic_lite_reset_eeprom|chSchReadyI|chSysTimerHandlerI|default_layer_set|early_hardware_init_pre|eeconfig_init|eeprom_driver_erase|eeprom_driver_init|eflInit|housekeeping_task_kb|itoa|keycode_at_encodermap_location|keycode_at_keymap_location|process_record_user|protocol_pre_task|protocol_setup|rtcGetTime|rtcInit|rtcSetTime|rtc_timer_init|spiInit|stInit|timer_init|usbInit|usb_device_state_init|usb_device_state_set_resume|wireless_enter_reset_kb ; xrefs: bat_level_animiation_update@0x0800C390(bl)
0x0800B36A,14,indicator_is_enabled,"ref1011_default,ref1011_feat",0x080096CE,exact,1.000,xrefs: indicator_stop@0x0800B3C4(bl) battery_task@0x0800C1E0(bl~)
0x0800B378,36,indicator_eeconfig_reload,"ref1011_default,ref1011_feat",0x080096DC,exact,1.000,xrefs: bat_level_animiation_update@0x0800C390(bl) indicator_stop@0x0800B3C4(bl) indicator_timer_cb@0x0800B5D0(bl~) indicator_battery_low_backlit_enable@0x0800B420(bl~)
0x0800B39C,40,indicator_is_running,ref1011_feat,0x08009700,fuzzy-anchored,0.667,call-anchored: bl from lpm_task@0x0800BDCC+0x46 ; xrefs: lpm_task@0x0800BDCC(bl) wireless_connect@0x0800A298(bl)
0x0800B3C4,40,indicator_stop,"ref1011_default,ref1011_feat",0x0800972C,exact,1.000,xrefs: bt_transport_enable@0x0800B990(bl) p24g_transport_enable@0x0800B9F8(bl)
0x0800B3EC,52,indicator_battery_low_enable,"ref1011_default,ref1011_feat",0x08009754,exact,1.000,xrefs: wireless_low_battery_shutdown@0x0800A4E8(bl) process_record_wireless@0x0800A788(bl) battery_check_empty@0x0800C16C(bl) battery_task@0x0800C1E0(bl~) ...
0x0800B420,116,indicator_battery_low_backlit_enable,ref1011_feat,0x08009788,fuzzy-anchored,0.604,call-anchored: bl from wireless_low_battery_shutdown@0x0800A4E8+0xC ; xrefs: wireless_low_battery_shutdown@0x0800A4E8(bl) process_record_wireless@0x0800A788(bl) battery_check_empty@0x0800C16C(bl) wireless_event_task@0x0800A570(bl~)
0x0800B494,48,os_state_indicate,"ref1011_default,ref1011_feat",0x08009808,exact,1.000,xrefs: led_update_kb@0x0800B91C(bl) rgb_matrix_none_indicators_kb@0x0800B800(bl)
0x0800B4C4,268,rgb_matrix_indicators_bt,ref1011_feat,0x08009838,fuzzy-anchored,0.809,call-anchored: bl from rgb_matrix_indicators_keychron@0x0800C6C6+0x2 ; xrefs: rgb_matrix_indicators_keychron@0x0800C6C6(bl) indicator_timer_cb@0x0800B5D0(bl~)
0x0800B5D0,220,indicator_timer_cb,ref1011_feat,0x0800994C,fuzzy-anchored,0.872,call-anchored: bl from indicator_task@0x0800B8DC+0x1E ; xrefs: indicator_task@0x0800B8DC(bl) indicator_set@0x0800B6AC(bl~) indicator_set@0x0800B6AC(bl~) indicator_set@0x0800B6AC(bl~) ...
0x0800B6AC,340,indicator_set,ref1011_feat,0x08009A28,fuzzy-anchored,1.000,call-anchored: bl from wireless_connect@0x0800A298+0x22 ; xrefs: wireless_connect@0x0800A298(bl) wireless_event_task@0x0800A570(bl~) wireless_event_task@0x0800A570(bl~) wireless_event_task@0x0800A570(bl~) ...
0x0800B800,28,rgb_matrix_none_indicators_kb,"ref1011_default,ref1011_feat",0x08009B7C,exact,1.000,
0x0800B81C,16,rgb_matrix_driver_allow_shutdown,"ref1011_default,ref1011_feat",0x08009B98,exact,1.000,xrefs: led_update_kb@0x0800B91C(bl) indicator_battery_low@0x0800B82C(bl~) rgb_task_flush@0x08011008(bl~)
0x0800B82C,176,indicator_battery_low,ref1011_feat,0x08009BA8,fuzzy-anchored,0.952,call-anchored: b.w from indicator_task@0x0800B8DC+0x2C ; xrefs: indicator_task@0x0800B8DC(b)
0x0800B8DC,64,indicator_task,"ref1011_default,ref1011_feat",0x08009C58,exact,1.000,xrefs: wireless_task@0x0800A754(bl)
0x0800B91C,84,led_update_kb,"ref1011_default,ref1011_feat",0x08009C98,exact,1.000,xrefs: led_set@0x0800D4BA(bl) wireless_event_task@0x0800A570(bl~)
0x0800B970,2,wireless_post_task,"ref1011_default,ref1011_feat",0x08009CEC,exact-ambiguous,1.000,tiny body placed (vote) ; ambiguous body {__aeabi_idiv0|__aeabi_ldiv0|__chibios_override_boardInit|__cpu_init|__late_init|__malloc_lock|__malloc_unlock|_fini|battery_stop|board_init|default_layer_debug|default_layer_state_set_user|dummy_cb|early_hardware_init_post|housekeeping_task_user|keyboard_post_init_user|keyboard_pre_init_user|layer_debug|layer_state_set_user|leader_start_user|led_init_ports|led_set_user|led_update_ports|matrix_init_user|matrix_power_down|matrix_power_up|matrix_print|matrix_scan_user|matrix_setup|notify_usb_device_state_change_user|oneshot_layer_changed_user|oneshot_locked_mods_changed_user|oneshot_mods_changed_user|post_process_record_user|rgb_matrix_none_indicators_user|suspend_power_down_user|suspend_wakeup_init_user|td0_reset|wireless_enter_bluetooth_pin_code_entry_kb|wireless_enter_connected_kb|wireless_enter_discoverable_kb|wireless_enter_reconnecting_kb|wireless_enter_sleep_kb|wireless_exit_bluetooth_pin_code_entry_kb|wireless_post_task} resolved by caller: bl from wireless_tasks@0x0800B972+0xA ; same body also matches: __aeabi_idiv0|__aeabi_ldiv0|__chibios_override_boardInit|__cpu_init|__late_init|__malloc_lock|__malloc_unlock|_fini|battery_stop|board_init|default_layer_debug|default_layer_state_set_user|dummy_cb|early_hardware_init_post|housekeeping_task_user|keyboard_post_init_user|keyboard_pre_init_user|layer_debug|layer_state_set_user|leader_start_user|led_init_ports|led_set_user|led_update_ports|matrix_init_user|matrix_power_down|matrix_power_up|matrix_print|matrix_scan_user|matrix_setup|notify_usb_device_state_change_user|oneshot_layer_changed_user|oneshot_locked_mods_changed_user|oneshot_mods_changed_user|post_process_record_user|rgb_matrix_none_indicators_user|suspend_power_down_user|suspend_wakeup_init_user|td0_reset|wireless_enter_bluetooth_pin_code_entry_kb|wireless_enter_connected_kb|wireless_enter_discoverable_kb|wireless_enter_reconnecting_kb|wireless_enter_sleep_kb|wireless_exit_bluetooth_pin_code_entry_kb ; xrefs: wireless_tasks@0x0800B972(bl)
0x0800B972,30,wireless_tasks,"ref1011_default,ref1011_feat",0x08009CEE,exact,1.000,xrefs: keychron_task@0x0800C6D4(bl)
0x0800B990,104,bt_transport_enable,"ref1011_default,ref1011_feat",0x08009D0C,exact,1.000,xrefs: set_transport@0x0800BA9C(bl~) set_transport@0x0800BA9C(bl~) set_transport@0x0800BA9C(bl~)
0x0800B9F8,104,p24g_transport_enable,"ref1011_default,ref1011_feat",0x08009D74,exact,1.000,xrefs: set_transport@0x0800BA9C(bl~) set_transport@0x0800BA9C(bl~) set_transport@0x0800BA9C(bl~)
0x0800BA60,60,usb_transport_enable,ref1011_feat,0x08009DDC,fuzzy,0.863,xrefs: set_transport@0x0800BA9C(bl~) set_transport@0x0800BA9C(bl~)
0x0800BA9C,280,set_transport,ref1011_feat,0x08009E18,fuzzy,0.854,
0x0800BBB4,12,get_transport,"ref1011_default,ref1011_feat",0x08009F24,exact-ambiguous,1.000,ambiguous body {get_mods|get_oneshot_mods|get_transport|get_weak_mods|keyboard_leds|leader_sequence_active|rgb_matrix_is_driver_shutdown|wireless_get_state} resolved by caller: bl from lpm_task@0x0800BDCC+0x34 ; same body also matches: get_mods|get_oneshot_mods|get_weak_mods|keyboard_leds|leader_sequence_active|rgb_matrix_is_driver_shutdown|wireless_get_state ; xrefs: lpm_task@0x0800BDCC(bl) lpm_task@0x0800BDCC(bl) factory_test_rx@0x0800CB90(bl) process_record_wireless@0x0800A788(bl) ...
0x0800BBC0,112,usb_remote_wakeup,"ref1011_default,ref1011_feat",0x08009F30,exact,1.000,xrefs: wireless_tasks@0x0800B972(bl)
0x0800BC30,64,select_all_cols,ref1011_feat,0x08009FA0,fuzzy,0.864,xrefs: pre_enter_low_power_mode@0x0800BCC8(bl~)
0x0800BC70,28,lpm_timer_reset,"ref1011_default,ref1011_feat",0x08009FDC,exact,1.000,xrefs: lpm_task@0x0800BDCC(bl) report_buffer_task@0x0800A8D4(b) bat_level_animiation_update@0x0800C390(bl) process_record_wireless@0x0800A788(bl) ...
0x0800BC8C,24,lpm_init,"ref1011_default,ref1011_feat",0x08009FF8,exact,1.000,xrefs: wireless_init@0x0800A240(bl)
0x0800BCA4,20,lpm_timer_stop,"ref1011_default,ref1011_feat",0x0800A010,exact,1.000,xrefs: set_transport@0x0800BA9C(bl~)
0x0800BCB8,16,usb_power_connected,"ref1011_default,ref1011_feat",0x0800A024,exact,1.000,xrefs: lpm_task@0x0800BDCC(bl) lpm_task@0x0800BDCC(bl) pre_enter_low_power_mode@0x0800BCC8(bl~) battery_task@0x0800C1E0(bl~) ...
0x0800BCC8,260,pre_enter_low_power_mode,ref1011_feat,0x0800A034,fuzzy-anchored,1.000,call-anchored: bl from lpm_task@0x0800BDCC+0x76 ; xrefs: lpm_task@0x0800BDCC(bl)
0x0800BDCC,456,lpm_task,"ref1011_default,ref1011_feat",0x0800A138,exact,1.000,xrefs: wireless_task@0x0800A754(b)
0x0800BF94,96,lpm_set,ref1011_feat,0x0800A300,fuzzy-anchored,0.925,call-anchored: bl from lpm_task@0x0800BDCC+0x17C ; xrefs: lpm_task@0x0800BDCC(bl) pre_enter_low_power_mode@0x0800BCC8(bl~)
0x0800BFF4,100,enter_power_mode,"ref1011_default,ref1011_feat",0x0800A360,exact,1.000,xrefs: lpm_task@0x0800BDCC(bl)
0x0800C058,16,battery_init,"ref1011_default,ref1011_feat",0x0800A3C4,exact,1.000,xrefs: lpm_task@0x0800BDCC(bl) wireless_init@0x0800A240(bl)
0x0800C068,2,battery_stop,"ref1011_default,ref1011_feat",0x0800A3D4,exact-ambiguous,1.000,tiny body placed (adjacent-both) ; ambiguous body {__aeabi_idiv0|__aeabi_ldiv0|__chibios_override_boardInit|__cpu_init|__late_init|__malloc_lock|__malloc_unlock|_fini|battery_stop|board_init|default_layer_debug|default_layer_state_set_user|dummy_cb|early_hardware_init_post|housekeeping_task_user|keyboard_post_init_user|keyboard_pre_init_user|layer_debug|layer_state_set_user|leader_start_user|led_init_ports|led_set_user|led_update_ports|matrix_init_user|matrix_power_down|matrix_power_up|matrix_print|matrix_scan_user|matrix_setup|notify_usb_device_state_change_user|oneshot_layer_changed_user|oneshot_locked_mods_changed_user|oneshot_mods_changed_user|post_process_record_user|rgb_matrix_none_indicators_user|suspend_power_down_user|suspend_wakeup_init_user|td0_reset|wireless_enter_bluetooth_pin_code_entry_kb|wireless_enter_connected_kb|wireless_enter_discoverable_kb|wireless_enter_reconnecting_kb|wireless_enter_sleep_kb|wireless_exit_bluetooth_pin_code_entry_kb|wireless_post_task} resolved by caller: bl(fuzzy-paired) from pre_enter_low_power_mode@0x0800BCC8+0xDC ; same body also matches: __aeabi_idiv0|__aeabi_ldiv0|__chibios_override_boardInit|__cpu_init|__late_init|__malloc_lock|__malloc_unlock|_fini|board_init|default_layer_debug|default_layer_state_set_user|dummy_cb|early_hardware_init_post|housekeeping_task_user|keyboard_post_init_user|keyboard_pre_init_user|layer_debug|layer_state_set_user|leader_start_user|led_init_ports|led_set_user|led_update_ports|matrix_init_user|matrix_power_down|matrix_power_up|matrix_print|matrix_scan_user|matrix_setup|notify_usb_device_state_change_user|oneshot_layer_changed_user|oneshot_locked_mods_changed_user|oneshot_mods_changed_user|post_process_record_user|rgb_matrix_none_indicators_user|suspend_power_down_user|suspend_wakeup_init_user|td0_reset|wireless_enter_bluetooth_pin_code_entry_kb|wireless_enter_connected_kb|wireless_enter_discoverable_kb|wireless_enter_reconnecting_kb|wireless_enter_sleep_kb|wireless_exit_bluetooth_pin_code_entry_kb|wireless_post_task ; xrefs: pre_enter_low_power_mode@0x0800BCC8(bl~)
0x0800C06A,8,battery_measure,"ref1011_default,ref1011_feat",0x0800A3D6,exact,1.000,xrefs: battery_task@0x0800C1E0(bl~)
0x0800C144,20,battery_is_empty,"ref1011_default,ref1011_feat",0x0800A4A0,exact,1.000,xrefs: process_record_wireless@0x0800A788(bl) wireless_event_task@0x0800A570(bl~)
0x0800C158,20,battery_is_critical_low,"ref1011_default,ref1011_feat",0x0800A4B4,exact,1.000,xrefs: wireless_send_keyboard@0x0800A2DC(bl) wireless_connect@0x0800A298(bl) wireless_send_extra@0x0800A4B0(bl) wireless_send_mouse@0x0800A3A0(bl) ...
0x0800C16C,64,battery_check_empty,"ref1011_default,ref1011_feat",0x0800A4C8,exact,1.000,xrefs: battery_task@0x0800C1E0(bl~)
0x0800C1AC,52,battery_check_critical_low,"ref1011_default,ref1011_feat",0x0800A508,exact,1.000,xrefs: battery_task@0x0800C1E0(bl~)
0x0800C1E0,204,battery_task,ref1011_feat,0x0800A53C,fuzzy-anchored,0.974,call-anchored: bl from wireless_task@0x0800A754+0x18 ; xrefs: wireless_task@0x0800A754(bl)
0x0800C2AC,88,bat_level_animiation_start,"ref1011_default,ref1011_feat",0x0800A608,exact,1.000,xrefs: process_record_keychron_wireless@0x0800C4B4(bl~)
0x0800C304,16,bat_level_animiation_actived,"ref1011_default,ref1011_feat",0x0800A660,exact,1.000,
0x0800C314,124,bat_level_animiation_indicate,"ref1011_default,ref1011_feat",0x0800A670,exact,1.000,
0x0800C390,172,bat_level_animiation_update,"ref1011_default,ref1011_feat",0x0800A6EC,exact,1.000,xrefs: bat_level_animiation_task@0x0800C43C(b)
0x0800C43C,48,bat_level_animiation_task,"ref1011_default,ref1011_feat",0x0800A798,exact,1.000,xrefs: indicator_task@0x0800B8DC(bl)
0x0800C46C,28,rtc_timer_clear,ref1011_feat,0x0800A7C8,fuzzy-anchored,0.737,call-anchored: b.w from rtc_timer_init@0x0800C488+0x0 ; xrefs: rtc_timer_init@0x0800C488(b) battery_task@0x0800C1E0(bl~)
0x0800C488,4,rtc_timer_init,"ref1011_default,ref1011_feat",0x0800A7E0,exact-ambiguous,1.000,tiny body placed (vote) ; ambiguous body {_getpid_r|bootmagic_lite_reset_eeprom|chSchReadyI|chSysTimerHandlerI|default_layer_set|early_hardware_init_pre|eeconfig_init|eeprom_driver_erase|eeprom_driver_init|eflInit|housekeeping_task_kb|indicator_disable|itoa|keycode_at_encodermap_location|keycode_at_keymap_location|process_record_user|protocol_pre_task|protocol_setup|rtcGetTime|rtcInit|rtcSetTime|rtc_timer_init|spiInit|stInit|timer_init|usbInit|usb_device_state_init|usb_device_state_set_resume|wireless_enter_reset_kb} resolved by caller: b.w from wireless_init@0x0800A240+0x20 ; same body also matches: _getpid_r|bootmagic_lite_reset_eeprom|chSchReadyI|chSysTimerHandlerI|default_layer_set|early_hardware_init_pre|eeconfig_init|eeprom_driver_erase|eeprom_driver_init|eflInit|housekeeping_task_kb|indicator_disable|itoa|keycode_at_encodermap_location|keycode_at_keymap_location|process_record_user|protocol_pre_task|protocol_setup|rtcGetTime|rtcInit|rtcSetTime|spiInit|stInit|timer_init|usbInit|usb_device_state_init|usb_device_state_set_resume|wireless_enter_reset_kb ; xrefs: wireless_init@0x0800A240(b)
0x0800C4A8,12,rtc_timer_elapsed_ms,"ref1011_default,ref1011_feat",0x0800A7FC,exact-ambiguous,1.000,ambiguous body {rtc_timer_elapsed_ms|timer_elapsed32} resolved by caller: bl(fuzzy-paired) from battery_task@0x0800C1E0+0x6 ; same body also matches: timer_elapsed32 ; xrefs: battery_task@0x0800C1E0(bl~)
0x0800C4B4,152,process_record_keychron_wireless,ref1011_feat,0x0800A808,fuzzy-anchored,0.906,call-anchored: b.w from process_record_wireless@0x0800A788+0x3A ; xrefs: process_record_wireless@0x0800A788(b)
0x0800C54C,72,lkbt51_param_init,ref1011_feat,0x0800A8A0,fuzzy-anchored,0.800,call-anchored: bl from wireless_enter_disconnected_kb@0x0800C598+0x12 ; xrefs: wireless_enter_disconnected_kb@0x0800C598(bl) wireless_enter_reset_kb@0x0800C594(b)
0x0800C594,4,wireless_enter_reset_kb,"ref1011_default,ref1011_feat",0x0800A8E4,exact-ambiguous,1.000,tiny body placed (adjacent) ; ambiguous body {_getpid_r|bootmagic_lite_reset_eeprom|chSchReadyI|chSysTimerHandlerI|default_layer_set|early_hardware_init_pre|eeconfig_init|eeprom_driver_erase|eeprom_driver_init|eflInit|housekeeping_task_kb|indicator_disable|itoa|keycode_at_encodermap_location|keycode_at_keymap_location|process_record_user|protocol_pre_task|protocol_setup|rtcGetTime|rtcInit|rtcSetTime|rtc_timer_init|spiInit|stInit|timer_init|usbInit|usb_device_state_init|usb_device_state_set_resume|wireless_enter_reset_kb} resolved by caller: bl(fuzzy-paired) from wireless_event_task@0x0800A570+0x26 ; same body also matches: _getpid_r|bootmagic_lite_reset_eeprom|chSchReadyI|chSysTimerHandlerI|default_layer_set|early_hardware_init_pre|eeconfig_init|eeprom_driver_erase|eeprom_driver_init|eflInit|housekeeping_task_kb|indicator_disable|itoa|keycode_at_encodermap_location|keycode_at_keymap_location|process_record_user|protocol_pre_task|protocol_setup|rtcGetTime|rtcInit|rtcSetTime|rtc_timer_init|spiInit|stInit|timer_init|usbInit|usb_device_state_init|usb_device_state_set_resume ; xrefs: wireless_event_task@0x0800A570(bl~)
0x0800C598,44,wireless_enter_disconnected_kb,"ref1011_default,ref1011_feat",0x0800A8E8,exact,1.000,xrefs: wireless_event_task@0x0800A570(bl~)
0x0800C5C4,40,keychron_wireless_common_task,"ref1011_default,ref1011_feat",0x0800A914,exact,1.000,xrefs: wireless_task@0x0800A754(bl)
0x0800C5EC,180,wireless_pre_task,ref1011_feat,0x0800A93C,fuzzy-anchored,0.914,call-anchored: bl from wireless_tasks@0x0800B972+0x2 ; xrefs: wireless_tasks@0x0800B972(bl)
0x0800C6A0,32,process_record_keychron,ref1011_feat,0x0800A9F0,fuzzy-anchored,0.667,call-anchored: b.w from process_record_kb@0x0800C6E8+0x14 ; xrefs: process_record_kb@0x0800C6E8(b)
0x0800C6C0,4,BusFault_Handler|__port_switch_from_isr,"ref1011_default,ref1011_feat",0x0800811E,exact-ambiguous,1.000,size inferred from next symbol (asm routine) ; tiny body placed (adjacent) ; identical body for: BusFault_Handler|__port_switch_from_isr
0x0800C6C4,2,Reset_Handler,"ref1011_default,ref1011_feat",0x0800811C,exact,1.000,size inferred from next symbol (asm routine) ; tiny body placed (adjacent)
0x0800C6C6,14,rgb_matrix_indicators_keychron,"ref1011_default,ref1011_feat",0x0800AA10,exact,1.000,
0x0800C6D4,20,keychron_task,"ref1011_default,ref1011_feat",0x0800AA1E,exact,1.000,xrefs: housekeeping_task_kb@0x0800C714(b)
0x0800C6E8,26,process_record_kb,"ref1011_default,ref1011_feat",0x0800AA32,exact,1.000,
0x0800C714,4,housekeeping_task_kb,"ref1011_default,ref1011_feat",0x0800AA5E,exact-ambiguous,1.000,tiny body placed (vote) ; ambiguous body {_getpid_r|bootmagic_lite_reset_eeprom|chSchReadyI|chSysTimerHandlerI|default_layer_set|early_hardware_init_pre|eeconfig_init|eeprom_driver_erase|eeprom_driver_init|eflInit|housekeeping_task_kb|indicator_disable|itoa|keycode_at_encodermap_location|keycode_at_keymap_location|process_record_user|protocol_pre_task|protocol_setup|rtcGetTime|rtcInit|rtcSetTime|rtc_timer_init|spiInit|stInit|timer_init|usbInit|usb_device_state_init|usb_device_state_set_resume|wireless_enter_reset_kb} resolved by caller: bl from housekeeping_task@0x0800E76A+0x2 ; same body also matches: _getpid_r|bootmagic_lite_reset_eeprom|chSchReadyI|chSysTimerHandlerI|default_layer_set|early_hardware_init_pre|eeconfig_init|eeprom_driver_erase|eeprom_driver_init|eflInit|indicator_disable|itoa|keycode_at_encodermap_location|keycode_at_keymap_location|process_record_user|protocol_pre_task|protocol_setup|rtcGetTime|rtcInit|rtcSetTime|rtc_timer_init|spiInit|stInit|timer_init|usbInit|usb_device_state_init|usb_device_state_set_resume|wireless_enter_reset_kb ; xrefs: housekeeping_task@0x0800E76A(bl)
0x0800C718,6,eeconfig_init_user|encoder0_pad_cb|layer_clear|oneshot_disable|quantum_task,"ref1011_default,ref1011_feat",0x0800AA62,exact-ambiguous,1.000,tiny body placed (adjacent) ; identical body for: eeconfig_init_user|encoder0_pad_cb|layer_clear|oneshot_disable|quantum_task
0x0800C720,188,process_record_keychron_common,"ref1011_default,ref1011_feat",0x0800AA68,exact,1.000,
0x0800C7DC,52,keychron_common_task,"ref1011_default,ref1011_feat",0x0800AB24,exact,1.000,xrefs: keychron_task@0x0800C6D4(bl)
0x0800C810,100,encoder_cb_init,ref1011_feat,0x0800AB58,fuzzy-anchored,0.848,call-anchored: bl from lpm_task@0x0800BDCC+0xCA ; xrefs: lpm_task@0x0800BDCC(bl) keyboard_post_init_kb@0x0800CD38(bl~)
0x0800C874,148,via_command_kb,"ref1011_default,ref1011_feat",0x0800ABB8,exact,1.000,xrefs: raw_hid_receive@0x0800C908(b)
0x0800C908,14,raw_hid_receive,"ref1011_default,ref1011_feat",0x0800AC4C,exact,1.000,xrefs: raw_hid_task@0x08012C1C(bl~)
0x0800C918,16,factory_timer_start,"ref1011_default,ref1011_feat",0x0800AC5C,exact-ambiguous,1.000,ambiguous body {factory_timer_start|report_buffer_update_timer} resolved by caller: bl from process_record_factory_test@0x0800C928+0x70 ; same body also matches: report_buffer_update_timer ; xrefs: process_record_factory_test@0x0800C928(bl) process_record_factory_test@0x0800C928(bl)
0x0800C928,240,process_record_factory_test,"ref1011_default,ref1011_feat",0x0800AC6C,exact,1.000,
0x0800CA18,92,factory_test_indicator,ref1011_feat,0x0800AD5C,fuzzy-anchored,0.950,call-anchored: bl from rgb_matrix_indicators_keychron@0x0800C6C6+0x6 ; xrefs: rgb_matrix_indicators_keychron@0x0800C6C6(bl)
0x0800CA74,16,factory_reset_indicating,"ref1011_default,ref1011_feat",0x0800ADB8,exact,1.000,xrefs: indicator_set@0x0800B6AC(bl~) lpm_is_kb_idle@0x0800CDB8(bl~)
0x0800CA84,192,factory_test_task,"ref1011_default,ref1011_feat",0x0800ADC8,exact,1.000,xrefs: keychron_task@0x0800C6D4(bl)
0x0800CB44,76,factory_test_send,ref1011_feat,0x0800AE88,fuzzy-anchored,0.900,call-anchored: bl from factory_test_rx@0x0800CB90+0xAC ; xrefs: factory_test_rx@0x0800CB90(bl) lkbt51_task@0x0800B008(bl~)
0x0800CB90,352,factory_test_rx,"ref1011_default,ref1011_feat",0x0800AED0,exact,1.000,xrefs: via_command_kb@0x0800C874(bl)
0x0800CD38,80,keyboard_post_init_kb,ref1011_feat,0x0800B078,fuzzy-anchored,0.840,call-anchored: bl from keyboard_init@0x0800E788+0x16 ; xrefs: keyboard_init@0x0800E788(bl)
0x0800CD88,48,keychron_task_kb,"ref1011_default,ref1011_feat",0x0800B0C4,exact,1.000,xrefs: keychron_task@0x0800C6D4(bl)
0x0800CDB8,32,lpm_is_kb_idle,ref1011_feat,0x0800B0F4,fuzzy-anchored,0.833,call-anchored: bl from lpm_task@0x0800BDCC+0x50 ; xrefs: lpm_task@0x0800BDCC(bl)
0x0800D2A4,4,keycode_at_keymap_location,"ref1011_default,ref1011_feat",0x0800B1DC,exact-ambiguous,1.000,tiny body placed (vote) ; ambiguous body {_getpid_r|bootmagic_lite_reset_eeprom|chSchReadyI|chSysTimerHandlerI|default_layer_set|early_hardware_init_pre|eeconfig_init|eeprom_driver_erase|eeprom_driver_init|eflInit|housekeeping_task_kb|indicator_disable|itoa|keycode_at_encodermap_location|keycode_at_keymap_location|process_record_user|protocol_pre_task|protocol_setup|rtcGetTime|rtcInit|rtcSetTime|rtc_timer_init|spiInit|stInit|timer_init|usbInit|usb_device_state_init|usb_device_state_set_resume|wireless_enter_reset_kb} resolved by caller: b.w from keymap_key_to_keycode@0x0800EA64+0x14 ; same body also matches: _getpid_r|bootmagic_lite_reset_eeprom|chSchReadyI|chSysTimerHandlerI|default_layer_set|early_hardware_init_pre|eeconfig_init|eeprom_driver_erase|eeprom_driver_init|eflInit|housekeeping_task_kb|indicator_disable|itoa|keycode_at_encodermap_location|process_record_user|protocol_pre_task|protocol_setup|rtcGetTime|rtcInit|rtcSetTime|rtc_timer_init|spiInit|stInit|timer_init|usbInit|usb_device_state_init|usb_device_state_set_resume|wireless_enter_reset_kb ; xrefs: keymap_key_to_keycode@0x0800EA64(b)
0x0800D2A8,32,keycode_at_encodermap_location_raw,ref1011_feat,0x0800B1E0,fuzzy-anchored,1.000,call-anchored: b.w from keycode_at_encodermap_location@0x0800D2C8+0x0 ; xrefs: keycode_at_encodermap_location@0x0800D2C8(b)
0x0800D2C8,4,keycode_at_encodermap_location,"ref1011_default,ref1011_feat",0x0800B200,exact-ambiguous,1.000,tiny body placed (vote) ; ambiguous body {_getpid_r|bootmagic_lite_reset_eeprom|chSchReadyI|chSysTimerHandlerI|default_layer_set|early_hardware_init_pre|eeconfig_init|eeprom_driver_erase|eeprom_driver_init|eflInit|housekeeping_task_kb|indicator_disable|itoa|keycode_at_encodermap_location|keycode_at_keymap_location|process_record_user|protocol_pre_task|protocol_setup|rtcGetTime|rtcInit|rtcSetTime|rtc_timer_init|spiInit|stInit|timer_init|usbInit|usb_device_state_init|usb_device_state_set_resume|wireless_enter_reset_kb} resolved by caller: b.w from keymap_key_to_keycode@0x0800EA64+0x24 ; same body also matches: _getpid_r|bootmagic_lite_reset_eeprom|chSchReadyI|chSysTimerHandlerI|default_layer_set|early_hardware_init_pre|eeconfig_init|eeprom_driver_erase|eeprom_driver_init|eflInit|housekeeping_task_kb|indicator_disable|itoa|keycode_at_keymap_location|process_record_user|protocol_pre_task|protocol_setup|rtcGetTime|rtcInit|rtcSetTime|rtc_timer_init|spiInit|stInit|timer_init|usbInit|usb_device_state_init|usb_device_state_set_resume|wireless_enter_reset_kb ; xrefs: keymap_key_to_keycode@0x0800EA64(b)
0x0800D2CC,4,pre_process_record_user,"ref1011_default,ref1011_feat",0x0800B308,exact-ambiguous,1.000,tiny body placed (vote) ; ambiguous body {_getpid|_isatty_r|dip_switch_update_mask_user|is_keyboard_master|led_update_user|matrix_can_read|pre_process_record_user|process_action_kb|process_record_keychron_kb|rgb_matrix_indicators_advanced_user|rgb_matrix_indicators_user|shutdown_user} resolved by caller: bl from pre_process_record_kb@0x0800D2D0+0x2 ; same body also matches: _getpid|_isatty_r|dip_switch_update_mask_user|is_keyboard_master|led_update_user|matrix_can_read|process_action_kb|process_record_keychron_kb|rgb_matrix_indicators_advanced_user|rgb_matrix_indicators_user|shutdown_user ; xrefs: pre_process_record_kb@0x0800D2D0(bl)
0x0800D2D0,8,pre_process_record_kb,"ref1011_default,ref1011_feat",0x0800B30C,exact-ambiguous,1.000,ambiguous body {bootmagic|default_layer_state_set_kb|dip_switch_update_mask_kb|host_keyboard_led_state|keyboard_pre_init_kb|layer_state_set_kb|matrix_init_kb|matrix_output_unselect_delay|matrix_scan_kb|notify_usb_device_state_change_kb|oneshot_layer_changed_kb|oneshot_locked_mods_changed_kb|oneshot_mods_changed_kb|post_process_record_kb|pre_process_record_kb|rgb_matrix_indicators_advanced_kb|should_process_keypress|shutdown_kb|suspend_power_down_kb|suspend_wakeup_init_kb} resolved by caller: bl from pre_process_record_quantum@0x0800D34C+0xC ; same body also matches: bootmagic|default_layer_state_set_kb|dip_switch_update_mask_kb|host_keyboard_led_state|keyboard_pre_init_kb|layer_state_set_kb|matrix_init_kb|matrix_output_unselect_delay|matrix_scan_kb|notify_usb_device_state_change_kb|oneshot_layer_changed_kb|oneshot_locked_mods_changed_kb|oneshot_mods_changed_kb|post_process_record_kb|rgb_matrix_indicators_advanced_kb|should_process_keypress|shutdown_kb|suspend_power_down_kb|suspend_wakeup_init_kb ; xrefs: pre_process_record_quantum@0x0800D34C(bl)
0x0800D2D8,4,_getpid|_isatty_r|dip_switch_update_mask_user|is_keyboard_master|led_update_user|matrix_can_read|pre_process_record_user|process_action_kb|process_record_keychron_kb|rgb_matrix_indicators_advanced_user|rgb_matrix_indicators_user|shutdown_user,"ref1011_default,ref1011_feat",0x0800A9EC,exact-ambiguous,1.000,tiny body placed (adjacent) ; identical body for: _getpid|_isatty_r|dip_switch_update_mask_user|is_keyboard_master|led_update_user|matrix_can_read|pre_process_record_user|process_action_kb|process_record_keychron_kb|rgb_matrix_indicators_advanced_user|rgb_matrix_indicators_user|shutdown_user
0x0800D2DC,2,post_process_record_user,"ref1011_default,ref1011_feat",0x0800B318,exact-ambiguous,1.000,tiny body placed (vote) ; ambiguous body {__aeabi_idiv0|__aeabi_ldiv0|__chibios_override_boardInit|__cpu_init|__late_init|__malloc_lock|__malloc_unlock|_fini|battery_stop|board_init|default_layer_debug|default_layer_state_set_user|dummy_cb|early_hardware_init_post|housekeeping_task_user|keyboard_post_init_user|keyboard_pre_init_user|layer_debug|layer_state_set_user|leader_start_user|led_init_ports|led_set_user|led_update_ports|matrix_init_user|matrix_power_down|matrix_power_up|matrix_print|matrix_scan_user|matrix_setup|notify_usb_device_state_change_user|oneshot_layer_changed_user|oneshot_locked_mods_changed_user|oneshot_mods_changed_user|post_process_record_user|rgb_matrix_none_indicators_user|suspend_power_down_user|suspend_wakeup_init_user|td0_reset|wireless_enter_bluetooth_pin_code_entry_kb|wireless_enter_connected_kb|wireless_enter_discoverable_kb|wireless_enter_reconnecting_kb|wireless_enter_sleep_kb|wireless_exit_bluetooth_pin_code_entry_kb|wireless_post_task} resolved by caller: bl from post_process_record_kb@0x0800D2DE+0x2 ; same body also matches: __aeabi_idiv0|__aeabi_ldiv0|__chibios_override_boardInit|__cpu_init|__late_init|__malloc_lock|__malloc_unlock|_fini|battery_stop|board_init|default_layer_debug|default_layer_state_set_user|dummy_cb|early_hardware_init_post|housekeeping_task_user|keyboard_post_init_user|keyboard_pre_init_user|layer_debug|layer_state_set_user|leader_start_user|led_init_ports|led_set_user|led_update_ports|matrix_init_user|matrix_power_down|matrix_power_up|matrix_print|matrix_scan_user|matrix_setup|notify_usb_device_state_change_user|oneshot_layer_changed_user|oneshot_locked_mods_changed_user|oneshot_mods_changed_user|rgb_matrix_none_indicators_user|suspend_power_down_user|suspend_wakeup_init_user|td0_reset|wireless_enter_bluetooth_pin_code_entry_kb|wireless_enter_connected_kb|wireless_enter_discoverable_kb|wireless_enter_reconnecting_kb|wireless_enter_sleep_kb|wireless_exit_bluetooth_pin_code_entry_kb|wireless_post_task ; xrefs: post_process_record_kb@0x0800D2DE(bl)
0x0800D2DE,8,post_process_record_kb,"ref1011_default,ref1011_feat",0x0800B31A,exact-ambiguous,1.000,ambiguous body {bootmagic|default_layer_state_set_kb|dip_switch_update_mask_kb|host_keyboard_led_state|keyboard_pre_init_kb|layer_state_set_kb|matrix_init_kb|matrix_output_unselect_delay|matrix_scan_kb|notify_usb_device_state_change_kb|oneshot_layer_changed_kb|oneshot_locked_mods_changed_kb|oneshot_mods_changed_kb|post_process_record_kb|pre_process_record_kb|rgb_matrix_indicators_advanced_kb|should_process_keypress|shutdown_kb|suspend_power_down_kb|suspend_wakeup_init_kb} resolved by caller: bl from post_process_record_quantum@0x0800D35E+0xC ; same body also matches: bootmagic|default_layer_state_set_kb|dip_switch_update_mask_kb|host_keyboard_led_state|keyboard_pre_init_kb|layer_state_set_kb|matrix_init_kb|matrix_output_unselect_delay|matrix_scan_kb|notify_usb_device_state_change_kb|oneshot_layer_changed_kb|oneshot_locked_mods_changed_kb|oneshot_mods_changed_kb|pre_process_record_kb|rgb_matrix_indicators_advanced_kb|should_process_keypress|shutdown_kb|suspend_power_down_kb|suspend_wakeup_init_kb ; xrefs: post_process_record_quantum@0x0800D35E(bl)
0x0800D334,20,get_record_keycode,ref1011_feat,0x0800B36C,fuzzy-anchored,0.706,call-anchored: bl from pre_process_record_quantum@0x0800D34C+0x6 ; xrefs: pre_process_record_quantum@0x0800D34C(bl) post_process_record_quantum@0x0800D35E(bl)
0x0800D348,4,_getpid_r|bootmagic_lite_reset_eeprom|chSchReadyI|chSysTimerHandlerI|default_layer_set|early_hardware_init_pre|eeconfig_init|eeprom_driver_erase|eeprom_driver_init|eflInit|housekeeping_task_kb|indicator_disable|itoa|keycode_at_encodermap_location|keycode_at_keymap_location|process_record_user|protocol_pre_task|protocol_setup|rtcGetTime|rtcInit|rtcSetTime|rtc_timer_init|spiInit|stInit|timer_init|usbInit|usb_device_state_init|usb_device_state_set_resume|wireless_enter_reset_kb,"ref1011_default,ref1011_feat",0x080096CA,exact-ambiguous,1.000,tiny body placed (adjacent) ; identical body for: _getpid_r|bootmagic_lite_reset_eeprom|chSchReadyI|chSysTimerHandlerI|default_layer_set|early_hardware_init_pre|eeconfig_init|eeprom_driver_erase|eeprom_driver_init|eflInit|housekeeping_task_kb|indicator_disable|itoa|keycode_at_encodermap_location|keycode_at_keymap_location|process_record_user|protocol_pre_task|protocol_setup|rtcGetTime|rtcInit|rtcSetTime|rtc_timer_init|spiInit|stInit|timer_init|usbInit|usb_device_state_init|usb_device_state_set_resume|wireless_enter_reset_kb
0x0800D34C,18,pre_process_record_quantum,"ref1011_default,ref1011_feat",0x0800B382,exact,1.000,
0x0800D35E,18,post_process_record_quantum,"ref1011_default,ref1011_feat",0x0800B394,exact,1.000,xrefs: process_record@0x0800DAD8(bl)
0x0800D370,4,shutdown_user,"ref1011_default,ref1011_feat",0x0800B3A6,exact-ambiguous,1.000,tiny body placed (vote) ; ambiguous body {_getpid|_isatty_r|dip_switch_update_mask_user|is_keyboard_master|led_update_user|matrix_can_read|pre_process_record_user|process_action_kb|process_record_keychron_kb|rgb_matrix_indicators_advanced_user|rgb_matrix_indicators_user|shutdown_user} resolved by caller: bl from shutdown_kb@0x0800D374+0x2 ; same body also matches: _getpid|_isatty_r|dip_switch_update_mask_user|is_keyboard_master|led_update_user|matrix_can_read|pre_process_record_user|process_action_kb|process_record_keychron_kb|rgb_matrix_indicators_advanced_user|rgb_matrix_indicators_user ; xrefs: shutdown_kb@0x0800D374(bl)
0x0800D374,8,shutdown_kb,"ref1011_default,ref1011_feat",0x0800B3AA,exact-ambiguous,1.000,ambiguous body {bootmagic|default_layer_state_set_kb|dip_switch_update_mask_kb|host_keyboard_led_state|keyboard_pre_init_kb|layer_state_set_kb|matrix_init_kb|matrix_output_unselect_delay|matrix_scan_kb|notify_usb_device_state_change_kb|oneshot_layer_changed_kb|oneshot_locked_mods_changed_kb|oneshot_mods_changed_kb|post_process_record_kb|pre_process_record_kb|rgb_matrix_indicators_advanced_kb|should_process_keypress|shutdown_kb|suspend_power_down_kb|suspend_wakeup_init_kb} resolved by caller: bl from shutdown_quantum@0x0800D37C+0xA ; same body also matches: bootmagic|default_layer_state_set_kb|dip_switch_update_mask_kb|host_keyboard_led_state|keyboard_pre_init_kb|layer_state_set_kb|matrix_init_kb|matrix_output_unselect_delay|matrix_scan_kb|notify_usb_device_state_change_kb|oneshot_layer_changed_kb|oneshot_locked_mods_changed_kb|oneshot_mods_changed_kb|post_process_record_kb|pre_process_record_kb|rgb_matrix_indicators_advanced_kb|should_process_keypress|suspend_power_down_kb|suspend_wakeup_init_kb ; xrefs: shutdown_quantum@0x0800D37C(bl)
0x0800D37C,26,shutdown_quantum,"ref1011_default,ref1011_feat",0x0800B3B2,exact,1.000,xrefs: reset_keyboard@0x0800D396(bl) soft_reset_keyboard@0x0800D3A6(bl)
0x0800D396,16,reset_keyboard,"ref1011_default,ref1011_feat",0x0800B3CC,exact,1.000,
0x0800D3A6,16,soft_reset_keyboard,"ref1011_default,ref1011_feat",0x0800B3DC,exact,1.000,
0x0800D3B6,140,process_record_quantum,ref1011_default,0x0800B21C,fuzzy-anchored,0.835,call-anchored: bl from process_record@0x0800DAD8+0x8 ; xrefs: process_record@0x0800DAD8(bl)
0x0800D446,4,BusFault_Handler|__port_switch_from_isr,"ref1011_default,ref1011_feat",0x0800811E,exact-ambiguous,1.000,size inferred from next symbol (asm routine) ; tiny body placed (adjacent) ; identical body for: BusFault_Handler|__port_switch_from_isr
0x0800D44A,4,BusFault_Handler|__port_switch_from_isr,"ref1011_default,ref1011_feat",0x0800811E,exact-ambiguous,1.000,size inferred from next symbol (asm routine) ; tiny body placed (adjacent) ; identical body for: BusFault_Handler|__port_switch_from_isr
0x0800D44E,2,Reset_Handler,"ref1011_default,ref1011_feat",0x0800811C,exact,1.000,size inferred from next symbol (asm routine) ; tiny body placed (adjacent)
0x0800D450,4,BusFault_Handler|__port_switch_from_isr,"ref1011_default,ref1011_feat",0x0800811E,exact-ambiguous,1.000,size inferred from next symbol (asm routine) ; tiny body placed (adjacent) ; identical body for: BusFault_Handler|__port_switch_from_isr
0x0800D454,2,Reset_Handler,"ref1011_default,ref1011_feat",0x0800811C,exact,1.000,size inferred from next symbol (asm routine) ; tiny body placed (adjacent)
0x0800D456,4,BusFault_Handler|__port_switch_from_isr,"ref1011_default,ref1011_feat",0x0800811E,exact-ambiguous,1.000,size inferred from next symbol (asm routine) ; tiny body placed (adjacent) ; identical body for: BusFault_Handler|__port_switch_from_isr
0x0800D45A,2,Reset_Handler,"ref1011_default,ref1011_feat",0x0800811C,exact,1.000,size inferred from next symbol (asm routine) ; tiny body placed (adjacent)
0x0800D45C,24,suspend_power_down_quantum,"ref1011_default,ref1011_feat",0x0800B4B2,exact,1.000,xrefs: suspend_power_down@0x0801249E(bl)
0x0800D474,20,suspend_wakeup_init_quantum,"ref1011_default,ref1011_feat",0x0800B4CA,exact,1.000,xrefs: suspend_wakeup_init@0x080124B0(b)
0x0800D488,38,biton16,ref1011_feat,0x0800B4DE,fuzzy-anchored,0.571,call-anchored: bl from via_command_kb@0x0800C874+0x72 ; xrefs: via_command_kb@0x0800C874(bl)
0x0800D4AE,2,__aeabi_idiv0|__aeabi_ldiv0|__chibios_override_boardInit|__cpu_init|__late_init|__malloc_lock|__malloc_unlock|_fini|battery_stop|board_init|default_layer_debug|default_layer_state_set_user|dummy_cb|early_hardware_init_post|housekeeping_task_user|keyboard_post_init_user|keyboard_pre_init_user|layer_debug|layer_state_set_user|leader_start_user|led_init_ports|led_set_user|led_update_ports|matrix_init_user|matrix_power_down|matrix_power_up|matrix_print|matrix_scan_user|matrix_setup|notify_usb_device_state_change_user|oneshot_layer_changed_user|oneshot_locked_mods_changed_user|oneshot_mods_changed_user|post_process_record_user|rgb_matrix_none_indicators_user|suspend_power_down_user|suspend_wakeup_init_user|td0_reset|wireless_enter_bluetooth_pin_code_entry_kb|wireless_enter_connected_kb|wireless_enter_discoverable_kb|wireless_enter_reconnecting_kb|wireless_enter_sleep_kb|wireless_exit_bluetooth_pin_code_entry_kb|wireless_post_task,"ref1011_default,ref1011_feat",0x08008434,exact-ambiguous,1.000,tiny body placed (adjacent) ; identical body for: __aeabi_idiv0|__aeabi_ldiv0|__chibios_override_boardInit|__cpu_init|__late_init|__malloc_lock|__malloc_unlock|_fini|battery_stop|board_init|default_layer_debug|default_layer_state_set_user|dummy_cb|early_hardware_init_post|housekeeping_task_user|keyboard_post_init_user|keyboard_pre_init_user|layer_debug|layer_state_set_user|leader_start_user|led_init_ports|led_set_user|led_update_ports|matrix_init_user|matrix_power_down|matrix_power_up|matrix_print|matrix_scan_user|matrix_setup|notify_usb_device_state_change_user|oneshot_layer_changed_user|oneshot_locked_mods_changed_user|oneshot_mods_changed_user|post_process_record_user|rgb_matrix_none_indicators_user|suspend_power_down_user|suspend_wakeup_init_user|td0_reset|wireless_enter_bluetooth_pin_code_entry_kb|wireless_enter_connected_kb|wireless_enter_discoverable_kb|wireless_enter_reconnecting_kb|wireless_enter_sleep_kb|wireless_exit_bluetooth_pin_code_entry_kb|wireless_post_task
0x0800D4B0,2,led_set_user,"ref1011_default,ref1011_feat",0x0800B500,exact-ambiguous,1.000,tiny body placed (vote) ; ambiguous body {__aeabi_idiv0|__aeabi_ldiv0|__chibios_override_boardInit|__cpu_init|__late_init|__malloc_lock|__malloc_unlock|_fini|battery_stop|board_init|default_layer_debug|default_layer_state_set_user|dummy_cb|early_hardware_init_post|housekeeping_task_user|keyboard_post_init_user|keyboard_pre_init_user|layer_debug|layer_state_set_user|leader_start_user|led_init_ports|led_set_user|led_update_ports|matrix_init_user|matrix_power_down|matrix_power_up|matrix_print|matrix_scan_user|matrix_setup|notify_usb_device_state_change_user|oneshot_layer_changed_user|oneshot_locked_mods_changed_user|oneshot_mods_changed_user|post_process_record_user|rgb_matrix_none_indicators_user|suspend_power_down_user|suspend_wakeup_init_user|td0_reset|wireless_enter_bluetooth_pin_code_entry_kb|wireless_enter_connected_kb|wireless_enter_discoverable_kb|wireless_enter_reconnecting_kb|wireless_enter_sleep_kb|wireless_exit_bluetooth_pin_code_entry_kb|wireless_post_task} resolved by caller: bl from led_set@0x0800D4BA+0x4 ; same body also matches: __aeabi_idiv0|__aeabi_ldiv0|__chibios_override_boardInit|__cpu_init|__late_init|__malloc_lock|__malloc_unlock|_fini|battery_stop|board_init|default_layer_debug|default_layer_state_set_user|dummy_cb|early_hardware_init_post|housekeeping_task_user|keyboard_post_init_user|keyboard_pre_init_user|layer_debug|layer_state_set_user|leader_start_user|led_init_ports|led_update_ports|matrix_init_user|matrix_power_down|matrix_power_up|matrix_print|matrix_scan_user|matrix_setup|notify_usb_device_state_change_user|oneshot_layer_changed_user|oneshot_locked_mods_changed_user|oneshot_mods_changed_user|post_process_record_user|rgb_matrix_none_indicators_user|suspend_power_down_user|suspend_wakeup_init_user|td0_reset|wireless_enter_bluetooth_pin_code_entry_kb|wireless_enter_connected_kb|wireless_enter_discoverable_kb|wireless_enter_reconnecting_kb|wireless_enter_sleep_kb|wireless_exit_bluetooth_pin_code_entry_kb|wireless_post_task ; xrefs: led_set@0x0800D4BA(bl)
0x0800D4B2,4,led_update_user,"ref1011_default,ref1011_feat",0x0800B502,exact-ambiguous,1.000,tiny body placed (vote) ; ambiguous body {_getpid|_isatty_r|dip_switch_update_mask_user|is_keyboard_master|led_update_user|matrix_can_read|pre_process_record_user|process_action_kb|process_record_keychron_kb|rgb_matrix_indicators_advanced_user|rgb_matrix_indicators_user|shutdown_user} resolved by caller: bl from led_update_kb@0x0800B91C+0x4 ; same body also matches: _getpid|_isatty_r|dip_switch_update_mask_user|is_keyboard_master|matrix_can_read|pre_process_record_user|process_action_kb|process_record_keychron_kb|rgb_matrix_indicators_advanced_user|rgb_matrix_indicators_user|shutdown_user ; xrefs: led_update_kb@0x0800B91C(bl)
0x0800D4B6,2,led_update_ports,"ref1011_default,ref1011_feat",0x0800B506,exact-ambiguous,1.000,tiny body placed (vote) ; ambiguous body {__aeabi_idiv0|__aeabi_ldiv0|__chibios_override_boardInit|__cpu_init|__late_init|__malloc_lock|__malloc_unlock|_fini|battery_stop|board_init|default_layer_debug|default_layer_state_set_user|dummy_cb|early_hardware_init_post|housekeeping_task_user|keyboard_post_init_user|keyboard_pre_init_user|layer_debug|layer_state_set_user|leader_start_user|led_init_ports|led_set_user|led_update_ports|matrix_init_user|matrix_power_down|matrix_power_up|matrix_print|matrix_scan_user|matrix_setup|notify_usb_device_state_change_user|oneshot_layer_changed_user|oneshot_locked_mods_changed_user|oneshot_mods_changed_user|post_process_record_user|rgb_matrix_none_indicators_user|suspend_power_down_user|suspend_wakeup_init_user|td0_reset|wireless_enter_bluetooth_pin_code_entry_kb|wireless_enter_connected_kb|wireless_enter_discoverable_kb|wireless_enter_reconnecting_kb|wireless_enter_sleep_kb|wireless_exit_bluetooth_pin_code_entry_kb|wireless_post_task} resolved by caller: bl from led_update_kb@0x0800B91C+0xE ; same body also matches: __aeabi_idiv0|__aeabi_ldiv0|__chibios_override_boardInit|__cpu_init|__late_init|__malloc_lock|__malloc_unlock|_fini|battery_stop|board_init|default_layer_debug|default_layer_state_set_user|dummy_cb|early_hardware_init_post|housekeeping_task_user|keyboard_post_init_user|keyboard_pre_init_user|layer_debug|layer_state_set_user|leader_start_user|led_init_ports|led_set_user|matrix_init_user|matrix_power_down|matrix_power_up|matrix_print|matrix_scan_user|matrix_setup|notify_usb_device_state_change_user|oneshot_layer_changed_user|oneshot_locked_mods_changed_user|oneshot_mods_changed_user|post_process_record_user|rgb_matrix_none_indicators_user|suspend_power_down_user|suspend_wakeup_init_user|td0_reset|wireless_enter_bluetooth_pin_code_entry_kb|wireless_enter_connected_kb|wireless_enter_discoverable_kb|wireless_enter_reconnecting_kb|wireless_enter_sleep_kb|wireless_exit_bluetooth_pin_code_entry_kb|wireless_post_task ; xrefs: led_update_kb@0x0800B91C(bl)
0x0800D4B8,2,led_init_ports,"ref1011_default,ref1011_feat",0x0800B508,exact-ambiguous,1.000,tiny body placed (vote) ; ambiguous body {__aeabi_idiv0|__aeabi_ldiv0|__chibios_override_boardInit|__cpu_init|__late_init|__malloc_lock|__malloc_unlock|_fini|battery_stop|board_init|default_layer_debug|default_layer_state_set_user|dummy_cb|early_hardware_init_post|housekeeping_task_user|keyboard_post_init_user|keyboard_pre_init_user|layer_debug|layer_state_set_user|leader_start_user|led_init_ports|led_set_user|led_update_ports|matrix_init_user|matrix_power_down|matrix_power_up|matrix_print|matrix_scan_user|matrix_setup|notify_usb_device_state_change_user|oneshot_layer_changed_user|oneshot_locked_mods_changed_user|oneshot_mods_changed_user|post_process_record_user|rgb_matrix_none_indicators_user|suspend_power_down_user|suspend_wakeup_init_user|td0_reset|wireless_enter_bluetooth_pin_code_entry_kb|wireless_enter_connected_kb|wireless_enter_discoverable_kb|wireless_enter_reconnecting_kb|wireless_enter_sleep_kb|wireless_exit_bluetooth_pin_code_entry_kb|wireless_post_task} resolved by caller: bl from quantum_init@0x0800E776+0x6 ; same body also matches: __aeabi_idiv0|__aeabi_ldiv0|__chibios_override_boardInit|__cpu_init|__late_init|__malloc_lock|__malloc_unlock|_fini|battery_stop|board_init|default_layer_debug|default_layer_state_set_user|dummy_cb|early_hardware_init_post|housekeeping_task_user|keyboard_post_init_user|keyboard_pre_init_user|layer_debug|layer_state_set_user|leader_start_user|led_set_user|led_update_ports|matrix_init_user|matrix_power_down|matrix_power_up|matrix_print|matrix_scan_user|matrix_setup|notify_usb_device_state_change_user|oneshot_layer_changed_user|oneshot_locked_mods_changed_user|oneshot_mods_changed_user|post_process_record_user|rgb_matrix_none_indicators_user|suspend_power_down_user|suspend_wakeup_init_user|td0_reset|wireless_enter_bluetooth_pin_code_entry_kb|wireless_enter_connected_kb|wireless_enter_discoverable_kb|wireless_enter_reconnecting_kb|wireless_enter_sleep_kb|wireless_exit_bluetooth_pin_code_entry_kb|wireless_post_task ; xrefs: quantum_init@0x0800E776(bl)
0x0800D4BA,16,led_set,"ref1011_default,ref1011_feat",0x0800B50A,exact,1.000,xrefs: led_task@0x0800D4E0(bl) led_wakeup@0x0800D4D4(bl) led_suspend@0x0800D4CA(bl)
0x0800D4CA,10,led_suspend,"ref1011_default,ref1011_feat",0x0800B51A,exact,1.000,xrefs: suspend_power_down_quantum@0x0800D45C(bl)
0x0800D4D4,12,led_wakeup,"ref1011_default,ref1011_feat",0x0800B524,exact-ambiguous,1.000,ambiguous body {boardInit|housekeeping_task|led_wakeup|rgb_matrix_none_indicators} resolved by caller: bl from suspend_wakeup_init_quantum@0x0800D474+0x2 ; same body also matches: boardInit|housekeeping_task|rgb_matrix_none_indicators ; xrefs: suspend_wakeup_init_quantum@0x0800D474(bl)
0x0800D4E0,44,led_task,"ref1011_default,ref1011_feat",0x0800B530,exact,1.000,
0x0800D54A,2,Reset_Handler,"ref1011_default,ref1011_feat",0x0800811C,exact,1.000,size inferred from next symbol (asm routine) ; tiny body placed (adjacent)
0x0800D54C,14,process_record_tap_hint,"ref1011_default,ref1011_feat",0x0800B5BC,exact,1.000,
0x0800D55A,22,register_mouse,"ref1011_default,ref1011_feat",0x0800B5CA,exact,1.000,
0x0800D570,144,register_code,"ref1011_default,ref1011_feat",0x0800B5E0,exact,1.000,xrefs: process_record_keychron_common@0x0800C720(bl) process_record_keychron_common@0x0800C720(bl) process_record_keychron_common@0x0800C720(bl) process_record_keychron_common@0x0800C720(bl)
0x0800D600,114,unregister_code,"ref1011_default,ref1011_feat",0x0800B670,exact,1.000,xrefs: process_record_keychron_common@0x0800C720(bl) process_record_keychron_common@0x0800C720(bl) keychron_common_task@0x0800C7DC(bl) keychron_common_task@0x0800C7DC(bl)
0x0800D672,18,register_mods|register_weak_mods|unregister_mods|unregister_weak_mods,"ref1011_default,ref1011_feat",0x0800B712,exact-ambiguous,1.000,identical body for: register_mods|register_weak_mods|unregister_mods|unregister_weak_mods
0x0800D684,18,register_mods|register_weak_mods|unregister_mods|unregister_weak_mods,"ref1011_default,ref1011_feat",0x0800B712,exact-ambiguous,1.000,identical body for: register_mods|register_weak_mods|unregister_mods|unregister_weak_mods
0x0800D698,1022,process_action,ref1011_default,0x0800B51C,fuzzy-anchored,0.772,call-anchored: b.w from process_record_handler@0x0800DAB4+0x1E ; xrefs: process_record_handler@0x0800DAB4(b)
0x0800DAB4,34,process_record_handler,"ref1011_default,ref1011_feat",0x0800BB3C,exact,1.000,xrefs: process_record@0x0800DAD8(bl)
0x0800DAD8,60,process_record,"ref1011_default,ref1011_feat",0x0800BB60,exact,1.000,
0x0800DB14,34,clear_keyboard_but_mods_and_keys,"ref1011_default,ref1011_feat",0x0800BBC0,exact,1.000,xrefs: clear_keyboard_but_mods@0x0800DB36(b)
0x0800DB36,14,clear_keyboard_but_mods,"ref1011_default,ref1011_feat",0x0800BBE2,exact-ambiguous,1.000,ambiguous body {VectorB0|chThdCreateI|clear_keyboard|clear_keyboard_but_mods|platform_setup|protocol_post_task} resolved by caller: b.w from clear_keyboard@0x0800DB44+0xA ; same body also matches: VectorB0|chThdCreateI|clear_keyboard|platform_setup|protocol_post_task ; xrefs: clear_keyboard@0x0800DB44(b)
0x0800DB44,14,clear_keyboard,"ref1011_default,ref1011_feat",0x0800BBF0,exact-ambiguous,1.000,ambiguous body {VectorB0|chThdCreateI|clear_keyboard|clear_keyboard_but_mods|platform_setup|protocol_post_task} resolved by caller: bl from factory_test_task@0x0800CA84+0x30 ; same body also matches: VectorB0|chThdCreateI|clear_keyboard_but_mods|platform_setup|protocol_post_task ; xrefs: factory_test_task@0x0800CA84(bl) wireless_low_battery_shutdown@0x0800A4E8(bl) shutdown_quantum@0x0800D37C(bl) wireless_event_task@0x0800A570(bl~) ...
0x0800DBB8,10,debug_record,ref1011_feat,0x0800BC68,fuzzy-anchored,0.500,call-anchored: bl from debug_waiting_buffer@0x0800DE58+0x2A ; xrefs: debug_waiting_buffer@0x0800DE58(bl)
0x0800DBC2,2,__aeabi_idiv0|__aeabi_ldiv0|__chibios_override_boardInit|__cpu_init|__late_init|__malloc_lock|__malloc_unlock|_fini|battery_stop|board_init|default_layer_debug|default_layer_state_set_user|dummy_cb|early_hardware_init_post|housekeeping_task_user|keyboard_post_init_user|keyboard_pre_init_user|layer_debug|layer_state_set_user|leader_start_user|led_init_ports|led_set_user|led_update_ports|matrix_init_user|matrix_power_down|matrix_power_up|matrix_print|matrix_scan_user|matrix_setup|notify_usb_device_state_change_user|oneshot_layer_changed_user|oneshot_locked_mods_changed_user|oneshot_mods_changed_user|post_process_record_user|rgb_matrix_none_indicators_user|suspend_power_down_user|suspend_wakeup_init_user|td0_reset|wireless_enter_bluetooth_pin_code_entry_kb|wireless_enter_connected_kb|wireless_enter_discoverable_kb|wireless_enter_reconnecting_kb|wireless_enter_sleep_kb|wireless_exit_bluetooth_pin_code_entry_kb|wireless_post_task,"ref1011_default,ref1011_feat",0x08008434,exact-ambiguous,1.000,tiny body placed (adjacent) ; identical body for: __aeabi_idiv0|__aeabi_ldiv0|__chibios_override_boardInit|__cpu_init|__late_init|__malloc_lock|__malloc_unlock|_fini|battery_stop|board_init|default_layer_debug|default_layer_state_set_user|dummy_cb|early_hardware_init_post|housekeeping_task_user|keyboard_post_init_user|keyboard_pre_init_user|layer_debug|layer_state_set_user|leader_start_user|led_init_ports|led_set_user|led_update_ports|matrix_init_user|matrix_power_down|matrix_power_up|matrix_print|matrix_scan_user|matrix_setup|notify_usb_device_state_change_user|oneshot_layer_changed_user|oneshot_locked_mods_changed_user|oneshot_mods_changed_user|post_process_record_user|rgb_matrix_none_indicators_user|suspend_power_down_user|suspend_wakeup_init_user|td0_reset|wireless_enter_bluetooth_pin_code_entry_kb|wireless_enter_connected_kb|wireless_enter_discoverable_kb|wireless_enter_reconnecting_kb|wireless_enter_sleep_kb|wireless_exit_bluetooth_pin_code_entry_kb|wireless_post_task
0x0800DBC4,2,default_layer_state_set_user,"ref1011_default,ref1011_feat",0x0800BC72,exact-ambiguous,1.000,tiny body placed (adjacent) ; ambiguous body {__aeabi_idiv0|__aeabi_ldiv0|__chibios_override_boardInit|__cpu_init|__late_init|__malloc_lock|__malloc_unlock|_fini|battery_stop|board_init|default_layer_debug|default_layer_state_set_user|dummy_cb|early_hardware_init_post|housekeeping_task_user|keyboard_post_init_user|keyboard_pre_init_user|layer_debug|layer_state_set_user|leader_start_user|led_init_ports|led_set_user|led_update_ports|matrix_init_user|matrix_power_down|matrix_power_up|matrix_print|matrix_scan_user|matrix_setup|notify_usb_device_state_change_user|oneshot_layer_changed_user|oneshot_locked_mods_changed_user|oneshot_mods_changed_user|post_process_record_user|rgb_matrix_none_indicators_user|suspend_power_down_user|suspend_wakeup_init_user|td0_reset|wireless_enter_bluetooth_pin_code_entry_kb|wireless_enter_connected_kb|wireless_enter_discoverable_kb|wireless_enter_reconnecting_kb|wireless_enter_sleep_kb|wireless_exit_bluetooth_pin_code_entry_kb|wireless_post_task} resolved by caller: bl from default_layer_state_set_kb@0x0800DBC6+0x2 ; same body also matches: __aeabi_idiv0|__aeabi_ldiv0|__chibios_override_boardInit|__cpu_init|__late_init|__malloc_lock|__malloc_unlock|_fini|battery_stop|board_init|default_layer_debug|dummy_cb|early_hardware_init_post|housekeeping_task_user|keyboard_post_init_user|keyboard_pre_init_user|layer_debug|layer_state_set_user|leader_start_user|led_init_ports|led_set_user|led_update_ports|matrix_init_user|matrix_power_down|matrix_power_up|matrix_print|matrix_scan_user|matrix_setup|notify_usb_device_state_change_user|oneshot_layer_changed_user|oneshot_locked_mods_changed_user|oneshot_mods_changed_user|post_process_record_user|rgb_matrix_none_indicators_user|suspend_power_down_user|suspend_wakeup_init_user|td0_reset|wireless_enter_bluetooth_pin_code_entry_kb|wireless_enter_connected_kb|wireless_enter_discoverable_kb|wireless_enter_reconnecting_kb|wireless_enter_sleep_kb|wireless_exit_bluetooth_pin_code_entry_kb|wireless_post_task ; xrefs: default_layer_state_set_kb@0x0800DBC6(bl)
0x0800DBC6,8,default_layer_state_set_kb,"ref1011_default,ref1011_feat",0x0800BC74,exact-ambiguous,1.000,ambiguous body {bootmagic|default_layer_state_set_kb|dip_switch_update_mask_kb|host_keyboard_led_state|keyboard_pre_init_kb|layer_state_set_kb|matrix_init_kb|matrix_output_unselect_delay|matrix_scan_kb|notify_usb_device_state_change_kb|oneshot_layer_changed_kb|oneshot_locked_mods_changed_kb|oneshot_mods_changed_kb|post_process_record_kb|pre_process_record_kb|rgb_matrix_indicators_advanced_kb|should_process_keypress|shutdown_kb|suspend_power_down_kb|suspend_wakeup_init_kb} resolved by caller: bl from default_layer_state_set@0x0800DBD0+0x2 ; same body also matches: bootmagic|dip_switch_update_mask_kb|host_keyboard_led_state|keyboard_pre_init_kb|layer_state_set_kb|matrix_init_kb|matrix_output_unselect_delay|matrix_scan_kb|notify_usb_device_state_change_kb|oneshot_layer_changed_kb|oneshot_locked_mods_changed_kb|oneshot_mods_changed_kb|post_process_record_kb|pre_process_record_kb|rgb_matrix_indicators_advanced_kb|should_process_keypress|shutdown_kb|suspend_power_down_kb|suspend_wakeup_init_kb ; xrefs: default_layer_state_set@0x0800DBD0(bl)
0x0800DBD0,16,default_layer_state_set,"ref1011_default,ref1011_feat",0x0800BC7C,exact-ambiguous,1.000,ambiguous body {default_layer_state_set|layer_state_set} resolved by caller: b.w from default_layer_set@0x0800DBE2+0x0 ; same body also matches: layer_state_set ; xrefs: default_layer_set@0x0800DBE2(b)
0x0800DBE0,2,default_layer_debug,"ref1011_default,ref1011_feat",0x0800BC8C,exact-ambiguous,1.000,tiny body placed (vote) ; ambiguous body {__aeabi_idiv0|__aeabi_ldiv0|__chibios_override_boardInit|__cpu_init|__late_init|__malloc_lock|__malloc_unlock|_fini|battery_stop|board_init|default_layer_debug|default_layer_state_set_user|dummy_cb|early_hardware_init_post|housekeeping_task_user|keyboard_post_init_user|keyboard_pre_init_user|layer_debug|layer_state_set_user|leader_start_user|led_init_ports|led_set_user|led_update_ports|matrix_init_user|matrix_power_down|matrix_power_up|matrix_print|matrix_scan_user|matrix_setup|notify_usb_device_state_change_user|oneshot_layer_changed_user|oneshot_locked_mods_changed_user|oneshot_mods_changed_user|post_process_record_user|rgb_matrix_none_indicators_user|suspend_power_down_user|suspend_wakeup_init_user|td0_reset|wireless_enter_bluetooth_pin_code_entry_kb|wireless_enter_connected_kb|wireless_enter_discoverable_kb|wireless_enter_reconnecting_kb|wireless_enter_sleep_kb|wireless_exit_bluetooth_pin_code_entry_kb|wireless_post_task} resolved by caller: bl from process_record_handler@0x0800DAB4+0x12 ; same body also matches: __aeabi_idiv0|__aeabi_ldiv0|__chibios_override_boardInit|__cpu_init|__late_init|__malloc_lock|__malloc_unlock|_fini|battery_stop|board_init|default_layer_state_set_user|dummy_cb|early_hardware_init_post|housekeeping_task_user|keyboard_post_init_user|keyboard_pre_init_user|layer_debug|layer_state_set_user|leader_start_user|led_init_ports|led_set_user|led_update_ports|matrix_init_user|matrix_power_down|matrix_power_up|matrix_print|matrix_scan_user|matrix_setup|notify_usb_device_state_change_user|oneshot_layer_changed_user|oneshot_locked_mods_changed_user|oneshot_mods_changed_user|post_process_record_user|rgb_matrix_none_indicators_user|suspend_power_down_user|suspend_wakeup_init_user|td0_reset|wireless_enter_bluetooth_pin_code_entry_kb|wireless_enter_connected_kb|wireless_enter_discoverable_kb|wireless_enter_reconnecting_kb|wireless_enter_sleep_kb|wireless_exit_bluetooth_pin_code_entry_kb|wireless_post_task ; xrefs: process_record_handler@0x0800DAB4(bl)
0x0800DBE2,4,default_layer_set,"ref1011_default,ref1011_feat",0x0800BC8E,exact-ambiguous,1.000,tiny body placed (vote) ; ambiguous body {_getpid_r|bootmagic_lite_reset_eeprom|chSchReadyI|chSysTimerHandlerI|default_layer_set|early_hardware_init_pre|eeconfig_init|eeprom_driver_erase|eeprom_driver_init|eflInit|housekeeping_task_kb|indicator_disable|itoa|keycode_at_encodermap_location|keycode_at_keymap_location|process_record_user|protocol_pre_task|protocol_setup|rtcGetTime|rtcInit|rtcSetTime|rtc_timer_init|spiInit|stInit|timer_init|usbInit|usb_device_state_init|usb_device_state_set_resume|wireless_enter_reset_kb} resolved by caller: bl from factory_test_task@0x0800CA84+0x46 ; same body also matches: _getpid_r|bootmagic_lite_reset_eeprom|chSchReadyI|chSysTimerHandlerI|early_hardware_init_pre|eeconfig_init|eeprom_driver_erase|eeprom_driver_init|eflInit|housekeeping_task_kb|indicator_disable|itoa|keycode_at_encodermap_location|keycode_at_keymap_location|process_record_user|protocol_pre_task|protocol_setup|rtcGetTime|rtcInit|rtcSetTime|rtc_timer_init|spiInit|stInit|timer_init|usbInit|usb_device_state_init|usb_device_state_set_resume|wireless_enter_reset_kb ; xrefs: factory_test_task@0x0800CA84(bl) magic@0x0800ECCC(bl)
0x0800DBE8,16,default_layer_or|layer_or,"ref1011_default,ref1011_feat",0x0800BC94,exact-ambiguous,1.000,identical body for: default_layer_or|layer_or
0x0800DBF8,16,default_layer_and|layer_and,"ref1011_default,ref1011_feat",0x0800BCA4,exact-ambiguous,1.000,identical body for: default_layer_and|layer_and
0x0800DC08,16,default_layer_xor|layer_xor,"ref1011_default,ref1011_feat",0x0800BCB4,exact-ambiguous,1.000,identical body for: default_layer_xor|layer_xor
0x0800DC18,2,layer_state_set_user,"ref1011_default,ref1011_feat",0x0800BCC4,exact-ambiguous,1.000,tiny body placed (vote) ; ambiguous body {__aeabi_idiv0|__aeabi_ldiv0|__chibios_override_boardInit|__cpu_init|__late_init|__malloc_lock|__malloc_unlock|_fini|battery_stop|board_init|default_layer_debug|default_layer_state_set_user|dummy_cb|early_hardware_init_post|housekeeping_task_user|keyboard_post_init_user|keyboard_pre_init_user|layer_debug|layer_state_set_user|leader_start_user|led_init_ports|led_set_user|led_update_ports|matrix_init_user|matrix_power_down|matrix_power_up|matrix_print|matrix_scan_user|matrix_setup|notify_usb_device_state_change_user|oneshot_layer_changed_user|oneshot_locked_mods_changed_user|oneshot_mods_changed_user|post_process_record_user|rgb_matrix_none_indicators_user|suspend_power_down_user|suspend_wakeup_init_user|td0_reset|wireless_enter_bluetooth_pin_code_entry_kb|wireless_enter_connected_kb|wireless_enter_discoverable_kb|wireless_enter_reconnecting_kb|wireless_enter_sleep_kb|wireless_exit_bluetooth_pin_code_entry_kb|wireless_post_task} resolved by caller: bl from layer_state_set_kb@0x0800DC1A+0x2 ; same body also matches: __aeabi_idiv0|__aeabi_ldiv0|__chibios_override_boardInit|__cpu_init|__late_init|__malloc_lock|__malloc_unlock|_fini|battery_stop|board_init|default_layer_debug|default_layer_state_set_user|dummy_cb|early_hardware_init_post|housekeeping_task_user|keyboard_post_init_user|keyboard_pre_init_user|layer_debug|leader_start_user|led_init_ports|led_set_user|led_update_ports|matrix_init_user|matrix_power_down|matrix_power_up|matrix_print|matrix_scan_user|matrix_setup|notify_usb_device_state_change_user|oneshot_layer_changed_user|oneshot_locked_mods_changed_user|oneshot_mods_changed_user|post_process_record_user|rgb_matrix_none_indicators_user|suspend_power_down_user|suspend_wakeup_init_user|td0_reset|wireless_enter_bluetooth_pin_code_entry_kb|wireless_enter_connected_kb|wireless_enter_discoverable_kb|wireless_enter_reconnecting_kb|wireless_enter_sleep_kb|wireless_exit_bluetooth_pin_code_entry_kb|wireless_post_task ; xrefs: layer_state_set_kb@0x0800DC1A(bl)
0x0800DC1A,8,layer_state_set_kb,"ref1011_default,ref1011_feat",0x0800BCC6,exact-ambiguous,1.000,ambiguous body {bootmagic|default_layer_state_set_kb|dip_switch_update_mask_kb|host_keyboard_led_state|keyboard_pre_init_kb|layer_state_set_kb|matrix_init_kb|matrix_output_unselect_delay|matrix_scan_kb|notify_usb_device_state_change_kb|oneshot_layer_changed_kb|oneshot_locked_mods_changed_kb|oneshot_mods_changed_kb|post_process_record_kb|pre_process_record_kb|rgb_matrix_indicators_advanced_kb|should_process_keypress|shutdown_kb|suspend_power_down_kb|suspend_wakeup_init_kb} resolved by caller: b.w from magic@0x0800ECCC+0x30 ; same body also matches: bootmagic|default_layer_state_set_kb|dip_switch_update_mask_kb|host_keyboard_led_state|keyboard_pre_init_kb|matrix_init_kb|matrix_output_unselect_delay|matrix_scan_kb|notify_usb_device_state_change_kb|oneshot_layer_changed_kb|oneshot_locked_mods_changed_kb|oneshot_mods_changed_kb|post_process_record_kb|pre_process_record_kb|rgb_matrix_indicators_advanced_kb|should_process_keypress|shutdown_kb|suspend_power_down_kb|suspend_wakeup_init_kb ; xrefs: magic@0x0800ECCC(b) layer_state_set@0x0800DC24(bl)
0x0800DC24,16,layer_state_set,"ref1011_default,ref1011_feat",0x0800BCD0,exact-ambiguous,1.000,ambiguous body {default_layer_state_set|layer_state_set} resolved by caller: b.w from layer_on@0x0800DC64+0xE ; same body also matches: default_layer_state_set ; xrefs: layer_on@0x0800DC64(b) layer_invert@0x0800DC90(b) layer_off@0x0800DC7C(b) layer_move@0x0800DC58(b)
0x0800DC34,6,eeconfig_init_user|encoder0_pad_cb|layer_clear|oneshot_disable|quantum_task,"ref1011_default,ref1011_feat",0x0800AA62,exact-ambiguous,1.000,tiny body placed (adjacent) ; identical body for: eeconfig_init_user|encoder0_pad_cb|layer_clear|oneshot_disable|quantum_task
0x0800DC58,12,layer_move,"ref1011_default,ref1011_feat",0x0800BCE6,exact,1.000,
0x0800DC64,24,layer_on,"ref1011_default,ref1011_feat",0x0800BCF4,exact,1.000,xrefs: set_oneshot_layer@0x0800E504(bl~)
0x0800DC7C,20,layer_off,"ref1011_default,ref1011_feat",0x0800BD0C,exact,1.000,xrefs: clear_oneshot_layer_state@0x0800E548(bl)
0x0800DC90,24,layer_invert,"ref1011_default,ref1011_feat",0x0800BD20,exact,1.000,
0x0800DCA8,16,default_layer_or|layer_or,"ref1011_default,ref1011_feat",0x0800BC94,exact-ambiguous,1.000,identical body for: default_layer_or|layer_or
0x0800DCB8,16,default_layer_and|layer_and,"ref1011_default,ref1011_feat",0x0800BCA4,exact-ambiguous,1.000,identical body for: default_layer_and|layer_and
0x0800DCC8,16,default_layer_xor|layer_xor,"ref1011_default,ref1011_feat",0x0800BCB4,exact-ambiguous,1.000,identical body for: default_layer_xor|layer_xor
0x0800DCD8,2,layer_debug,"ref1011_default,ref1011_feat",0x0800BD68,exact-ambiguous,1.000,tiny body placed (vote) ; ambiguous body {__aeabi_idiv0|__aeabi_ldiv0|__chibios_override_boardInit|__cpu_init|__late_init|__malloc_lock|__malloc_unlock|_fini|battery_stop|board_init|default_layer_debug|default_layer_state_set_user|dummy_cb|early_hardware_init_post|housekeeping_task_user|keyboard_post_init_user|keyboard_pre_init_user|layer_debug|layer_state_set_user|leader_start_user|led_init_ports|led_set_user|led_update_ports|matrix_init_user|matrix_power_down|matrix_power_up|matrix_print|matrix_scan_user|matrix_setup|notify_usb_device_state_change_user|oneshot_layer_changed_user|oneshot_locked_mods_changed_user|oneshot_mods_changed_user|post_process_record_user|rgb_matrix_none_indicators_user|suspend_power_down_user|suspend_wakeup_init_user|td0_reset|wireless_enter_bluetooth_pin_code_entry_kb|wireless_enter_connected_kb|wireless_enter_discoverable_kb|wireless_enter_reconnecting_kb|wireless_enter_sleep_kb|wireless_exit_bluetooth_pin_code_entry_kb|wireless_post_task} resolved by caller: bl from process_record_handler@0x0800DAB4+0xE ; same body also matches: __aeabi_idiv0|__aeabi_ldiv0|__chibios_override_boardInit|__cpu_init|__late_init|__malloc_lock|__malloc_unlock|_fini|battery_stop|board_init|default_layer_debug|default_layer_state_set_user|dummy_cb|early_hardware_init_post|housekeeping_task_user|keyboard_post_init_user|keyboard_pre_init_user|layer_state_set_user|leader_start_user|led_init_ports|led_set_user|led_update_ports|matrix_init_user|matrix_power_down|matrix_power_up|matrix_print|matrix_scan_user|matrix_setup|notify_usb_device_state_change_user|oneshot_layer_changed_user|oneshot_locked_mods_changed_user|oneshot_mods_changed_user|post_process_record_user|rgb_matrix_none_indicators_user|suspend_power_down_user|suspend_wakeup_init_user|td0_reset|wireless_enter_bluetooth_pin_code_entry_kb|wireless_enter_connected_kb|wireless_enter_discoverable_kb|wireless_enter_reconnecting_kb|wireless_enter_sleep_kb|wireless_exit_bluetooth_pin_code_entry_kb|wireless_post_task ; xrefs: process_record_handler@0x0800DAB4(bl)
0x0800DCDA,50,update_source_layers_cache_impl,ref1011_feat,0x0800BD6A,fuzzy,0.872,
0x0800DD0C,38,read_source_layers_cache_impl,"ref1011_default,ref1011_feat",0x0800BD9A,exact,1.000,
0x0800DD34,68,update_source_layers_cache,ref1011_feat,0x0800BDC0,fuzzy-anchored,0.588,call-anchored: bl from store_or_get_action@0x0800DE10+0x26 ; xrefs: store_or_get_action@0x0800DE10(bl)
0x0800DD78,60,read_source_layers_cache,ref1011_feat,0x0800BDFC,fuzzy-anchored,0.917,call-anchored: bl from store_or_get_action@0x0800DE10+0x3A ; xrefs: store_or_get_action@0x0800DE10(bl)
0x0800DDB4,68,layer_switch_get_layer,"ref1011_default,ref1011_feat",0x0800BE38,exact,1.000,xrefs: store_or_get_action@0x0800DE10(bl) layer_switch_get_action@0x0800DDF8(bl)
0x0800DDF8,24,layer_switch_get_action,"ref1011_default,ref1011_feat",0x0800BE7C,exact,1.000,xrefs: store_or_get_action@0x0800DE10(b) process_record_tap_hint@0x0800D54C(b)
0x0800DE10,72,store_or_get_action,"ref1011_default,ref1011_feat",0x0800BE94,exact,1.000,xrefs: process_record_handler@0x0800DAB4(bl)
0x0800DE58,64,debug_waiting_buffer,"ref1011_default,ref1011_feat",0x0800BEDC,exact,1.000,
0x0800DEB8,68,waiting_buffer_typed.isra.0,"ref1011_default,ref1011_feat",0x0800BFC0,exact,1.000,
0x0800E2E0,12,get_oneshot_layer,"ref1011_default,ref1011_feat",0x0800C328,exact,1.000,
0x0800E2EC,16,get_oneshot_layer_state,"ref1011_default,ref1011_feat",0x0800C334,exact,1.000,
0x0800E2FC,20,is_oneshot_layer_active,"ref1011_default,ref1011_feat",0x0800C374,exact,1.000,xrefs: process_record@0x0800DAD8(bl)
0x0800E310,12,get_mods,"ref1011_default,ref1011_feat",0x0800C388,exact-ambiguous,1.000,ambiguous body {get_mods|get_oneshot_mods|get_transport|get_weak_mods|keyboard_leds|leader_sequence_active|rgb_matrix_is_driver_shutdown|wireless_get_state} resolved by caller: bl from process_rgb@0x08011530+0xA ; same body also matches: get_oneshot_mods|get_transport|get_weak_mods|keyboard_leds|leader_sequence_active|rgb_matrix_is_driver_shutdown|wireless_get_state ; xrefs: process_rgb@0x08011530(bl) process_tap_dance@0x08012040(bl)
0x0800E31C,16,add_mods,"ref1011_default,ref1011_feat",0x0800C394,exact-ambiguous,1.000,ambiguous body {add_mods|add_weak_mods|eeconfig_flag_rgb_matrix} resolved by caller: bl from register_code@0x0800D570+0x42 ; same body also matches: add_weak_mods|eeconfig_flag_rgb_matrix ; xrefs: register_code@0x0800D570(bl) process_tap_dance_action_on_dance_finished@0x08011FB8(bl)
0x0800E32C,16,del_mods,"ref1011_default,ref1011_feat",0x0800C3A4,exact-ambiguous,1.000,ambiguous body {del_mods|del_weak_mods} resolved by caller: bl from unregister_code@0x0800D600+0x2E ; same body also matches: del_weak_mods ; xrefs: unregister_code@0x0800D600(bl) process_tap_dance_action_on_reset@0x08011F92(bl)
0x0800E33C,12,clear_mods,"ref1011_default,ref1011_feat",0x0800C3B4,exact-ambiguous,1.000,ambiguous body {clear_mods|clear_weak_mods} resolved by caller: bl from suspend_wakeup_init@0x080124B0+0x2 ; same body also matches: clear_weak_mods ; xrefs: suspend_wakeup_init@0x080124B0(bl) clear_keyboard@0x0800DB44(bl)
0x0800E348,12,get_weak_mods,ref1011_feat,0x0800C3C0,exact-ambiguous,1.000,ambiguous body {get_mods|get_oneshot_mods|get_transport|get_weak_mods|keyboard_leds|leader_sequence_active|rgb_matrix_is_driver_shutdown|wireless_get_state} resolved by caller: bl from process_tap_dance@0x08012040+0x36 ; same body also matches: get_mods|get_oneshot_mods|get_transport|keyboard_leds|leader_sequence_active|rgb_matrix_is_driver_shutdown|wireless_get_state ; xrefs: process_tap_dance@0x08012040(bl)
0x0800E354,16,add_weak_mods,"ref1011_default,ref1011_feat",0x0800C3CC,exact-ambiguous,1.000,ambiguous body {add_mods|add_weak_mods|eeconfig_flag_rgb_matrix} resolved by caller: bl from process_tap_dance_action_on_dance_finished@0x08011FB8+0x12 ; same body also matches: add_mods|eeconfig_flag_rgb_matrix ; xrefs: process_tap_dance_action_on_dance_finished@0x08011FB8(bl)
0x0800E364,16,del_weak_mods,"ref1011_default,ref1011_feat",0x0800C3DC,exact-ambiguous,1.000,ambiguous body {del_mods|del_weak_mods} resolved by caller: bl from process_tap_dance_action_on_reset@0x08011F92+0xE ; same body also matches: del_mods ; xrefs: process_tap_dance_action_on_reset@0x08011F92(bl)
0x0800E374,12,clear_weak_mods,"ref1011_default,ref1011_feat",0x0800C3EC,exact-ambiguous,1.000,ambiguous body {clear_mods|clear_weak_mods} resolved by caller: bl from suspend_wakeup_init@0x080124B0+0x6 ; same body also matches: clear_mods ; xrefs: suspend_wakeup_init@0x080124B0(bl) clear_keyboard_but_mods_and_keys@0x0800DB14(bl) preprocess_tap_dance@0x08012000(bl~)
0x0800E380,12,get_oneshot_mods,ref1011_feat,0x0800C3F8,exact-ambiguous,1.000,ambiguous body {get_mods|get_oneshot_mods|get_transport|get_weak_mods|keyboard_leds|leader_sequence_active|rgb_matrix_is_driver_shutdown|wireless_get_state} resolved by caller: bl from process_tap_dance@0x08012040+0x40 ; same body also matches: get_mods|get_transport|get_weak_mods|keyboard_leds|leader_sequence_active|rgb_matrix_is_driver_shutdown|wireless_get_state ; xrefs: process_tap_dance@0x08012040(bl)
0x0800E38C,8,bootmagic|default_layer_state_set_kb|dip_switch_update_mask_kb|host_keyboard_led_state|keyboard_pre_init_kb|layer_state_set_kb|matrix_init_kb|matrix_output_unselect_delay|matrix_scan_kb|notify_usb_device_state_change_kb|oneshot_layer_changed_kb|oneshot_locked_mods_changed_kb|oneshot_mods_changed_kb|post_process_record_kb|pre_process_record_kb|rgb_matrix_indicators_advanced_kb|should_process_keypress|shutdown_kb|suspend_power_down_kb|suspend_wakeup_init_kb,"ref1011_default,ref1011_feat",0x0800B30C,exact-ambiguous,1.000,identical body for: bootmagic|default_layer_state_set_kb|dip_switch_update_mask_kb|host_keyboard_led_state|keyboard_pre_init_kb|layer_state_set_kb|matrix_init_kb|matrix_output_unselect_delay|matrix_scan_kb|notify_usb_device_state_change_kb|oneshot_layer_changed_kb|oneshot_locked_mods_changed_kb|oneshot_mods_changed_kb|post_process_record_kb|pre_process_record_kb|rgb_matrix_indicators_advanced_kb|should_process_keypress|shutdown_kb|suspend_power_down_kb|suspend_wakeup_init_kb ; xrefs: add_oneshot_locked_mods@0x0800E394(bl) clear_oneshot_mods@0x0800E3B0(bl)
0x0800E394,28,add_oneshot_locked_mods,ref1011_feat,0x0800C410,exact,1.000,
0x0800E3B0,24,clear_oneshot_mods,ref1011_default,0x0800C164,exact,1.000,
0x0800E3C8,28,del_oneshot_locked_mods|del_oneshot_mods,"ref1011_default,ref1011_feat",0x0800C42C,exact-ambiguous,1.000,identical body for: del_oneshot_locked_mods|del_oneshot_mods
0x0800E3E4,8,oneshot_mods_changed_kb,"ref1011_default,ref1011_feat",0x0800C44A,exact-ambiguous,1.000,ambiguous body {bootmagic|default_layer_state_set_kb|dip_switch_update_mask_kb|host_keyboard_led_state|keyboard_pre_init_kb|layer_state_set_kb|matrix_init_kb|matrix_output_unselect_delay|matrix_scan_kb|notify_usb_device_state_change_kb|oneshot_layer_changed_kb|oneshot_locked_mods_changed_kb|oneshot_mods_changed_kb|post_process_record_kb|pre_process_record_kb|rgb_matrix_indicators_advanced_kb|should_process_keypress|shutdown_kb|suspend_power_down_kb|suspend_wakeup_init_kb} resolved by caller: bl from clear_oneshot_mods@0x0800E424+0xC ; same body also matches: bootmagic|default_layer_state_set_kb|dip_switch_update_mask_kb|host_keyboard_led_state|keyboard_pre_init_kb|layer_state_set_kb|matrix_init_kb|matrix_output_unselect_delay|matrix_scan_kb|notify_usb_device_state_change_kb|oneshot_layer_changed_kb|oneshot_locked_mods_changed_kb|post_process_record_kb|pre_process_record_kb|rgb_matrix_indicators_advanced_kb|should_process_keypress|shutdown_kb|suspend_power_down_kb|suspend_wakeup_init_kb ; xrefs: clear_oneshot_mods@0x0800E424(bl) add_oneshot_mods@0x0800E3EC(bl~)
0x0800E3EC,28,add_oneshot_mods,ref1011_default,0x0800C12C,fuzzy,1.000,
0x0800E408,28,del_oneshot_locked_mods|del_oneshot_mods,"ref1011_default,ref1011_feat",0x0800C42C,exact-ambiguous,1.000,identical body for: del_oneshot_locked_mods|del_oneshot_mods
0x0800E424,24,clear_oneshot_mods,ref1011_default,0x0800C164,exact,1.000,xrefs: get_mods_for_report@0x0800E43C(bl~)
0x0800E43C,48,get_mods_for_report,ref1011_default,0x0800C17C,fuzzy-anchored,0.947,call-anchored: bl from send_6kro_report@0x0800E46C+0x6 ; xrefs: send_6kro_report@0x0800E46C(bl) send_nkro_report@0x0800E4A4(bl)
0x0800E46C,56,send_6kro_report,"ref1011_default,ref1011_feat",0x0800C508,exact,1.000,xrefs: send_keyboard_report@0x0800E4DC(b)
0x0800E4A4,56,send_nkro_report,"ref1011_default,ref1011_feat",0x0800C540,exact,1.000,xrefs: send_keyboard_report@0x0800E4DC(b)
0x0800E4DC,32,send_keyboard_report,"ref1011_default,ref1011_feat",0x0800C578,exact,1.000,xrefs: register_code@0x0800D570(bl) register_code@0x0800D570(b) unregister_code@0x0800D600(b) usb_remote_wakeup@0x0800BBC0(bl) ...
0x0800E4FC,8,oneshot_layer_changed_kb,"ref1011_default,ref1011_feat",0x0800C59A,exact-ambiguous,1.000,ambiguous body {bootmagic|default_layer_state_set_kb|dip_switch_update_mask_kb|host_keyboard_led_state|keyboard_pre_init_kb|layer_state_set_kb|matrix_init_kb|matrix_output_unselect_delay|matrix_scan_kb|notify_usb_device_state_change_kb|oneshot_layer_changed_kb|oneshot_locked_mods_changed_kb|oneshot_mods_changed_kb|post_process_record_kb|pre_process_record_kb|rgb_matrix_indicators_advanced_kb|should_process_keypress|shutdown_kb|suspend_power_down_kb|suspend_wakeup_init_kb} resolved by caller: bl from reset_oneshot_layer@0x0800E534+0x8 ; same body also matches: bootmagic|default_layer_state_set_kb|dip_switch_update_mask_kb|host_keyboard_led_state|keyboard_pre_init_kb|layer_state_set_kb|matrix_init_kb|matrix_output_unselect_delay|matrix_scan_kb|notify_usb_device_state_change_kb|oneshot_locked_mods_changed_kb|oneshot_mods_changed_kb|post_process_record_kb|pre_process_record_kb|rgb_matrix_indicators_advanced_kb|should_process_keypress|shutdown_kb|suspend_power_down_kb|suspend_wakeup_init_kb ; xrefs: reset_oneshot_layer@0x0800E534(bl) set_oneshot_layer@0x0800E504(bl~)
0x0800E504,48,set_oneshot_layer,ref1011_default,0x0800C248,fuzzy,1.000,
0x0800E534,20,reset_oneshot_layer,ref1011_default,0x0800C278,exact,1.000,xrefs: clear_oneshot_layer_state@0x0800E548(b)
0x0800E548,52,clear_oneshot_layer_state,"ref1011_default,ref1011_feat",0x0800C5FC,exact,1.000,xrefs: process_record@0x0800DAD8(b) oneshot_set@0x0800E57C(b)
0x0800E57C,44,oneshot_set,"ref1011_default,ref1011_feat",0x0800C630,exact,1.000,
0x0800E5C0,6,oneshot_enable|rgb_matrix_decrease_hue|rgb_matrix_decrease_sat|rgb_matrix_decrease_speed|rgb_matrix_decrease_val|rgb_matrix_increase_hue|rgb_matrix_increase_sat|rgb_matrix_increase_speed|rgb_matrix_increase_val|rgb_matrix_step|rgb_matrix_step_reverse|rgb_matrix_toggle,"ref1011_default,ref1011_feat",0x0800C670,exact-ambiguous,1.000,tiny body placed (adjacent) ; identical body for: oneshot_enable|rgb_matrix_decrease_hue|rgb_matrix_decrease_sat|rgb_matrix_decrease_speed|rgb_matrix_decrease_val|rgb_matrix_increase_hue|rgb_matrix_increase_sat|rgb_matrix_increase_speed|rgb_matrix_increase_val|rgb_matrix_step|rgb_matrix_step_reverse|rgb_matrix_toggle
0x0800E5C6,6,eeconfig_init_user|encoder0_pad_cb|layer_clear|oneshot_disable|quantum_task,"ref1011_default,ref1011_feat",0x0800AA62,exact-ambiguous,1.000,tiny body placed (adjacent) ; identical body for: eeconfig_init_user|encoder0_pad_cb|layer_clear|oneshot_disable|quantum_task
0x0800E5CC,20,eeconfig_disable,"ref1011_default,ref1011_feat",0x0800C67C,exact,1.000,xrefs: bootmagic_lite_reset_eeprom@0x0800EC94(b)
0x0800E5E0,20,eeconfig_is_enabled,"ref1011_default,ref1011_feat",0x0800C690,exact,1.000,xrefs: rgb_matrix_init@0x08010C70(bl) magic@0x0800ECCC(bl)
0x0800E5F4,6,eeconfig_read_debug,"ref1011_default,ref1011_feat",0x0800C6A4,exact,1.000,tiny body placed (vote) ; xrefs: magic@0x0800ECCC(bl)
0x0800E5FA,6,eeconfig_read_default_layer,"ref1011_default,ref1011_feat",0x0800C6AA,exact,1.000,tiny body placed (vote) ; xrefs: magic@0x0800ECCC(bl)
0x0800E600,6,eeconfig_read_keymap,"ref1011_default,ref1011_feat",0x0800C6B0,exact,1.000,tiny body placed (vote) ; xrefs: factory_test_task@0x0800CA84(bl) magic@0x0800ECCC(bl) wireless_event_task@0x0800A570(bl~)
0x0800E606,8,eeconfig_update_keymap,"ref1011_default,ref1011_feat",0x0800C6B6,exact,1.000,xrefs: oneshot_set@0x0800E57C(bl)
0x0800E60E,8,eeconfig_update_kb,"ref1011_default,ref1011_feat",0x0800C6BE,exact,1.000,xrefs: eeconfig_init_kb@0x0800E624(bl)
0x0800E616,8,eeconfig_update_user,"ref1011_default,ref1011_feat",0x0800C6C6,exact,1.000,xrefs: eeconfig_init_user@0x0800E61E(b)
0x0800E61E,6,eeconfig_init_user,"ref1011_default,ref1011_feat",0x0800C6CE,exact-ambiguous,1.000,tiny body placed (vote) ; ambiguous body {eeconfig_init_user|encoder0_pad_cb|layer_clear|oneshot_disable|quantum_task} resolved by caller: bl from eeconfig_init_kb@0x0800E624+0x8 ; same body also matches: encoder0_pad_cb|layer_clear|oneshot_disable|quantum_task ; xrefs: eeconfig_init_kb@0x0800E624(bl)
0x0800E624,14,eeconfig_init_kb,"ref1011_default,ref1011_feat",0x0800C6D4,exact,1.000,
0x0800E6C4,4,eeconfig_init,"ref1011_default,ref1011_feat",0x0800C770,exact-ambiguous,1.000,tiny body placed (vote) ; ambiguous body {_getpid_r|bootmagic_lite_reset_eeprom|chSchReadyI|chSysTimerHandlerI|default_layer_set|early_hardware_init_pre|eeconfig_init|eeprom_driver_erase|eeprom_driver_init|eflInit|housekeeping_task_kb|indicator_disable|itoa|keycode_at_encodermap_location|keycode_at_keymap_location|process_record_user|protocol_pre_task|protocol_setup|rtcGetTime|rtcInit|rtcSetTime|rtc_timer_init|spiInit|stInit|timer_init|usbInit|usb_device_state_init|usb_device_state_set_resume|wireless_enter_reset_kb} resolved by caller: bl from factory_test_task@0x0800CA84+0x38 ; same body also matches: _getpid_r|bootmagic_lite_reset_eeprom|chSchReadyI|chSysTimerHandlerI|default_layer_set|early_hardware_init_pre|eeprom_driver_erase|eeprom_driver_init|eflInit|housekeeping_task_kb|indicator_disable|itoa|keycode_at_encodermap_location|keycode_at_keymap_location|process_record_user|protocol_pre_task|protocol_setup|rtcGetTime|rtcInit|rtcSetTime|rtc_timer_init|spiInit|stInit|timer_init|usbInit|usb_device_state_init|usb_device_state_set_resume|wireless_enter_reset_kb ; xrefs: factory_test_task@0x0800CA84(bl) rgb_matrix_init@0x08010C70(bl) magic@0x0800ECCC(bl)
0x0800E700,24,last_matrix_activity_trigger,"ref1011_default,ref1011_feat",0x0800C7B0,exact-ambiguous,1.000,ambiguous body {last_encoder_activity_trigger|last_matrix_activity_trigger} resolved by caller: bl(fuzzy-paired) from keyboard_task@0x0800E7B8+0xE4 ; same body also matches: last_encoder_activity_trigger ; xrefs: keyboard_task@0x0800E7B8(bl~)
0x0800E718,24,last_encoder_activity_trigger,"ref1011_default,ref1011_feat",0x0800C7C8,exact-ambiguous,1.000,ambiguous body {last_encoder_activity_trigger|last_matrix_activity_trigger} resolved by caller: bl(fuzzy-paired) from keyboard_task@0x0800E7B8+0x1E ; same body also matches: last_matrix_activity_trigger ; xrefs: keyboard_task@0x0800E7B8(bl~)
0x0800E730,2,matrix_setup,"ref1011_default,ref1011_feat",0x0800C7E0,exact-ambiguous,1.000,tiny body placed (vote) ; ambiguous body {__aeabi_idiv0|__aeabi_ldiv0|__chibios_override_boardInit|__cpu_init|__late_init|__malloc_lock|__malloc_unlock|_fini|battery_stop|board_init|default_layer_debug|default_layer_state_set_user|dummy_cb|early_hardware_init_post|housekeeping_task_user|keyboard_post_init_user|keyboard_pre_init_user|layer_debug|layer_state_set_user|leader_start_user|led_init_ports|led_set_user|led_update_ports|matrix_init_user|matrix_power_down|matrix_power_up|matrix_print|matrix_scan_user|matrix_setup|notify_usb_device_state_change_user|oneshot_layer_changed_user|oneshot_locked_mods_changed_user|oneshot_mods_changed_user|post_process_record_user|rgb_matrix_none_indicators_user|suspend_power_down_user|suspend_wakeup_init_user|td0_reset|wireless_enter_bluetooth_pin_code_entry_kb|wireless_enter_connected_kb|wireless_enter_discoverable_kb|wireless_enter_reconnecting_kb|wireless_enter_sleep_kb|wireless_exit_bluetooth_pin_code_entry_kb|wireless_post_task} resolved by caller: bl from keyboard_setup@0x0800E740+0xC ; same body also matches: __aeabi_idiv0|__aeabi_ldiv0|__chibios_override_boardInit|__cpu_init|__late_init|__malloc_lock|__malloc_unlock|_fini|battery_stop|board_init|default_layer_debug|default_layer_state_set_user|dummy_cb|early_hardware_init_post|housekeeping_task_user|keyboard_post_init_user|keyboard_pre_init_user|layer_debug|layer_state_set_user|leader_start_user|led_init_ports|led_set_user|led_update_ports|matrix_init_user|matrix_power_down|matrix_power_up|matrix_print|matrix_scan_user|notify_usb_device_state_change_user|oneshot_layer_changed_user|oneshot_locked_mods_changed_user|oneshot_mods_changed_user|post_process_record_user|rgb_matrix_none_indicators_user|suspend_power_down_user|suspend_wakeup_init_user|td0_reset|wireless_enter_bluetooth_pin_code_entry_kb|wireless_enter_connected_kb|wireless_enter_discoverable_kb|wireless_enter_reconnecting_kb|wireless_enter_sleep_kb|wireless_exit_bluetooth_pin_code_entry_kb|wireless_post_task ; xrefs: keyboard_setup@0x0800E740(bl)
0x0800E732,2,keyboard_pre_init_user,"ref1011_default,ref1011_feat",0x0800C7E2,exact-ambiguous,1.000,tiny body placed (vote) ; ambiguous body {__aeabi_idiv0|__aeabi_ldiv0|__chibios_override_boardInit|__cpu_init|__late_init|__malloc_lock|__malloc_unlock|_fini|battery_stop|board_init|default_layer_debug|default_layer_state_set_user|dummy_cb|early_hardware_init_post|housekeeping_task_user|keyboard_post_init_user|keyboard_pre_init_user|layer_debug|layer_state_set_user|leader_start_user|led_init_ports|led_set_user|led_update_ports|matrix_init_user|matrix_power_down|matrix_power_up|matrix_print|matrix_scan_user|matrix_setup|notify_usb_device_state_change_user|oneshot_layer_changed_user|oneshot_locked_mods_changed_user|oneshot_mods_changed_user|post_process_record_user|rgb_matrix_none_indicators_user|suspend_power_down_user|suspend_wakeup_init_user|td0_reset|wireless_enter_bluetooth_pin_code_entry_kb|wireless_enter_connected_kb|wireless_enter_discoverable_kb|wireless_enter_reconnecting_kb|wireless_enter_sleep_kb|wireless_exit_bluetooth_pin_code_entry_kb|wireless_post_task} resolved by caller: bl from keyboard_pre_init_kb@0x0800E734+0x2 ; same body also matches: __aeabi_idiv0|__aeabi_ldiv0|__chibios_override_boardInit|__cpu_init|__late_init|__malloc_lock|__malloc_unlock|_fini|battery_stop|board_init|default_layer_debug|default_layer_state_set_user|dummy_cb|early_hardware_init_post|housekeeping_task_user|keyboard_post_init_user|layer_debug|layer_state_set_user|leader_start_user|led_init_ports|led_set_user|led_update_ports|matrix_init_user|matrix_power_down|matrix_power_up|matrix_print|matrix_scan_user|matrix_setup|notify_usb_device_state_change_user|oneshot_layer_changed_user|oneshot_locked_mods_changed_user|oneshot_mods_changed_user|post_process_record_user|rgb_matrix_none_indicators_user|suspend_power_down_user|suspend_wakeup_init_user|td0_reset|wireless_enter_bluetooth_pin_code_entry_kb|wireless_enter_connected_kb|wireless_enter_discoverable_kb|wireless_enter_reconnecting_kb|wireless_enter_sleep_kb|wireless_exit_bluetooth_pin_code_entry_kb|wireless_post_task ; xrefs: keyboard_pre_init_kb@0x0800E734(bl)
0x0800E734,8,keyboard_pre_init_kb,"ref1011_default,ref1011_feat",0x0800C7E4,exact-ambiguous,1.000,ambiguous body {bootmagic|default_layer_state_set_kb|dip_switch_update_mask_kb|host_keyboard_led_state|keyboard_pre_init_kb|layer_state_set_kb|matrix_init_kb|matrix_output_unselect_delay|matrix_scan_kb|notify_usb_device_state_change_kb|oneshot_layer_changed_kb|oneshot_locked_mods_changed_kb|oneshot_mods_changed_kb|post_process_record_kb|pre_process_record_kb|rgb_matrix_indicators_advanced_kb|should_process_keypress|shutdown_kb|suspend_power_down_kb|suspend_wakeup_init_kb} resolved by caller: bl from keyboard_setup@0x0800E740+0x10 ; same body also matches: bootmagic|default_layer_state_set_kb|dip_switch_update_mask_kb|host_keyboard_led_state|layer_state_set_kb|matrix_init_kb|matrix_output_unselect_delay|matrix_scan_kb|notify_usb_device_state_change_kb|oneshot_layer_changed_kb|oneshot_locked_mods_changed_kb|oneshot_mods_changed_kb|post_process_record_kb|pre_process_record_kb|rgb_matrix_indicators_advanced_kb|should_process_keypress|shutdown_kb|suspend_power_down_kb|suspend_wakeup_init_kb ; xrefs: keyboard_setup@0x0800E740(bl)
0x0800E73C,4,matrix_can_read,"ref1011_default,ref1011_feat",0x0800C7EE,exact-ambiguous,1.000,tiny body placed (adjacent-both) ; ambiguous body {_getpid|_isatty_r|dip_switch_update_mask_user|is_keyboard_master|led_update_user|matrix_can_read|pre_process_record_user|process_action_kb|process_record_keychron_kb|rgb_matrix_indicators_advanced_user|rgb_matrix_indicators_user|shutdown_user} resolved by caller: bl(fuzzy-paired) from keyboard_task@0x0800E7B8+0x6 ; same body also matches: _getpid|_isatty_r|dip_switch_update_mask_user|is_keyboard_master|led_update_user|pre_process_record_user|process_action_kb|process_record_keychron_kb|rgb_matrix_indicators_advanced_user|rgb_matrix_indicators_user|shutdown_user ; xrefs: keyboard_task@0x0800E7B8(bl~)
0x0800E740,28,keyboard_setup,"ref1011_default,ref1011_feat",0x0800C7F4,exact,1.000,xrefs: main@0x0800F084(bl)
0x0800E75C,4,is_keyboard_master,"ref1011_default,ref1011_feat",0x0800C810,exact-ambiguous,1.000,tiny body placed (adjacent-both) ; ambiguous body {_getpid|_isatty_r|dip_switch_update_mask_user|is_keyboard_master|led_update_user|matrix_can_read|pre_process_record_user|process_action_kb|process_record_keychron_kb|rgb_matrix_indicators_advanced_user|rgb_matrix_indicators_user|shutdown_user} resolved by caller: bl from should_process_keypress@0x0800E760+0x2 ; same body also matches: _getpid|_isatty_r|dip_switch_update_mask_user|led_update_user|matrix_can_read|pre_process_record_user|process_action_kb|process_record_keychron_kb|rgb_matrix_indicators_advanced_user|rgb_matrix_indicators_user|shutdown_user ; xrefs: should_process_keypress@0x0800E760(bl)
0x0800E760,8,should_process_keypress,"ref1011_default,ref1011_feat",0x0800C814,exact-ambiguous,1.000,ambiguous body {bootmagic|default_layer_state_set_kb|dip_switch_update_mask_kb|host_keyboard_led_state|keyboard_pre_init_kb|layer_state_set_kb|matrix_init_kb|matrix_output_unselect_delay|matrix_scan_kb|notify_usb_device_state_change_kb|oneshot_layer_changed_kb|oneshot_locked_mods_changed_kb|oneshot_mods_changed_kb|post_process_record_kb|pre_process_record_kb|rgb_matrix_indicators_advanced_kb|should_process_keypress|shutdown_kb|suspend_power_down_kb|suspend_wakeup_init_kb} resolved by caller: bl(fuzzy-paired) from keyboard_task@0x0800E7B8+0x5C ; same body also matches: bootmagic|default_layer_state_set_kb|dip_switch_update_mask_kb|host_keyboard_led_state|keyboard_pre_init_kb|layer_state_set_kb|matrix_init_kb|matrix_output_unselect_delay|matrix_scan_kb|notify_usb_device_state_change_kb|oneshot_layer_changed_kb|oneshot_locked_mods_changed_kb|oneshot_mods_changed_kb|post_process_record_kb|pre_process_record_kb|rgb_matrix_indicators_advanced_kb|shutdown_kb|suspend_power_down_kb|suspend_wakeup_init_kb ; xrefs: keyboard_task@0x0800E7B8(bl~)
0x0800E768,2,housekeeping_task_user,"ref1011_default,ref1011_feat",0x0800C81C,exact-ambiguous,1.000,tiny body placed (vote) ; ambiguous body {__aeabi_idiv0|__aeabi_ldiv0|__chibios_override_boardInit|__cpu_init|__late_init|__malloc_lock|__malloc_unlock|_fini|battery_stop|board_init|default_layer_debug|default_layer_state_set_user|dummy_cb|early_hardware_init_post|housekeeping_task_user|keyboard_post_init_user|keyboard_pre_init_user|layer_debug|layer_state_set_user|leader_start_user|led_init_ports|led_set_user|led_update_ports|matrix_init_user|matrix_power_down|matrix_power_up|matrix_print|matrix_scan_user|matrix_setup|notify_usb_device_state_change_user|oneshot_layer_changed_user|oneshot_locked_mods_changed_user|oneshot_mods_changed_user|post_process_record_user|rgb_matrix_none_indicators_user|suspend_power_down_user|suspend_wakeup_init_user|td0_reset|wireless_enter_bluetooth_pin_code_entry_kb|wireless_enter_connected_kb|wireless_enter_discoverable_kb|wireless_enter_reconnecting_kb|wireless_enter_sleep_kb|wireless_exit_bluetooth_pin_code_entry_kb|wireless_post_task} resolved by caller: bl from housekeeping_task@0x0800E76A+0x6 ; same body also matches: __aeabi_idiv0|__aeabi_ldiv0|__chibios_override_boardInit|__cpu_init|__late_init|__malloc_lock|__malloc_unlock|_fini|battery_stop|board_init|default_layer_debug|default_layer_state_set_user|dummy_cb|early_hardware_init_post|keyboard_post_init_user|keyboard_pre_init_user|layer_debug|layer_state_set_user|leader_start_user|led_init_ports|led_set_user|led_update_ports|matrix_init_user|matrix_power_down|matrix_power_up|matrix_print|matrix_scan_user|matrix_setup|notify_usb_device_state_change_user|oneshot_layer_changed_user|oneshot_locked_mods_changed_user|oneshot_mods_changed_user|post_process_record_user|rgb_matrix_none_indicators_user|suspend_power_down_user|suspend_wakeup_init_user|td0_reset|wireless_enter_bluetooth_pin_code_entry_kb|wireless_enter_connected_kb|wireless_enter_discoverable_kb|wireless_enter_reconnecting_kb|wireless_enter_sleep_kb|wireless_exit_bluetooth_pin_code_entry_kb|wireless_post_task ; xrefs: housekeeping_task@0x0800E76A(bl)
0x0800E76A,12,housekeeping_task,"ref1011_default,ref1011_feat",0x0800C81E,exact-ambiguous,1.000,ambiguous body {boardInit|housekeeping_task|led_wakeup|rgb_matrix_none_indicators} resolved by caller: bl from main@0x0800F084+0x16 ; same body also matches: boardInit|led_wakeup|rgb_matrix_none_indicators ; xrefs: main@0x0800F084(bl)
0x0800E776,18,quantum_init,"ref1011_default,ref1011_feat",0x0800C82A,exact-ambiguous,1.000,ambiguous body {protocol_init|protocol_task|quantum_init} resolved by caller: bl from keyboard_init@0x0800E788+0xE ; same body also matches: protocol_init|protocol_task ; xrefs: keyboard_init@0x0800E788(bl)
0x0800E788,28,keyboard_init,"ref1011_default,ref1011_feat",0x0800C83C,exact,1.000,xrefs: protocol_init@0x0800F060(bl)
0x0800E7A4,20,quantum_task,ref1011_feat,0x0800C858,exact,1.000,xrefs: keyboard_task@0x0800E7B8(bl~)
0x0800E7B8,248,keyboard_task,ref1011_feat,0x0800C86C,fuzzy-anchored,0.838,call-anchored: bl from protocol_task@0x0800F072+0x6 ; xrefs: protocol_task@0x0800F072(bl)
0x0800E8B0,436,action_for_keycode,ref1011_feat,0x0800C964,fuzzy-anchored,0.901,call-anchored: b.w from action_for_key@0x0800EA9E+0x12 ; xrefs: action_for_key@0x0800EA9E(b)
0x0800EA64,58,keymap_key_to_keycode,"ref1011_default,ref1011_feat",0x0800CB14,exact,1.000,xrefs: action_for_key@0x0800EA9E(bl)
0x0800EA9E,22,action_for_key,"ref1011_default,ref1011_feat",0x0800CB4E,exact,1.000,xrefs: store_or_get_action@0x0800DE10(b) layer_switch_get_layer@0x0800DDB4(bl) layer_switch_get_action@0x0800DDF8(b)
0x0800EAB4,264,keycode_config,"ref1011_default,ref1011_feat",0x0800CB64,exact,1.000,xrefs: action_for_keycode@0x0800E8B0(bl~) action_for_keycode@0x0800E8B0(bl~) action_for_keycode@0x0800E8B0(bl~) action_for_keycode@0x0800E8B0(bl~)
0x0800EC80,4,sendchar,"ref1011_default,ref1011_feat",0x0800CD30,exact-ambiguous,1.000,tiny body placed (vote) ; ambiguous body {_close_r|_lseek_r|null_sendchar_func|rgb_matrix_map_row_column_to_led_kb|sendchar} resolved by caller: fnptr lit in keyboard_setup@0x0800E740+0x18 ; same body also matches: _close_r|_lseek_r|null_sendchar_func|rgb_matrix_map_row_column_to_led_kb ; xrefs: keyboard_setup@0x0800E740(ptr)
0x0800EC84,4,_close_r|_lseek_r|null_sendchar_func|rgb_matrix_map_row_column_to_led_kb|sendchar,"ref1011_default,ref1011_feat",0x0800CD30,exact-ambiguous,1.000,tiny body placed (adjacent) ; identical body for: _close_r|_lseek_r|null_sendchar_func|rgb_matrix_map_row_column_to_led_kb|sendchar
0x0800EC88,12,print_set_sendchar,"ref1011_default,ref1011_feat",0x0800CD38,exact-ambiguous,1.000,ambiguous body {host_set_driver|print_set_sendchar|rgb_matrix_disable_timeout_set} resolved by caller: bl from keyboard_setup@0x0800E740+0x4 ; same body also matches: host_set_driver|rgb_matrix_disable_timeout_set ; xrefs: keyboard_setup@0x0800E740(bl)
0x0800EC94,4,bootmagic_lite_reset_eeprom,"ref1011_default,ref1011_feat",0x0800CD44,exact-ambiguous,1.000,tiny body placed (vote) ; ambiguous body {_getpid_r|bootmagic_lite_reset_eeprom|chSchReadyI|chSysTimerHandlerI|default_layer_set|early_hardware_init_pre|eeconfig_init|eeprom_driver_erase|eeprom_driver_init|eflInit|housekeeping_task_kb|indicator_disable|itoa|keycode_at_encodermap_location|keycode_at_keymap_location|process_record_user|protocol_pre_task|protocol_setup|rtcGetTime|rtcInit|rtcSetTime|rtc_timer_init|spiInit|stInit|timer_init|usbInit|usb_device_state_init|usb_device_state_set_resume|wireless_enter_reset_kb} resolved by caller: bl from bootmagic_lite@0x0800EC98+0x1C ; same body also matches: _getpid_r|chSchReadyI|chSysTimerHandlerI|default_layer_set|early_hardware_init_pre|eeconfig_init|eeprom_driver_erase|eeprom_driver_init|eflInit|housekeeping_task_kb|indicator_disable|itoa|keycode_at_encodermap_location|keycode_at_keymap_location|process_record_user|protocol_pre_task|protocol_setup|rtcGetTime|rtcInit|rtcSetTime|rtc_timer_init|spiInit|stInit|timer_init|usbInit|usb_device_state_init|usb_device_state_set_resume|wireless_enter_reset_kb ; xrefs: bootmagic_lite@0x0800EC98(bl)
0x0800EC98,42,bootmagic_lite,"ref1011_default,ref1011_feat",0x0800CD48,exact,1.000,xrefs: bootmagic@0x0800ECC2(bl)
0x0800ECC2,8,bootmagic,"ref1011_default,ref1011_feat",0x0800CD72,exact-ambiguous,1.000,ambiguous body {bootmagic|default_layer_state_set_kb|dip_switch_update_mask_kb|host_keyboard_led_state|keyboard_pre_init_kb|layer_state_set_kb|matrix_init_kb|matrix_output_unselect_delay|matrix_scan_kb|notify_usb_device_state_change_kb|oneshot_layer_changed_kb|oneshot_locked_mods_changed_kb|oneshot_mods_changed_kb|post_process_record_kb|pre_process_record_kb|rgb_matrix_indicators_advanced_kb|should_process_keypress|shutdown_kb|suspend_power_down_kb|suspend_wakeup_init_kb} resolved by caller: bl from magic@0x0800ECCC+0x1C ; same body also matches: default_layer_state_set_kb|dip_switch_update_mask_kb|host_keyboard_led_state|keyboard_pre_init_kb|layer_state_set_kb|matrix_init_kb|matrix_output_unselect_delay|matrix_scan_kb|notify_usb_device_state_change_kb|oneshot_layer_changed_kb|oneshot_locked_mods_changed_kb|oneshot_mods_changed_kb|post_process_record_kb|pre_process_record_kb|rgb_matrix_indicators_advanced_kb|should_process_keypress|shutdown_kb|suspend_power_down_kb|suspend_wakeup_init_kb ; xrefs: magic@0x0800ECCC(bl)
0x0800ECCC,64,magic,"ref1011_default,ref1011_feat",0x0800CD7C,exact,1.000,xrefs: quantum_init@0x0800E776(bl)
0x0800ED0C,2,__aeabi_idiv0|__aeabi_ldiv0|__chibios_override_boardInit|__cpu_init|__late_init|__malloc_lock|__malloc_unlock|_fini|battery_stop|board_init|default_layer_debug|default_layer_state_set_user|dummy_cb|early_hardware_init_post|housekeeping_task_user|keyboard_post_init_user|keyboard_pre_init_user|layer_debug|layer_state_set_user|leader_start_user|led_init_ports|led_set_user|led_update_ports|matrix_init_user|matrix_power_down|matrix_power_up|matrix_print|matrix_scan_user|matrix_setup|notify_usb_device_state_change_user|oneshot_layer_changed_user|oneshot_locked_mods_changed_user|oneshot_mods_changed_user|post_process_record_user|rgb_matrix_none_indicators_user|suspend_power_down_user|suspend_wakeup_init_user|td0_reset|wireless_enter_bluetooth_pin_code_entry_kb|wireless_enter_connected_kb|wireless_enter_discoverable_kb|wireless_enter_reconnecting_kb|wireless_enter_sleep_kb|wireless_exit_bluetooth_pin_code_entry_kb|wireless_post_task,"ref1011_default,ref1011_feat",0x08008434,exact-ambiguous,1.000,tiny body placed (adjacent-both) ; identical body for: __aeabi_idiv0|__aeabi_ldiv0|__chibios_override_boardInit|__cpu_init|__late_init|__malloc_lock|__malloc_unlock|_fini|battery_stop|board_init|default_layer_debug|default_layer_state_set_user|dummy_cb|early_hardware_init_post|housekeeping_task_user|keyboard_post_init_user|keyboard_pre_init_user|layer_debug|layer_state_set_user|leader_start_user|led_init_ports|led_set_user|led_update_ports|matrix_init_user|matrix_power_down|matrix_power_up|matrix_print|matrix_scan_user|matrix_setup|notify_usb_device_state_change_user|oneshot_layer_changed_user|oneshot_locked_mods_changed_user|oneshot_mods_changed_user|post_process_record_user|rgb_matrix_none_indicators_user|suspend_power_down_user|suspend_wakeup_init_user|td0_reset|wireless_enter_bluetooth_pin_code_entry_kb|wireless_enter_connected_kb|wireless_enter_discoverable_kb|wireless_enter_reconnecting_kb|wireless_enter_sleep_kb|wireless_exit_bluetooth_pin_code_entry_kb|wireless_post_task
0x0800ED0E,8,bootmagic|default_layer_state_set_kb|dip_switch_update_mask_kb|host_keyboard_led_state|keyboard_pre_init_kb|layer_state_set_kb|matrix_init_kb|matrix_output_unselect_delay|matrix_scan_kb|notify_usb_device_state_change_kb|oneshot_layer_changed_kb|oneshot_locked_mods_changed_kb|oneshot_mods_changed_kb|post_process_record_kb|pre_process_record_kb|rgb_matrix_indicators_advanced_kb|should_process_keypress|shutdown_kb|suspend_power_down_kb|suspend_wakeup_init_kb,"ref1011_default,ref1011_feat",0x0800B30C,exact-ambiguous,1.000,identical body for: bootmagic|default_layer_state_set_kb|dip_switch_update_mask_kb|host_keyboard_led_state|keyboard_pre_init_kb|layer_state_set_kb|matrix_init_kb|matrix_output_unselect_delay|matrix_scan_kb|notify_usb_device_state_change_kb|oneshot_layer_changed_kb|oneshot_locked_mods_changed_kb|oneshot_mods_changed_kb|post_process_record_kb|pre_process_record_kb|rgb_matrix_indicators_advanced_kb|should_process_keypress|shutdown_kb|suspend_power_down_kb|suspend_wakeup_init_kb
0x0800ED16,2,matrix_scan_user,"ref1011_default,ref1011_feat",0x0800CDC6,exact-ambiguous,1.000,tiny body placed (adjacent-both) ; ambiguous body {__aeabi_idiv0|__aeabi_ldiv0|__chibios_override_boardInit|__cpu_init|__late_init|__malloc_lock|__malloc_unlock|_fini|battery_stop|board_init|default_layer_debug|default_layer_state_set_user|dummy_cb|early_hardware_init_post|housekeeping_task_user|keyboard_post_init_user|keyboard_pre_init_user|layer_debug|layer_state_set_user|leader_start_user|led_init_ports|led_set_user|led_update_ports|matrix_init_user|matrix_power_down|matrix_power_up|matrix_print|matrix_scan_user|matrix_setup|notify_usb_device_state_change_user|oneshot_layer_changed_user|oneshot_locked_mods_changed_user|oneshot_mods_changed_user|post_process_record_user|rgb_matrix_none_indicators_user|suspend_power_down_user|suspend_wakeup_init_user|td0_reset|wireless_enter_bluetooth_pin_code_entry_kb|wireless_enter_connected_kb|wireless_enter_discoverable_kb|wireless_enter_reconnecting_kb|wireless_enter_sleep_kb|wireless_exit_bluetooth_pin_code_entry_kb|wireless_post_task} resolved by caller: bl from matrix_scan_kb@0x0800ED18+0x2 ; same body also matches: __aeabi_idiv0|__aeabi_ldiv0|__chibios_override_boardInit|__cpu_init|__late_init|__malloc_lock|__malloc_unlock|_fini|battery_stop|board_init|default_layer_debug|default_layer_state_set_user|dummy_cb|early_hardware_init_post|housekeeping_task_user|keyboard_post_init_user|keyboard_pre_init_user|layer_debug|layer_state_set_user|leader_start_user|led_init_ports|led_set_user|led_update_ports|matrix_init_user|matrix_power_down|matrix_power_up|matrix_print|matrix_setup|notify_usb_device_state_change_user|oneshot_layer_changed_user|oneshot_locked_mods_changed_user|oneshot_mods_changed_user|post_process_record_user|rgb_matrix_none_indicators_user|suspend_power_down_user|suspend_wakeup_init_user|td0_reset|wireless_enter_bluetooth_pin_code_entry_kb|wireless_enter_connected_kb|wireless_enter_discoverable_kb|wireless_enter_reconnecting_kb|wireless_enter_sleep_kb|wireless_exit_bluetooth_pin_code_entry_kb|wireless_post_task ; xrefs: matrix_scan_kb@0x0800ED18(bl)
0x0800ED18,8,matrix_scan_kb,"ref1011_default,ref1011_feat",0x0800CDC8,exact-ambiguous,1.000,ambiguous body {bootmagic|default_layer_state_set_kb|dip_switch_update_mask_kb|host_keyboard_led_state|keyboard_pre_init_kb|layer_state_set_kb|matrix_init_kb|matrix_output_unselect_delay|matrix_scan_kb|notify_usb_device_state_change_kb|oneshot_layer_changed_kb|oneshot_locked_mods_changed_kb|oneshot_mods_changed_kb|post_process_record_kb|pre_process_record_kb|rgb_matrix_indicators_advanced_kb|should_process_keypress|shutdown_kb|suspend_power_down_kb|suspend_wakeup_init_kb} resolved by caller: bl(fuzzy-paired) from matrix_scan@0x0800EE8C+0x58 ; same body also matches: bootmagic|default_layer_state_set_kb|dip_switch_update_mask_kb|host_keyboard_led_state|keyboard_pre_init_kb|layer_state_set_kb|matrix_init_kb|matrix_output_unselect_delay|notify_usb_device_state_change_kb|oneshot_layer_changed_kb|oneshot_locked_mods_changed_kb|oneshot_mods_changed_kb|post_process_record_kb|pre_process_record_kb|rgb_matrix_indicators_advanced_kb|should_process_keypress|shutdown_kb|suspend_power_down_kb|suspend_wakeup_init_kb ; xrefs: matrix_scan@0x0800EE8C(bl~)
0x0800ED20,12,matrix_get_row,"ref1011_default,ref1011_feat",0x0800CDD0,exact,1.000,xrefs: bootmagic_lite@0x0800EC98(bl) suspend_wakeup_condition@0x0801246C(bl) keyboard_task@0x0800E7B8(bl~) keyboard_task@0x0800E7B8(bl~)
0x0800ED2C,2,matrix_print,"ref1011_default,ref1011_feat",0x0800CDDC,exact-ambiguous,1.000,tiny body placed (adjacent-both) ; ambiguous body {__aeabi_idiv0|__aeabi_ldiv0|__chibios_override_boardInit|__cpu_init|__late_init|__malloc_lock|__malloc_unlock|_fini|battery_stop|board_init|default_layer_debug|default_layer_state_set_user|dummy_cb|early_hardware_init_post|housekeeping_task_user|keyboard_post_init_user|keyboard_pre_init_user|layer_debug|layer_state_set_user|leader_start_user|led_init_ports|led_set_user|led_update_ports|matrix_init_user|matrix_power_down|matrix_power_up|matrix_print|matrix_scan_user|matrix_setup|notify_usb_device_state_change_user|oneshot_layer_changed_user|oneshot_locked_mods_changed_user|oneshot_mods_changed_user|post_process_record_user|rgb_matrix_none_indicators_user|suspend_power_down_user|suspend_wakeup_init_user|td0_reset|wireless_enter_bluetooth_pin_code_entry_kb|wireless_enter_connected_kb|wireless_enter_discoverable_kb|wireless_enter_reconnecting_kb|wireless_enter_sleep_kb|wireless_exit_bluetooth_pin_code_entry_kb|wireless_post_task} resolved by caller: bl(fuzzy-paired) from keyboard_task@0x0800E7B8+0x58 ; same body also matches: __aeabi_idiv0|__aeabi_ldiv0|__chibios_override_boardInit|__cpu_init|__late_init|__malloc_lock|__malloc_unlock|_fini|battery_stop|board_init|default_layer_debug|default_layer_state_set_user|dummy_cb|early_hardware_init_post|housekeeping_task_user|keyboard_post_init_user|keyboard_pre_init_user|layer_debug|layer_state_set_user|leader_start_user|led_init_ports|led_set_user|led_update_ports|matrix_init_user|matrix_power_down|matrix_power_up|matrix_scan_user|matrix_setup|notify_usb_device_state_change_user|oneshot_layer_changed_user|oneshot_locked_mods_changed_user|oneshot_mods_changed_user|post_process_record_user|rgb_matrix_none_indicators_user|suspend_power_down_user|suspend_wakeup_init_user|td0_reset|wireless_enter_bluetooth_pin_code_entry_kb|wireless_enter_connected_kb|wireless_enter_discoverable_kb|wireless_enter_reconnecting_kb|wireless_enter_sleep_kb|wireless_exit_bluetooth_pin_code_entry_kb|wireless_post_task ; xrefs: keyboard_task@0x0800E7B8(bl~)
0x0800ED2E,8,matrix_io_delay,"ref1011_default,ref1011_feat",0x0800CDDE,exact,1.000,
0x0800ED36,26,matrix_output_select_delay,"ref1011_default,ref1011_feat",0x0800CDE6,exact,1.000,
0x0800ED50,8,bootmagic|default_layer_state_set_kb|dip_switch_update_mask_kb|host_keyboard_led_state|keyboard_pre_init_kb|layer_state_set_kb|matrix_init_kb|matrix_output_unselect_delay|matrix_scan_kb|notify_usb_device_state_change_kb|oneshot_layer_changed_kb|oneshot_locked_mods_changed_kb|oneshot_mods_changed_kb|post_process_record_kb|pre_process_record_kb|rgb_matrix_indicators_advanced_kb|should_process_keypress|shutdown_kb|suspend_power_down_kb|suspend_wakeup_init_kb,"ref1011_default,ref1011_feat",0x0800B30C,exact-ambiguous,1.000,identical body for: bootmagic|default_layer_state_set_kb|dip_switch_update_mask_kb|host_keyboard_led_state|keyboard_pre_init_kb|layer_state_set_kb|matrix_init_kb|matrix_output_unselect_delay|matrix_scan_kb|notify_usb_device_state_change_kb|oneshot_layer_changed_kb|oneshot_locked_mods_changed_kb|oneshot_mods_changed_kb|post_process_record_kb|pre_process_record_kb|rgb_matrix_indicators_advanced_kb|should_process_keypress|shutdown_kb|suspend_power_down_kb|suspend_wakeup_init_kb
0x0800ED58,34,setPinInputHigh_atomic,"ref1011_default,ref1011_feat",0x0800CE08,exact,1.000,xrefs: matrix_init_pins@0x0800ED7C(bl) matrix_init_pins@0x0800ED7C(bl)
0x0800ED7C,60,matrix_init_pins,"ref1011_default,ref1011_feat",0x0800CE2C,exact,1.000,xrefs: matrix_init@0x0800EE58(bl~)
0x0800EE58,52,matrix_init,ref1011_feat,0x0800CF04,fuzzy-anchored,0.722,call-anchored: bl from lpm_task@0x0800BDCC+0x16E ; xrefs: lpm_task@0x0800BDCC(bl) keyboard_init@0x0800E788(bl)
0x0800EE8C,108,matrix_scan,ref1011_feat,0x0800CF34,fuzzy-anchored,0.800,call-anchored: bl from bootmagic_lite@0x0800EC98+0x2 ; xrefs: bootmagic_lite@0x0800EC98(bl) bootmagic_lite@0x0800EC98(bl) suspend_wakeup_condition@0x0801246C(bl) keyboard_task@0x0800E7B8(bl~)
0x0800EF1C,20,debounce_free,"ref1011_default,ref1011_feat",0x0800CFD0,exact,1.000,xrefs: lpm_task@0x0800BDCC(bl)
0x0800F060,18,protocol_init,"ref1011_default,ref1011_feat",0x0800D118,exact-ambiguous,1.000,ambiguous body {protocol_init|protocol_task|quantum_init} resolved by caller: bl from main@0x0800F084+0xE ; same body also matches: protocol_task|quantum_init ; xrefs: main@0x0800F084(bl)
0x0800F072,18,protocol_task,"ref1011_default,ref1011_feat",0x0800D12A,exact-ambiguous,1.000,ambiguous body {protocol_init|protocol_task|quantum_init} resolved by caller: bl from main@0x0800F084+0x12 ; same body also matches: protocol_init|quantum_init ; xrefs: main@0x0800F084(bl)
0x0800F084,28,main,"ref1011_default,ref1011_feat",0x0800D13C,exact,1.000,xrefs: endinitloop@0x080080C8(bl)
0x0800F0A0,30,eeprom_read_byte,ref1011_feat,0x0800D158,fuzzy-anchored,0.818,call-anchored: b.w from eeconfig_read_debug@0x0800E5F4+0x2 ; xrefs: eeconfig_read_debug@0x0800E5F4(b) eeconfig_read_default_layer@0x0800E5FA(b)
0x0800F0BE,30,eeprom_read_word,ref1011_feat,0x0800D174,fuzzy-anchored,0.818,call-anchored: bl from eeconfig_is_enabled@0x0800E5E0+0x4 ; xrefs: eeconfig_is_enabled@0x0800E5E0(bl) eeprom_update_word@0x0800F18C(bl) eeconfig_read_keymap@0x0800E600(b)
0x0800F0DC,22,eeprom_read_dword,ref1011_feat,0x0800D190,fuzzy-anchored,0.818,call-anchored: bl from eeprom_update_dword@0x0800F1A8+0x6 ; xrefs: eeprom_update_dword@0x0800F1A8(bl)
0x0800F10E,24,eeprom_write_word,ref1011_feat,0x0800D1BE,fuzzy-anchored,0.778,call-anchored: b.w from eeprom_update_word@0x0800F18C+0x16 ; xrefs: eeprom_update_word@0x0800F18C(b)
0x0800F126,22,eeprom_write_dword,ref1011_feat,0x0800D1D4,fuzzy-anchored,0.875,call-anchored: b.w from eeprom_update_dword@0x0800F1A8+0x16 ; xrefs: eeprom_update_dword@0x0800F1A8(b)
0x0800F13C,52,eeprom_update_block,"ref1011_default,ref1011_feat",0x0800D1E8,exact,1.000,xrefs: eeconfig_flush_rgb_matrix.part.0@0x0800FD14(bl)
0x0800F170,28,eeprom_update_byte|eeprom_update_dword|eeprom_update_word,"ref1011_default,ref1011_feat",0x0800D21C,exact-ambiguous,1.000,identical body for: eeprom_update_byte|eeprom_update_dword|eeprom_update_word
0x0800F18C,28,eeprom_update_word,"ref1011_default,ref1011_feat",0x0800D238,exact-ambiguous,1.000,ambiguous body {eeprom_update_byte|eeprom_update_dword|eeprom_update_word} resolved by caller: b.w from eeconfig_disable@0x0800E5CC+0x10 ; same body also matches: eeprom_update_byte|eeprom_update_dword ; xrefs: eeconfig_disable@0x0800E5CC(b) eeconfig_update_keymap@0x0800E606(b)
0x0800F1A8,28,eeprom_update_dword,"ref1011_default,ref1011_feat",0x0800D254,exact-ambiguous,1.000,ambiguous body {eeprom_update_byte|eeprom_update_dword|eeprom_update_word} resolved by caller: b.w from eeconfig_update_kb@0x0800E60E+0x4 ; same body also matches: eeprom_update_byte|eeprom_update_word ; xrefs: eeconfig_update_kb@0x0800E60E(b) eeconfig_update_user@0x0800E616(b)
0x0800F1C4,4,eeprom_driver_init,"ref1011_default,ref1011_feat",0x0800D270,exact-ambiguous,1.000,tiny body placed (vote) ; ambiguous body {_getpid_r|bootmagic_lite_reset_eeprom|chSchReadyI|chSysTimerHandlerI|default_layer_set|early_hardware_init_pre|eeconfig_init|eeprom_driver_erase|eeprom_driver_init|eflInit|housekeeping_task_kb|indicator_disable|itoa|keycode_at_encodermap_location|keycode_at_keymap_location|process_record_user|protocol_pre_task|protocol_setup|rtcGetTime|rtcInit|rtcSetTime|rtc_timer_init|spiInit|stInit|timer_init|usbInit|usb_device_state_init|usb_device_state_set_resume|wireless_enter_reset_kb} resolved by caller: bl from keyboard_setup@0x0800E740+0x8 ; same body also matches: _getpid_r|bootmagic_lite_reset_eeprom|chSchReadyI|chSysTimerHandlerI|default_layer_set|early_hardware_init_pre|eeconfig_init|eeprom_driver_erase|eflInit|housekeeping_task_kb|indicator_disable|itoa|keycode_at_encodermap_location|keycode_at_keymap_location|process_record_user|protocol_pre_task|protocol_setup|rtcGetTime|rtcInit|rtcSetTime|rtc_timer_init|spiInit|stInit|timer_init|usbInit|usb_device_state_init|usb_device_state_set_resume|wireless_enter_reset_kb ; xrefs: keyboard_setup@0x0800E740(bl)
0x0800F1C8,4,eeprom_driver_erase,"ref1011_default,ref1011_feat",0x0800D274,exact-ambiguous,1.000,tiny body placed (vote) ; ambiguous body {_getpid_r|bootmagic_lite_reset_eeprom|chSchReadyI|chSysTimerHandlerI|default_layer_set|early_hardware_init_pre|eeconfig_init|eeprom_driver_erase|eeprom_driver_init|eflInit|housekeeping_task_kb|indicator_disable|itoa|keycode_at_encodermap_location|keycode_at_keymap_location|process_record_user|protocol_pre_task|protocol_setup|rtcGetTime|rtcInit|rtcSetTime|rtc_timer_init|spiInit|stInit|timer_init|usbInit|usb_device_state_init|usb_device_state_set_resume|wireless_enter_reset_kb} resolved by caller: bl from eeconfig_disable@0x0800E5CC+0x2 ; same body also matches: _getpid_r|bootmagic_lite_reset_eeprom|chSchReadyI|chSysTimerHandlerI|default_layer_set|early_hardware_init_pre|eeconfig_init|eeprom_driver_init|eflInit|housekeeping_task_kb|indicator_disable|itoa|keycode_at_encodermap_location|keycode_at_keymap_location|process_record_user|protocol_pre_task|protocol_setup|rtcGetTime|rtcInit|rtcSetTime|rtc_timer_init|spiInit|stInit|timer_init|usbInit|usb_device_state_init|usb_device_state_set_resume|wireless_enter_reset_kb ; xrefs: eeconfig_disable@0x0800E5CC(bl)
0x0800F1CC,10,eeprom_read_block,"ref1011_default,ref1011_feat",0x0800D278,exact-ambiguous,1.000,ambiguous body {eeprom_read_block|eeprom_write_block} resolved by caller: bl from eeprom_update_block@0x0800F13C+0x16 ; same body also matches: eeprom_write_block ; xrefs: eeprom_update_block@0x0800F13C(bl) indicator_eeconfig_reload@0x0800B378(bl) eeconfig_init_rgb_matrix@0x0800FC00(bl) eeprom_read_byte@0x0800F0A0(bl~) ...
0x0800F1D6,10,eeprom_write_block,"ref1011_default,ref1011_feat",0x0800D282,exact-ambiguous,1.000,ambiguous body {eeprom_read_block|eeprom_write_block} resolved by caller: bl from eeprom_update_block@0x0800F13C+0x2C ; same body also matches: eeprom_read_block ; xrefs: eeprom_update_block@0x0800F13C(bl) eeprom_write_dword@0x0800F126(bl~) eeprom_write_word@0x0800F10E(bl~)
0x0800F1E0,32,wear_leveling_clear_cache,ref1011_feat,0x0800D28C,fuzzy-anchored,0.818,call-anchored: bl from wear_leveling_erase@0x0800F244+0x18 ; xrefs: wear_leveling_erase@0x0800F244(bl)
0x0800F200,32,wear_leveling_unlock,"ref1011_default,ref1011_feat",0x0800D2AC,exact,1.000,xrefs: wear_leveling_erase@0x0800F244(bl) wear_leveling_write@0x0800F394(bl~) wear_leveling_consolidate_force@0x0800F2E8(bl~)
0x0800F220,36,wear_leveling_lock,"ref1011_default,ref1011_feat",0x0800D2CC,exact,1.000,xrefs: wear_leveling_erase@0x0800F244(bl) wear_leveling_erase@0x0800F244(bl) wear_leveling_write@0x0800F394(bl~) wear_leveling_write@0x0800F394(bl~) ...
0x0800F244,50,wear_leveling_erase,"ref1011_default,ref1011_feat",0x0800D2F0,exact,1.000,xrefs: eeprom_driver_erase@0x0800F1C8(b)
0x0800F278,36,wear_leveling_read,ref1011_feat,0x0800D324,fuzzy-anchored,0.800,call-anchored: b.w from eeprom_read_block@0x0800F1CC+0x6 ; xrefs: eeprom_read_block@0x0800F1CC(b)
0x0800F29C,38,backing_store_read_bulk,"ref1011_default,ref1011_feat",0x0800D348,exact,1.000,
0x0800F2C2,38,backing_store_write_bulk,"ref1011_default,ref1011_feat",0x0800D36E,exact,1.000,xrefs: wear_leveling_consolidate_force@0x0800F2E8(bl~) wear_leveling_consolidate_force@0x0800F2E8(bl~)
0x0800F2E8,108,wear_leveling_consolidate_force,ref1011_feat,0x0800D398,fuzzy-anchored,0.785,call-anchored: b.w from wear_leveling_consolidate_if_needed@0x0800F354+0xC ; xrefs: wear_leveling_consolidate_if_needed@0x0800F354(b)
0x0800F354,24,wear_leveling_consolidate_if_needed,"ref1011_default,ref1011_feat",0x0800D404,exact,1.000,xrefs: wear_leveling_append_raw@0x0800F36C(b) wear_leveling_write@0x0800F394(bl~)
0x0800F36C,40,wear_leveling_append_raw,"ref1011_default,ref1011_feat",0x0800D41C,exact,1.000,xrefs: wear_leveling_write@0x0800F394(bl~) wear_leveling_write@0x0800F394(bl~)
0x0800F394,204,wear_leveling_write,ref1011_feat,0x0800D444,fuzzy-anchored,0.863,call-anchored: b.w from eeprom_write_block@0x0800F1D6+0x6 ; xrefs: eeprom_write_block@0x0800F1D6(b)
0x0800F55C,24,backing_store_unlock,"ref1011_default,ref1011_feat",0x0800D60C,exact,1.000,xrefs: wear_leveling_unlock@0x0800F200(bl)
0x0800F5B4,48,backing_store_write,ref1011_feat,0x0800D670,fuzzy-anchored,0.600,call-anchored: bl from wear_leveling_append_raw@0x0800F36C+0xA ; xrefs: wear_leveling_append_raw@0x0800F36C(bl) backing_store_write_bulk@0x0800F2C2(bl)
0x0800F5E4,16,backing_store_lock,"ref1011_default,ref1011_feat",0x0800D69C,exact,1.000,xrefs: wear_leveling_lock@0x0800F220(bl)
0x0800F67C,68,backing_store_read,"ref1011_default,ref1011_feat",0x0800D744,exact,1.000,xrefs: backing_store_read_bulk@0x0800F29C(bl)
0x0800F6C0,176,hsv_to_rgb_impl,ref1011_feat,0x0800D788,fuzzy-anchored,0.625,call-anchored: b.w from hsv_to_rgb@0x0800F7A0+0x6 ; xrefs: hsv_to_rgb@0x0800F7A0(b)
0x0800F7A0,10,hsv_to_rgb,"ref1011_default,ref1011_feat",0x0800D84C,exact,1.000,xrefs: rgb_matrix_hsv_to_rgb@0x0800FD30(b)
0x0800F7AA,78,sqrt16,ref1011_feat,0x0800D856,fuzzy,0.866,
0x0800F860,38,CYCLE_ALL_math,"ref1011_default,ref1011_feat",0x0800D908,exact,1.000,
0x0800F888,56,CYCLE_LEFT_RIGHT_math,"ref1011_default,ref1011_feat",0x0800D930,exact,1.000,
0x0800F8C0,56,CYCLE_UP_DOWN_math,"ref1011_default,ref1011_feat",0x0800D968,exact,1.000,
0x0800F94C,50,CYCLE_OUT_IN_math,"ref1011_default,ref1011_feat",0x0800D9F0,exact,1.000,
0x0800F9C8,80,DUAL_BEACON_math,"ref1011_default,ref1011_feat",0x0800DA70,exact,1.000,
0x0800FA18,80,RAINBOW_BEACON_math,"ref1011_default,ref1011_feat",0x0800DAC0,exact,1.000,
0x0800FA68,52,SOLID_REACTIVE_SIMPLE_math,"ref1011_default,ref1011_feat",0x0800DB10,exact,1.000,
0x0800FA9C,72,SOLID_REACTIVE_WIDE_math,"ref1011_default,ref1011_feat",0x0800DB44,exact,1.000,
0x0800FAE4,120,SOLID_REACTIVE_NEXUS_math,"ref1011_default,ref1011_feat",0x0800DB8C,exact,1.000,
0x0800FB5C,76,SPLASH_math,ref1011_feat,0x0800DC04,fuzzy,0.873,
0x0800FBA8,2,__aeabi_idiv0|__aeabi_ldiv0|__chibios_override_boardInit|__cpu_init|__late_init|__malloc_lock|__malloc_unlock|_fini|battery_stop|board_init|default_layer_debug|default_layer_state_set_user|dummy_cb|early_hardware_init_post|housekeeping_task_user|keyboard_post_init_user|keyboard_pre_init_user|layer_debug|layer_state_set_user|leader_start_user|led_init_ports|led_set_user|led_update_ports|matrix_init_user|matrix_power_down|matrix_power_up|matrix_print|matrix_scan_user|matrix_setup|notify_usb_device_state_change_user|oneshot_layer_changed_user|oneshot_locked_mods_changed_user|oneshot_mods_changed_user|post_process_record_user|rgb_matrix_none_indicators_user|suspend_power_down_user|suspend_wakeup_init_user|td0_reset|wireless_enter_bluetooth_pin_code_entry_kb|wireless_enter_connected_kb|wireless_enter_discoverable_kb|wireless_enter_reconnecting_kb|wireless_enter_sleep_kb|wireless_exit_bluetooth_pin_code_entry_kb|wireless_post_task,"ref1011_default,ref1011_feat",0x08008434,exact-ambiguous,1.000,tiny body placed (adjacent) ; identical body for: __aeabi_idiv0|__aeabi_ldiv0|__chibios_override_boardInit|__cpu_init|__late_init|__malloc_lock|__malloc_unlock|_fini|battery_stop|board_init|default_layer_debug|default_layer_state_set_user|dummy_cb|early_hardware_init_post|housekeeping_task_user|keyboard_post_init_user|keyboard_pre_init_user|layer_debug|layer_state_set_user|leader_start_user|led_init_ports|led_set_user|led_update_ports|matrix_init_user|matrix_power_down|matrix_power_up|matrix_print|matrix_scan_user|matrix_setup|notify_usb_device_state_change_user|oneshot_layer_changed_user|oneshot_locked_mods_changed_user|oneshot_mods_changed_user|post_process_record_user|rgb_matrix_none_indicators_user|suspend_power_down_user|suspend_wakeup_init_user|td0_reset|wireless_enter_bluetooth_pin_code_entry_kb|wireless_enter_connected_kb|wireless_enter_discoverable_kb|wireless_enter_reconnecting_kb|wireless_enter_sleep_kb|wireless_exit_bluetooth_pin_code_entry_kb|wireless_post_task
0x0800FBAA,68,SOLID_SPLASH_math,"ref1011_default,ref1011_feat",0x0800DC50,exact,1.000,
0x0800FBF0,16,eeconfig_flag_rgb_matrix,"ref1011_default,ref1011_feat",0x0800DC94,exact-ambiguous,1.000,ambiguous body {add_mods|add_weak_mods|eeconfig_flag_rgb_matrix} resolved by caller: bl from rgb_matrix_toggle_eeprom_helper@0x08010E7C+0x14 ; same body also matches: add_mods|add_weak_mods ; xrefs: rgb_matrix_toggle_eeprom_helper@0x08010E7C(bl) rgb_matrix_enable@0x08010EF0(bl) rgb_matrix_increase_speed_helper@0x08010F5C(b) rgb_matrix_decrease_speed_helper@0x08010F7C(b)
0x0800FC00,32,eeconfig_init_rgb_matrix,"ref1011_default,ref1011_feat",0x0800DCA4,exact,1.000,xrefs: rgb_matrix_init@0x08010C70(bl)
0x0800FC66,70,BAND_SPIRAL_VAL_math,ref1011_feat,0x0800DD0E,fuzzy,0.868,
0x0800FCAC,48,CYCLE_PINWHEEL_math,ref1011_feat,0x0800DD52,fuzzy,0.865,
0x0800FCDC,56,CYCLE_SPIRAL_math,ref1011_feat,0x0800DD82,fuzzy,0.947,
0x0800FD14,28,eeconfig_flush_rgb_matrix.part.0,"ref1011_default,ref1011_feat",0x0800DDB8,exact,1.000,xrefs: rgb_matrix_task@0x08011058(bl~)
0x0800FD30,8,rgb_matrix_hsv_to_rgb,"ref1011_default,ref1011_feat",0x0800DDD4,exact,1.000,
0x0800FE14,44,eeconfig_update_rgb_matrix_default,ref1011_feat,0x0800DEBC,fuzzy-anchored,0.933,call-anchored: bl from rgb_matrix_init@0x08010C70+0x34 ; xrefs: rgb_matrix_init@0x08010C70(bl) rgb_matrix_init@0x08010C70(b) indicator_eeconfig_reload@0x0800B378(b)
0x0800FE40,4,rgb_matrix_map_row_column_to_led_kb,"ref1011_default,ref1011_feat",0x0800DEE8,exact-ambiguous,1.000,tiny body placed (vote) ; ambiguous body {_close_r|_lseek_r|null_sendchar_func|rgb_matrix_map_row_column_to_led_kb|sendchar} resolved by caller: bl from rgb_matrix_map_row_column_to_led@0x0800FE44+0x8 ; same body also matches: _close_r|_lseek_r|null_sendchar_func|sendchar ; xrefs: rgb_matrix_map_row_column_to_led@0x0800FE44(bl)
0x0800FE44,40,rgb_matrix_map_row_column_to_led,"ref1011_default,ref1011_feat",0x0800DEEC,exact,1.000,xrefs: DIGITAL_RAIN@0x0800FEF0(bl~)
0x0800FE6C,12,rgb_matrix_update_pwm_buffers,"ref1011_default,ref1011_feat",0x0800DF14,exact,1.000,xrefs: rgb_task_flush@0x08011008(bl~)
0x0800FE78,20,rgb_matrix_set_color,ref1011_feat,0x0800DF20,fuzzy-anchored,0.571,call-anchored: bl from bat_level_animiation_indicate@0x0800C314+0x1A ; xrefs: bat_level_animiation_indicate@0x0800C314(bl) bat_level_animiation_indicate@0x0800C314(bl) os_state_indicate@0x0800B494(b) DIGITAL_RAIN@0x0800FEF0(bl~)
0x0800FEE4,12,rgb_matrix_set_color_all,"ref1011_default,ref1011_feat",0x0800DF88,exact,1.000,xrefs: led_update_kb@0x0800B91C(bl) factory_test_indicator@0x0800CA18(bl~) DIGITAL_RAIN@0x0800FEF0(bl~)
0x0800FEF0,368,DIGITAL_RAIN,ref1011_feat,0x0800DF94,fuzzy,0.908,
0x0801016A,4,_close_r|_lseek_r|null_sendchar_func|rgb_matrix_map_row_column_to_led_kb|sendchar,"ref1011_default,ref1011_feat",0x0800CD30,exact-ambiguous,1.000,tiny body placed (adjacent) ; identical body for: _close_r|_lseek_r|null_sendchar_func|rgb_matrix_map_row_column_to_led_kb|sendchar
0x0801016E,12,boardInit|housekeeping_task|led_wakeup|rgb_matrix_none_indicators,"ref1011_default,ref1011_feat",0x0800B524,exact-ambiguous,1.000,identical body for: boardInit|housekeeping_task|led_wakeup|rgb_matrix_none_indicators
0x0801017A,4,_getpid|_isatty_r|dip_switch_update_mask_user|is_keyboard_master|led_update_user|matrix_can_read|pre_process_record_user|process_action_kb|process_record_keychron_kb|rgb_matrix_indicators_advanced_user|rgb_matrix_indicators_user|shutdown_user,"ref1011_default,ref1011_feat",0x0800A9EC,exact-ambiguous,1.000,tiny body placed (adjacent) ; identical body for: _getpid|_isatty_r|dip_switch_update_mask_user|is_keyboard_master|led_update_user|matrix_can_read|pre_process_record_user|process_action_kb|process_record_keychron_kb|rgb_matrix_indicators_advanced_user|rgb_matrix_indicators_user|shutdown_user
0x08010284,12,BAND_SPIRAL_VAL|CYCLE_ALL|CYCLE_LEFT_RIGHT|CYCLE_OUT_IN|CYCLE_OUT_IN_DUAL|CYCLE_PINWHEEL|CYCLE_SPIRAL|CYCLE_UP_DOWN|DUAL_BEACON|RAINBOW_BEACON|RAINBOW_MOVING_CHEVRON|SOLID_REACTIVE_SIMPLE,"ref1011_default,ref1011_feat",0x0800E33C,exact-ambiguous,1.000,identical body for: BAND_SPIRAL_VAL|CYCLE_ALL|CYCLE_LEFT_RIGHT|CYCLE_OUT_IN|CYCLE_OUT_IN_DUAL|CYCLE_PINWHEEL|CYCLE_SPIRAL|CYCLE_UP_DOWN|DUAL_BEACON|RAINBOW_BEACON|RAINBOW_MOVING_CHEVRON|SOLID_REACTIVE_SIMPLE
0x08010290,12,BAND_SPIRAL_VAL|CYCLE_ALL|CYCLE_LEFT_RIGHT|CYCLE_OUT_IN|CYCLE_OUT_IN_DUAL|CYCLE_PINWHEEL|CYCLE_SPIRAL|CYCLE_UP_DOWN|DUAL_BEACON|RAINBOW_BEACON|RAINBOW_MOVING_CHEVRON|SOLID_REACTIVE_SIMPLE,"ref1011_default,ref1011_feat",0x0800E33C,exact-ambiguous,1.000,identical body for: BAND_SPIRAL_VAL|CYCLE_ALL|CYCLE_LEFT_RIGHT|CYCLE_OUT_IN|CYCLE_OUT_IN_DUAL|CYCLE_PINWHEEL|CYCLE_SPIRAL|CYCLE_UP_DOWN|DUAL_BEACON|RAINBOW_BEACON|RAINBOW_MOVING_CHEVRON|SOLID_REACTIVE_SIMPLE
0x0801029C,12,BAND_SPIRAL_VAL|CYCLE_ALL|CYCLE_LEFT_RIGHT|CYCLE_OUT_IN|CYCLE_OUT_IN_DUAL|CYCLE_PINWHEEL|CYCLE_SPIRAL|CYCLE_UP_DOWN|DUAL_BEACON|RAINBOW_BEACON|RAINBOW_MOVING_CHEVRON|SOLID_REACTIVE_SIMPLE,"ref1011_default,ref1011_feat",0x0800E33C,exact-ambiguous,1.000,identical body for: BAND_SPIRAL_VAL|CYCLE_ALL|CYCLE_LEFT_RIGHT|CYCLE_OUT_IN|CYCLE_OUT_IN_DUAL|CYCLE_PINWHEEL|CYCLE_SPIRAL|CYCLE_UP_DOWN|DUAL_BEACON|RAINBOW_BEACON|RAINBOW_MOVING_CHEVRON|SOLID_REACTIVE_SIMPLE
0x08010360,12,BAND_SPIRAL_VAL|CYCLE_ALL|CYCLE_LEFT_RIGHT|CYCLE_OUT_IN|CYCLE_OUT_IN_DUAL|CYCLE_PINWHEEL|CYCLE_SPIRAL|CYCLE_UP_DOWN|DUAL_BEACON|RAINBOW_BEACON|RAINBOW_MOVING_CHEVRON|SOLID_REACTIVE_SIMPLE,"ref1011_default,ref1011_feat",0x0800E33C,exact-ambiguous,1.000,identical body for: BAND_SPIRAL_VAL|CYCLE_ALL|CYCLE_LEFT_RIGHT|CYCLE_OUT_IN|CYCLE_OUT_IN_DUAL|CYCLE_PINWHEEL|CYCLE_SPIRAL|CYCLE_UP_DOWN|DUAL_BEACON|RAINBOW_BEACON|RAINBOW_MOVING_CHEVRON|SOLID_REACTIVE_SIMPLE
0x0801036C,12,BAND_SPIRAL_VAL|CYCLE_ALL|CYCLE_LEFT_RIGHT|CYCLE_OUT_IN|CYCLE_OUT_IN_DUAL|CYCLE_PINWHEEL|CYCLE_SPIRAL|CYCLE_UP_DOWN|DUAL_BEACON|RAINBOW_BEACON|RAINBOW_MOVING_CHEVRON|SOLID_REACTIVE_SIMPLE,"ref1011_default,ref1011_feat",0x0800E33C,exact-ambiguous,1.000,identical body for: BAND_SPIRAL_VAL|CYCLE_ALL|CYCLE_LEFT_RIGHT|CYCLE_OUT_IN|CYCLE_OUT_IN_DUAL|CYCLE_PINWHEEL|CYCLE_SPIRAL|CYCLE_UP_DOWN|DUAL_BEACON|RAINBOW_BEACON|RAINBOW_MOVING_CHEVRON|SOLID_REACTIVE_SIMPLE
0x08010410,12,BAND_SPIRAL_VAL|CYCLE_ALL|CYCLE_LEFT_RIGHT|CYCLE_OUT_IN|CYCLE_OUT_IN_DUAL|CYCLE_PINWHEEL|CYCLE_SPIRAL|CYCLE_UP_DOWN|DUAL_BEACON|RAINBOW_BEACON|RAINBOW_MOVING_CHEVRON|SOLID_REACTIVE_SIMPLE,"ref1011_default,ref1011_feat",0x0800E33C,exact-ambiguous,1.000,identical body for: BAND_SPIRAL_VAL|CYCLE_ALL|CYCLE_LEFT_RIGHT|CYCLE_OUT_IN|CYCLE_OUT_IN_DUAL|CYCLE_PINWHEEL|CYCLE_SPIRAL|CYCLE_UP_DOWN|DUAL_BEACON|RAINBOW_BEACON|RAINBOW_MOVING_CHEVRON|SOLID_REACTIVE_SIMPLE
0x0801041C,12,BAND_SPIRAL_VAL|CYCLE_ALL|CYCLE_LEFT_RIGHT|CYCLE_OUT_IN|CYCLE_OUT_IN_DUAL|CYCLE_PINWHEEL|CYCLE_SPIRAL|CYCLE_UP_DOWN|DUAL_BEACON|RAINBOW_BEACON|RAINBOW_MOVING_CHEVRON|SOLID_REACTIVE_SIMPLE,"ref1011_default,ref1011_feat",0x0800E33C,exact-ambiguous,1.000,identical body for: BAND_SPIRAL_VAL|CYCLE_ALL|CYCLE_LEFT_RIGHT|CYCLE_OUT_IN|CYCLE_OUT_IN_DUAL|CYCLE_PINWHEEL|CYCLE_SPIRAL|CYCLE_UP_DOWN|DUAL_BEACON|RAINBOW_BEACON|RAINBOW_MOVING_CHEVRON|SOLID_REACTIVE_SIMPLE
0x08010428,12,BAND_SPIRAL_VAL|CYCLE_ALL|CYCLE_LEFT_RIGHT|CYCLE_OUT_IN|CYCLE_OUT_IN_DUAL|CYCLE_PINWHEEL|CYCLE_SPIRAL|CYCLE_UP_DOWN|DUAL_BEACON|RAINBOW_BEACON|RAINBOW_MOVING_CHEVRON|SOLID_REACTIVE_SIMPLE,"ref1011_default,ref1011_feat",0x0800E33C,exact-ambiguous,1.000,identical body for: BAND_SPIRAL_VAL|CYCLE_ALL|CYCLE_LEFT_RIGHT|CYCLE_OUT_IN|CYCLE_OUT_IN_DUAL|CYCLE_PINWHEEL|CYCLE_SPIRAL|CYCLE_UP_DOWN|DUAL_BEACON|RAINBOW_BEACON|RAINBOW_MOVING_CHEVRON|SOLID_REACTIVE_SIMPLE
0x08010434,12,BAND_SPIRAL_VAL|CYCLE_ALL|CYCLE_LEFT_RIGHT|CYCLE_OUT_IN|CYCLE_OUT_IN_DUAL|CYCLE_PINWHEEL|CYCLE_SPIRAL|CYCLE_UP_DOWN|DUAL_BEACON|RAINBOW_BEACON|RAINBOW_MOVING_CHEVRON|SOLID_REACTIVE_SIMPLE,"ref1011_default,ref1011_feat",0x0800E33C,exact-ambiguous,1.000,identical body for: BAND_SPIRAL_VAL|CYCLE_ALL|CYCLE_LEFT_RIGHT|CYCLE_OUT_IN|CYCLE_OUT_IN_DUAL|CYCLE_PINWHEEL|CYCLE_SPIRAL|CYCLE_UP_DOWN|DUAL_BEACON|RAINBOW_BEACON|RAINBOW_MOVING_CHEVRON|SOLID_REACTIVE_SIMPLE
0x08010500,12,BAND_SPIRAL_VAL|CYCLE_ALL|CYCLE_LEFT_RIGHT|CYCLE_OUT_IN|CYCLE_OUT_IN_DUAL|CYCLE_PINWHEEL|CYCLE_SPIRAL|CYCLE_UP_DOWN|DUAL_BEACON|RAINBOW_BEACON|RAINBOW_MOVING_CHEVRON|SOLID_REACTIVE_SIMPLE,"ref1011_default,ref1011_feat",0x0800E33C,exact-ambiguous,1.000,identical body for: BAND_SPIRAL_VAL|CYCLE_ALL|CYCLE_LEFT_RIGHT|CYCLE_OUT_IN|CYCLE_OUT_IN_DUAL|CYCLE_PINWHEEL|CYCLE_SPIRAL|CYCLE_UP_DOWN|DUAL_BEACON|RAINBOW_BEACON|RAINBOW_MOVING_CHEVRON|SOLID_REACTIVE_SIMPLE
0x0801050C,12,BAND_SPIRAL_VAL|CYCLE_ALL|CYCLE_LEFT_RIGHT|CYCLE_OUT_IN|CYCLE_OUT_IN_DUAL|CYCLE_PINWHEEL|CYCLE_SPIRAL|CYCLE_UP_DOWN|DUAL_BEACON|RAINBOW_BEACON|RAINBOW_MOVING_CHEVRON|SOLID_REACTIVE_SIMPLE,"ref1011_default,ref1011_feat",0x0800E33C,exact-ambiguous,1.000,identical body for: BAND_SPIRAL_VAL|CYCLE_ALL|CYCLE_LEFT_RIGHT|CYCLE_OUT_IN|CYCLE_OUT_IN_DUAL|CYCLE_PINWHEEL|CYCLE_SPIRAL|CYCLE_UP_DOWN|DUAL_BEACON|RAINBOW_BEACON|RAINBOW_MOVING_CHEVRON|SOLID_REACTIVE_SIMPLE
0x080105F8,12,BAND_SPIRAL_VAL|CYCLE_ALL|CYCLE_LEFT_RIGHT|CYCLE_OUT_IN|CYCLE_OUT_IN_DUAL|CYCLE_PINWHEEL|CYCLE_SPIRAL|CYCLE_UP_DOWN|DUAL_BEACON|RAINBOW_BEACON|RAINBOW_MOVING_CHEVRON|SOLID_REACTIVE_SIMPLE,"ref1011_default,ref1011_feat",0x0800E33C,exact-ambiguous,1.000,identical body for: BAND_SPIRAL_VAL|CYCLE_ALL|CYCLE_LEFT_RIGHT|CYCLE_OUT_IN|CYCLE_OUT_IN_DUAL|CYCLE_PINWHEEL|CYCLE_SPIRAL|CYCLE_UP_DOWN|DUAL_BEACON|RAINBOW_BEACON|RAINBOW_MOVING_CHEVRON|SOLID_REACTIVE_SIMPLE
0x08010730,16,SOLID_REACTIVE_MULTINEXUS|SOLID_REACTIVE_MULTIWIDE,"ref1011_default,ref1011_feat",0x0800E848,exact-ambiguous,1.000,identical body for: SOLID_REACTIVE_MULTINEXUS|SOLID_REACTIVE_MULTIWIDE
0x08010740,16,SOLID_REACTIVE_MULTINEXUS|SOLID_REACTIVE_MULTIWIDE,"ref1011_default,ref1011_feat",0x0800E848,exact-ambiguous,1.000,identical body for: SOLID_REACTIVE_MULTINEXUS|SOLID_REACTIVE_MULTIWIDE
0x08010750,28,SOLID_SPLASH|SPLASH,"ref1011_default,ref1011_feat",0x0800E868,exact-ambiguous,1.000,identical body for: SOLID_SPLASH|SPLASH
0x0801076C,28,SOLID_SPLASH|SPLASH,"ref1011_default,ref1011_feat",0x0800E868,exact-ambiguous,1.000,identical body for: SOLID_SPLASH|SPLASH
0x08010C4C,8,rgb_matrix_indicators_advanced_kb,"ref1011_default,ref1011_feat",0x0800ED94,exact-ambiguous,1.000,ambiguous body {bootmagic|default_layer_state_set_kb|dip_switch_update_mask_kb|host_keyboard_led_state|keyboard_pre_init_kb|layer_state_set_kb|matrix_init_kb|matrix_output_unselect_delay|matrix_scan_kb|notify_usb_device_state_change_kb|oneshot_layer_changed_kb|oneshot_locked_mods_changed_kb|oneshot_mods_changed_kb|post_process_record_kb|pre_process_record_kb|rgb_matrix_indicators_advanced_kb|should_process_keypress|shutdown_kb|suspend_power_down_kb|suspend_wakeup_init_kb} resolved by caller: bl(fuzzy-paired) from rgb_matrix_indicators_advanced@0x08010C54+0x12 ; same body also matches: bootmagic|default_layer_state_set_kb|dip_switch_update_mask_kb|host_keyboard_led_state|keyboard_pre_init_kb|layer_state_set_kb|matrix_init_kb|matrix_output_unselect_delay|matrix_scan_kb|notify_usb_device_state_change_kb|oneshot_layer_changed_kb|oneshot_locked_mods_changed_kb|oneshot_mods_changed_kb|post_process_record_kb|pre_process_record_kb|should_process_keypress|shutdown_kb|suspend_power_down_kb|suspend_wakeup_init_kb ; xrefs: rgb_matrix_indicators_advanced@0x08010C54(bl~)
0x08010C54,28,rgb_matrix_indicators_advanced,ref1011_feat,0x0800ED9C,fuzzy,0.900,
0x08010C70,100,rgb_matrix_init,"ref1011_default,ref1011_feat",0x0800EDB8,exact,1.000,xrefs: factory_test_task@0x0800CA84(bl) quantum_init@0x0800E776(b) set_transport@0x0800BA9C(bl~)
0x08010CD4,32,rgb_matrix_disable_noeeprom,"ref1011_default,ref1011_feat",0x0800EE1C,exact,1.000,xrefs: indicator_stop@0x0800B3C4(b) indicator_disable@0x0800B366(b)
0x08010CF4,16,rgb_matrix_is_enabled,"ref1011_default,ref1011_feat",0x0800EE3C,exact,1.000,xrefs: lpm_task@0x0800BDCC(bl) lpm_task@0x0800BDCC(bl) factory_test_task@0x0800CA84(bl) factory_test_task@0x0800CA84(bl) ...
0x08010D40,6,rgb_matrix_mode,"ref1011_default,ref1011_feat",0x0800EE8C,exact,1.000,tiny body placed (vote) ; xrefs: process_rgb@0x08011530(bl)
0x08010D64,6,rgb_matrix_step,"ref1011_default,ref1011_feat",0x0800EEB4,exact-ambiguous,1.000,tiny body placed (vote) ; ambiguous body {oneshot_enable|rgb_matrix_decrease_hue|rgb_matrix_decrease_sat|rgb_matrix_decrease_speed|rgb_matrix_decrease_val|rgb_matrix_increase_hue|rgb_matrix_increase_sat|rgb_matrix_increase_speed|rgb_matrix_increase_val|rgb_matrix_step|rgb_matrix_step_reverse|rgb_matrix_toggle} resolved by caller: fnptr lit in process_rgb@0x08011530+0x9C ; same body also matches: oneshot_enable|rgb_matrix_decrease_hue|rgb_matrix_decrease_sat|rgb_matrix_decrease_speed|rgb_matrix_decrease_val|rgb_matrix_increase_hue|rgb_matrix_increase_sat|rgb_matrix_increase_speed|rgb_matrix_increase_val|rgb_matrix_step_reverse|rgb_matrix_toggle ; xrefs: process_rgb@0x08011530(ptr)
0x08010D6C,32,rgb_matrix_step_reverse_helper,"ref1011_default,ref1011_feat",0x0800EEBC,exact,1.000,xrefs: rgb_matrix_step_reverse@0x08010D8C(b)
0x08010D8C,6,rgb_matrix_step_reverse,"ref1011_default,ref1011_feat",0x0800EEDC,exact-ambiguous,1.000,tiny body placed (vote) ; ambiguous body {oneshot_enable|rgb_matrix_decrease_hue|rgb_matrix_decrease_sat|rgb_matrix_decrease_speed|rgb_matrix_decrease_val|rgb_matrix_increase_hue|rgb_matrix_increase_sat|rgb_matrix_increase_speed|rgb_matrix_increase_val|rgb_matrix_step|rgb_matrix_step_reverse|rgb_matrix_toggle} resolved by caller: fnptr lit in process_rgb@0x08011530+0x98 ; same body also matches: oneshot_enable|rgb_matrix_decrease_hue|rgb_matrix_decrease_sat|rgb_matrix_decrease_speed|rgb_matrix_decrease_val|rgb_matrix_increase_hue|rgb_matrix_increase_sat|rgb_matrix_increase_speed|rgb_matrix_increase_val|rgb_matrix_step|rgb_matrix_toggle ; xrefs: process_rgb@0x08011530(ptr)
0x08010D94,36,rgb_matrix_sethsv_eeprom_helper,ref1011_feat,0x0800EEE4,fuzzy-anchored,0.800,call-anchored: bl from rgb_matrix_decrease_val_helper@0x08010F1C+0x16 ; xrefs: rgb_matrix_decrease_val_helper@0x08010F1C(bl) rgb_matrix_increase_hue_helper@0x08010DB8(b)
0x08010DB8,20,rgb_matrix_increase_hue_helper,"ref1011_default,ref1011_feat",0x0800EF04,exact,1.000,xrefs: rgb_matrix_increase_hue@0x08010DCC(b)
0x08010DCC,6,rgb_matrix_increase_hue,"ref1011_default,ref1011_feat",0x0800EF18,exact-ambiguous,1.000,tiny body placed (vote) ; ambiguous body {oneshot_enable|rgb_matrix_decrease_hue|rgb_matrix_decrease_sat|rgb_matrix_decrease_speed|rgb_matrix_decrease_val|rgb_matrix_increase_hue|rgb_matrix_increase_sat|rgb_matrix_increase_speed|rgb_matrix_increase_val|rgb_matrix_step|rgb_matrix_step_reverse|rgb_matrix_toggle} resolved by caller: fnptr lit in process_rgb@0x08011530+0xA4 ; same body also matches: oneshot_enable|rgb_matrix_decrease_hue|rgb_matrix_decrease_sat|rgb_matrix_decrease_speed|rgb_matrix_decrease_val|rgb_matrix_increase_sat|rgb_matrix_increase_speed|rgb_matrix_increase_val|rgb_matrix_step|rgb_matrix_step_reverse|rgb_matrix_toggle ; xrefs: process_rgb@0x08011530(ptr)
0x08010DF0,6,rgb_matrix_decrease_hue,"ref1011_default,ref1011_feat",0x0800EF3C,exact-ambiguous,1.000,tiny body placed (vote) ; ambiguous body {oneshot_enable|rgb_matrix_decrease_hue|rgb_matrix_decrease_sat|rgb_matrix_decrease_speed|rgb_matrix_decrease_val|rgb_matrix_increase_hue|rgb_matrix_increase_sat|rgb_matrix_increase_speed|rgb_matrix_increase_val|rgb_matrix_step|rgb_matrix_step_reverse|rgb_matrix_toggle} resolved by caller: fnptr lit in process_rgb@0x08011530+0xA0 ; same body also matches: oneshot_enable|rgb_matrix_decrease_sat|rgb_matrix_decrease_speed|rgb_matrix_decrease_val|rgb_matrix_increase_hue|rgb_matrix_increase_sat|rgb_matrix_increase_speed|rgb_matrix_increase_val|rgb_matrix_step|rgb_matrix_step_reverse|rgb_matrix_toggle ; xrefs: process_rgb@0x08011530(ptr)
0x08010DF8,36,rgb_matrix_increase_sat_helper,ref1011_feat,0x0800EF44,fuzzy-anchored,0.828,call-anchored: b.w from rgb_matrix_increase_sat@0x08010E1C+0x2 ; xrefs: rgb_matrix_increase_sat@0x08010E1C(b)
0x08010E1C,6,rgb_matrix_increase_sat,"ref1011_default,ref1011_feat",0x0800EF64,exact-ambiguous,1.000,tiny body placed (vote) ; ambiguous body {oneshot_enable|rgb_matrix_decrease_hue|rgb_matrix_decrease_sat|rgb_matrix_decrease_speed|rgb_matrix_decrease_val|rgb_matrix_increase_hue|rgb_matrix_increase_sat|rgb_matrix_increase_speed|rgb_matrix_increase_val|rgb_matrix_step|rgb_matrix_step_reverse|rgb_matrix_toggle} resolved by caller: fnptr lit in process_rgb@0x08011530+0xAC ; same body also matches: oneshot_enable|rgb_matrix_decrease_hue|rgb_matrix_decrease_sat|rgb_matrix_decrease_speed|rgb_matrix_decrease_val|rgb_matrix_increase_hue|rgb_matrix_increase_speed|rgb_matrix_increase_val|rgb_matrix_step|rgb_matrix_step_reverse|rgb_matrix_toggle ; xrefs: process_rgb@0x08011530(ptr)
0x08010E44,6,rgb_matrix_decrease_sat,"ref1011_default,ref1011_feat",0x0800EF8C,exact-ambiguous,1.000,tiny body placed (vote) ; ambiguous body {oneshot_enable|rgb_matrix_decrease_hue|rgb_matrix_decrease_sat|rgb_matrix_decrease_speed|rgb_matrix_decrease_val|rgb_matrix_increase_hue|rgb_matrix_increase_sat|rgb_matrix_increase_speed|rgb_matrix_increase_val|rgb_matrix_step|rgb_matrix_step_reverse|rgb_matrix_toggle} resolved by caller: fnptr lit in process_rgb@0x08011530+0xA8 ; same body also matches: oneshot_enable|rgb_matrix_decrease_hue|rgb_matrix_decrease_speed|rgb_matrix_decrease_val|rgb_matrix_increase_hue|rgb_matrix_increase_sat|rgb_matrix_increase_speed|rgb_matrix_increase_val|rgb_matrix_step|rgb_matrix_step_reverse|rgb_matrix_toggle ; xrefs: process_rgb@0x08011530(ptr)
0x08010E4C,48,rgb_matrix_increase_val_helper,ref1011_feat,0x0800EF94,fuzzy-anchored,0.842,call-anchored: bl from rgb_matrix_toggle_eeprom_helper@0x08010E7C+0x28 ; xrefs: rgb_matrix_toggle_eeprom_helper@0x08010E7C(bl) rgb_matrix_enable_noeeprom@0x08010EBC(bl) rgb_matrix_enable@0x08010EF0(bl) rgb_matrix_increase_val@0x08010F14(b)
0x08010E7C,56,rgb_matrix_toggle_eeprom_helper,"ref1011_default,ref1011_feat",0x0800EFC0,exact,1.000,xrefs: rgb_matrix_decrease_val_helper@0x08010F1C(b) rgb_matrix_toggle@0x08010EB4(b)
0x08010EB4,6,rgb_matrix_toggle,"ref1011_default,ref1011_feat",0x0800EFF8,exact-ambiguous,1.000,tiny body placed (vote) ; ambiguous body {oneshot_enable|rgb_matrix_decrease_hue|rgb_matrix_decrease_sat|rgb_matrix_decrease_speed|rgb_matrix_decrease_val|rgb_matrix_increase_hue|rgb_matrix_increase_sat|rgb_matrix_increase_speed|rgb_matrix_increase_val|rgb_matrix_step|rgb_matrix_step_reverse|rgb_matrix_toggle} resolved by caller: bl from process_rgb@0x08011530+0x36 ; same body also matches: oneshot_enable|rgb_matrix_decrease_hue|rgb_matrix_decrease_sat|rgb_matrix_decrease_speed|rgb_matrix_decrease_val|rgb_matrix_increase_hue|rgb_matrix_increase_sat|rgb_matrix_increase_speed|rgb_matrix_increase_val|rgb_matrix_step|rgb_matrix_step_reverse ; xrefs: process_rgb@0x08011530(bl)
0x08010EBC,52,rgb_matrix_enable_noeeprom,"ref1011_default,ref1011_feat",0x0800F000,exact,1.000,xrefs: rgb_matrix_enable@0x08010EF0(bl) indicator_enable@0x0800B354(b)
0x08010EF0,36,rgb_matrix_enable,"ref1011_default,ref1011_feat",0x0800F034,exact,1.000,xrefs: factory_test_task@0x0800CA84(bl) factory_test_task@0x0800CA84(bl)
0x08010F14,6,rgb_matrix_increase_val,"ref1011_default,ref1011_feat",0x0800F058,exact-ambiguous,1.000,tiny body placed (vote) ; ambiguous body {oneshot_enable|rgb_matrix_decrease_hue|rgb_matrix_decrease_sat|rgb_matrix_decrease_speed|rgb_matrix_decrease_val|rgb_matrix_increase_hue|rgb_matrix_increase_sat|rgb_matrix_increase_speed|rgb_matrix_increase_val|rgb_matrix_step|rgb_matrix_step_reverse|rgb_matrix_toggle} resolved by caller: fnptr lit in process_rgb@0x08011530+0xB4 ; same body also matches: oneshot_enable|rgb_matrix_decrease_hue|rgb_matrix_decrease_sat|rgb_matrix_decrease_speed|rgb_matrix_decrease_val|rgb_matrix_increase_hue|rgb_matrix_increase_sat|rgb_matrix_increase_speed|rgb_matrix_step|rgb_matrix_step_reverse|rgb_matrix_toggle ; xrefs: process_rgb@0x08011530(ptr)
0x08010F1C,56,rgb_matrix_decrease_val_helper,"ref1011_default,ref1011_feat",0x0800F060,exact,1.000,xrefs: rgb_matrix_decrease_val@0x08010F54(b)
0x08010F54,6,rgb_matrix_decrease_val,"ref1011_default,ref1011_feat",0x0800F098,exact-ambiguous,1.000,tiny body placed (vote) ; ambiguous body {oneshot_enable|rgb_matrix_decrease_hue|rgb_matrix_decrease_sat|rgb_matrix_decrease_speed|rgb_matrix_decrease_val|rgb_matrix_increase_hue|rgb_matrix_increase_sat|rgb_matrix_increase_speed|rgb_matrix_increase_val|rgb_matrix_step|rgb_matrix_step_reverse|rgb_matrix_toggle} resolved by caller: fnptr lit in process_rgb@0x08011530+0xB0 ; same body also matches: oneshot_enable|rgb_matrix_decrease_hue|rgb_matrix_decrease_sat|rgb_matrix_decrease_speed|rgb_matrix_increase_hue|rgb_matrix_increase_sat|rgb_matrix_increase_speed|rgb_matrix_increase_val|rgb_matrix_step|rgb_matrix_step_reverse|rgb_matrix_toggle ; xrefs: process_rgb@0x08011530(ptr)
0x08010F5C,24,rgb_matrix_increase_speed_helper,"ref1011_default,ref1011_feat",0x0800F0A0,exact,1.000,xrefs: rgb_matrix_increase_speed@0x08010F74(b)
0x08010F74,6,rgb_matrix_increase_speed,"ref1011_default,ref1011_feat",0x0800F0B8,exact-ambiguous,1.000,tiny body placed (vote) ; ambiguous body {oneshot_enable|rgb_matrix_decrease_hue|rgb_matrix_decrease_sat|rgb_matrix_decrease_speed|rgb_matrix_decrease_val|rgb_matrix_increase_hue|rgb_matrix_increase_sat|rgb_matrix_increase_speed|rgb_matrix_increase_val|rgb_matrix_step|rgb_matrix_step_reverse|rgb_matrix_toggle} resolved by caller: fnptr lit in process_rgb@0x08011530+0xBC ; same body also matches: oneshot_enable|rgb_matrix_decrease_hue|rgb_matrix_decrease_sat|rgb_matrix_decrease_speed|rgb_matrix_decrease_val|rgb_matrix_increase_hue|rgb_matrix_increase_sat|rgb_matrix_increase_val|rgb_matrix_step|rgb_matrix_step_reverse|rgb_matrix_toggle ; xrefs: process_rgb@0x08011530(ptr)
0x08010F7C,20,rgb_matrix_decrease_speed_helper,"ref1011_default,ref1011_feat",0x0800F0C0,exact,1.000,xrefs: rgb_matrix_decrease_speed@0x08010F90(b)
0x08010F90,6,rgb_matrix_decrease_speed,"ref1011_default,ref1011_feat",0x0800F0D4,exact-ambiguous,1.000,tiny body placed (vote) ; ambiguous body {oneshot_enable|rgb_matrix_decrease_hue|rgb_matrix_decrease_sat|rgb_matrix_decrease_speed|rgb_matrix_decrease_val|rgb_matrix_increase_hue|rgb_matrix_increase_sat|rgb_matrix_increase_speed|rgb_matrix_increase_val|rgb_matrix_step|rgb_matrix_step_reverse|rgb_matrix_toggle} resolved by caller: fnptr lit in process_rgb@0x08011530+0xB8 ; same body also matches: oneshot_enable|rgb_matrix_decrease_hue|rgb_matrix_decrease_sat|rgb_matrix_decrease_val|rgb_matrix_increase_hue|rgb_matrix_increase_sat|rgb_matrix_increase_speed|rgb_matrix_increase_val|rgb_matrix_step|rgb_matrix_step_reverse|rgb_matrix_toggle ; xrefs: process_rgb@0x08011530(ptr)
0x08010F98,12,rgb_matrix_disable_timeout_set,"ref1011_default,ref1011_feat",0x0800F0DC,exact-ambiguous,1.000,ambiguous body {host_set_driver|print_set_sendchar|rgb_matrix_disable_timeout_set} resolved by caller: bl(fuzzy-paired) from indicator_set@0x0800B6AC+0x80 ; same body also matches: host_set_driver|print_set_sendchar ; xrefs: indicator_set@0x0800B6AC(bl~) set_transport@0x0800BA9C(bl~)
0x08010FA4,12,rgb_matrix_disable_time_reset,"ref1011_default,ref1011_feat",0x0800F0E8,exact-ambiguous,1.000,ambiguous body {bootloader_marker_disable|rgb_matrix_disable_time_reset} resolved by caller: bl(fuzzy-paired) from indicator_set@0x0800B6AC+0x46 ; same body also matches: bootloader_marker_disable ; xrefs: indicator_set@0x0800B6AC(bl~)
0x08010FB0,28,rgb_matrix_timeouted,"ref1011_default,ref1011_feat",0x0800F0F4,exact,1.000,xrefs: led_update_kb@0x0800B91C(bl)
0x08010FCC,24,rgb_matrix_driver_shutdown,"ref1011_default,ref1011_feat",0x0800F110,exact,1.000,xrefs: led_update_kb@0x0800B91C(bl) rgb_task_flush@0x08011008(bl~)
0x08010FE4,24,rgb_matrix_driver_exit_shutdown,"ref1011_default,ref1011_feat",0x0800F128,exact,1.000,xrefs: led_update_kb@0x0800B91C(bl) rgb_task_flush@0x08011008(bl~)
0x08010FFC,12,rgb_matrix_is_driver_shutdown,"ref1011_default,ref1011_feat",0x0800F140,exact-ambiguous,1.000,ambiguous body {get_mods|get_oneshot_mods|get_transport|get_weak_mods|keyboard_leds|leader_sequence_active|rgb_matrix_is_driver_shutdown|wireless_get_state} resolved by caller: bl from lpm_task@0x0800BDCC+0x196 ; same body also matches: get_mods|get_oneshot_mods|get_transport|get_weak_mods|keyboard_leds|leader_sequence_active|wireless_get_state ; xrefs: lpm_task@0x0800BDCC(bl)
0x08011008,80,rgb_task_flush,ref1011_feat,0x0800F14C,fuzzy,0.938,xrefs: rgb_matrix_set_suspend_state@0x08011180(bl~)
0x08011058,296,rgb_matrix_task,ref1011_feat,0x0800F19C,fuzzy-anchored,0.821,call-anchored: bl from suspend_power_down_quantum@0x0800D45C+0x6 ; xrefs: suspend_power_down_quantum@0x0800D45C(bl) keyboard_task@0x0800E7B8(bl~)
0x08011180,32,rgb_matrix_set_suspend_state,ref1011_feat,0x0800F2C0,fuzzy-anchored,0.897,call-anchored: b.w from suspend_power_down_quantum@0x0800D45C+0x14 ; xrefs: suspend_power_down_quantum@0x0800D45C(b) suspend_wakeup_init_quantum@0x0800D474(bl)
0x080111A0,96,snled27351_write,ref1011_feat,0x0800F2E0,fuzzy,0.949,xrefs: snled27351_init@0x0801124C(bl~) snled27351_init@0x0801124C(bl~) snled27351_init@0x0801124C(bl~)
0x0801124C,236,snled27351_init,ref1011_feat,0x0800F388,fuzzy,0.978,xrefs: snled27351_init_drivers@0x080114B0(bl~) snled27351_init_drivers@0x080114B0(bl~)
0x08011338,64,snled27351_set_color,"ref1011_default,ref1011_feat",0x0800F470,exact,1.000,xrefs: snled27351_set_color_all@0x08011378(bl)
0x08011378,30,snled27351_set_color_all,"ref1011_default,ref1011_feat",0x0800F4B0,exact,1.000,
0x0801144C,38,snled27351_update_pwm_buffers,ref1011_feat,0x0800F578,fuzzy-anchored,0.516,call-anchored: bl from snled27351_flush@0x080114FC+0x4 ; xrefs: snled27351_flush@0x080114FC(bl) snled27351_flush@0x080114FC(b)
0x080114B0,76,snled27351_init_drivers,ref1011_feat,0x0800F5C8,fuzzy,0.897,
0x080114FC,18,snled27351_flush,"ref1011_default,ref1011_feat",0x0800F614,exact,1.000,
0x08011510,12,snled27351_shutdown,"ref1011_default,ref1011_feat",0x0800F628,exact,1.000,
0x0801151C,12,snled27351_exit_shutdown,"ref1011_default,ref1011_feat",0x0800F634,exact,1.000,
0x08011528,6,handleKeycodeRGB,"ref1011_default,ref1011_feat",0x0800F640,exact,1.000,tiny body placed (vote) ; xrefs: process_rgb@0x08011530(bl)
0x08011530,192,process_rgb,"ref1011_default,ref1011_feat",0x0800F648,exact,1.000,
0x080115F0,112,fnv_64a_buf,"ref1011_default,ref1011_feat",0x0800F708,exact,1.000,xrefs: wear_leveling_consolidate_force@0x0800F2E8(bl~)
0x08011660,8,encoder_wait_pullup_charge,"ref1011_default,ref1011_feat",0x0800F778,exact,1.000,xrefs: encoder_init@0x08011668(bl~)
0x08011668,104,encoder_init,ref1011_feat,0x0800F780,fuzzy-anchored,0.828,call-anchored: bl from keyboard_init@0x0800E788+0x6 ; xrefs: keyboard_init@0x0800E788(bl)
0x080116D0,372,encoder_read,ref1011_feat,0x0800F7E8,fuzzy,0.906,xrefs: keyboard_task@0x0800E7B8(bl~)
0x08011890,4,dip_switch_update_mask_user,"ref1011_default,ref1011_feat",0x0800F99C,exact-ambiguous,1.000,tiny body placed (adjacent) ; ambiguous body {_getpid|_isatty_r|dip_switch_update_mask_user|is_keyboard_master|led_update_user|matrix_can_read|pre_process_record_user|process_action_kb|process_record_keychron_kb|rgb_matrix_indicators_advanced_user|rgb_matrix_indicators_user|shutdown_user} resolved by caller: bl from dip_switch_update_mask_kb@0x08011894+0x2 ; same body also matches: _getpid|_isatty_r|is_keyboard_master|led_update_user|matrix_can_read|pre_process_record_user|process_action_kb|process_record_keychron_kb|rgb_matrix_indicators_advanced_user|rgb_matrix_indicators_user|shutdown_user ; xrefs: dip_switch_update_mask_kb@0x08011894(bl)
0x08011894,8,dip_switch_update_mask_kb,"ref1011_default,ref1011_feat",0x0800F9A0,exact-ambiguous,1.000,ambiguous body {bootmagic|default_layer_state_set_kb|dip_switch_update_mask_kb|host_keyboard_led_state|keyboard_pre_init_kb|layer_state_set_kb|matrix_init_kb|matrix_output_unselect_delay|matrix_scan_kb|notify_usb_device_state_change_kb|oneshot_layer_changed_kb|oneshot_locked_mods_changed_kb|oneshot_mods_changed_kb|post_process_record_kb|pre_process_record_kb|rgb_matrix_indicators_advanced_kb|should_process_keypress|shutdown_kb|suspend_power_down_kb|suspend_wakeup_init_kb} resolved by caller: bl(fuzzy-paired) from dip_switch_read@0x0801189C+0x26 ; same body also matches: bootmagic|default_layer_state_set_kb|host_keyboard_led_state|keyboard_pre_init_kb|layer_state_set_kb|matrix_init_kb|matrix_output_unselect_delay|matrix_scan_kb|notify_usb_device_state_change_kb|oneshot_layer_changed_kb|oneshot_locked_mods_changed_kb|oneshot_mods_changed_kb|post_process_record_kb|pre_process_record_kb|rgb_matrix_indicators_advanced_kb|should_process_keypress|shutdown_kb|suspend_power_down_kb|suspend_wakeup_init_kb ; xrefs: dip_switch_read@0x0801189C(bl~)
0x0801189C,60,dip_switch_read,ref1011_feat,0x0800F9A8,fuzzy-anchored,0.750,call-anchored: bl from lpm_task@0x0800BDCC+0x166 ; xrefs: lpm_task@0x0800BDCC(bl) dip_switch_init@0x080118D8(b) quantum_task@0x0800E7A4(b)
0x080118D8,28,dip_switch_init,"ref1011_default,ref1011_feat",0x0800F9E8,exact,1.000,xrefs: lpm_task@0x0800BDCC(bl) keyboard_init@0x0800E788(bl)
0x08011940,60,leader_start,ref1011_feat,0x0800FA9C,exact,1.000,
0x0801197C,20,leader_end,ref1011_feat,0x0800FAD8,exact,1.000,xrefs: leader_task@0x080119DC(b)
0x08011990,12,get_mods|get_oneshot_mods|get_transport|get_weak_mods|keyboard_leds|leader_sequence_active|rgb_matrix_is_driver_shutdown|wireless_get_state,"ref1011_default,ref1011_feat",0x08008AD4,exact-ambiguous,1.000,identical body for: get_mods|get_oneshot_mods|get_transport|get_weak_mods|keyboard_leds|leader_sequence_active|rgb_matrix_is_driver_shutdown|wireless_get_state
0x0801199C,36,leader_sequence_add,ref1011_feat,0x0800FAF8,exact,1.000,
0x080119C0,28,leader_sequence_timed_out,ref1011_feat,0x0800FB1C,fuzzy-anchored,0.818,call-anchored: bl from leader_task@0x080119DC+0x8 ; xrefs: leader_task@0x080119DC(bl)
0x080119DC,28,leader_task,ref1011_feat,0x0800FB38,exact,1.000,xrefs: quantum_task@0x0800E7A4(bl)
0x080119F8,16,default_layer_state_set|layer_state_set,"ref1011_default,ref1011_feat",0x0800BC7C,exact-ambiguous,1.000,identical body for: default_layer_state_set|layer_state_set
0x08011A08,52,leader_sequence_is,ref1011_feat,0x0800FB54,exact,1.000,xrefs: leader_sequence_two_keys@0x08011A50(bl~)
0x08011A50,18,leader_sequence_two_keys,ref1011_feat,0x0800FB9A,fuzzy,0.857,
0x08011B84,196,mousekey_on,ref1011_feat,0x0800FE68,fuzzy-anchored,0.711,call-anchored: bl from register_code@0x0800D570+0x7E ; xrefs: register_code@0x0800D570(bl) usb_remote_wakeup@0x0800BBC0(bl) usb_remote_wakeup@0x0800BBC0(bl) register_mouse@0x0800D55A(bl)
0x08011C48,256,mousekey_off,ref1011_feat,0x0800FF2C,fuzzy-anchored,0.735,call-anchored: bl from unregister_code@0x0800D600+0x64 ; xrefs: unregister_code@0x0800D600(bl) usb_remote_wakeup@0x0800BBC0(bl) register_mouse@0x0800D55A(bl)
0x08011D68,56,mousekey_send,ref1011_feat,0x08010044,fuzzy-anchored,0.652,call-anchored: b.w from register_code@0x0800D570+0x86 ; xrefs: register_code@0x0800D570(b) unregister_code@0x0800D600(b) usb_remote_wakeup@0x0800BBC0(bl) usb_remote_wakeup@0x0800BBC0(bl) ...
0x08011DA0,44,mousekey_clear,"ref1011_default,ref1011_feat",0x08010080,exact,1.000,xrefs: suspend_wakeup_init@0x080124B0(bl) clear_keyboard_but_mods_and_keys@0x0800DB14(bl)
0x08011DF0,412,mousekey_task,ref1011_feat,0x080100D0,fuzzy,0.864,xrefs: keyboard_task@0x0800E7B8(bl~)
0x08011F8C,6,_process_tap_dance_action_fn,ref1011_feat,0x08010498,exact,1.000,tiny body placed (vote) ; xrefs: process_tap_dance@0x08012040(bl) process_tap_dance@0x08012040(bl) process_tap_dance_action_on_dance_finished@0x08011FB8(bl) process_tap_dance_action_on_reset@0x08011F92(bl)
0x08011F92,36,process_tap_dance_action_on_reset,ref1011_feat,0x0801049E,exact,1.000,xrefs: process_tap_dance@0x08012040(bl) process_tap_dance_action_on_dance_finished@0x08011FB8(b)
0x08011FB8,72,process_tap_dance_action_on_dance_finished,ref1011_feat,0x080104C4,exact,1.000,xrefs: preprocess_tap_dance@0x08012000(bl~)
0x08012000,64,preprocess_tap_dance,ref1011_feat,0x0801050C,fuzzy,0.926,
0x08012040,144,process_tap_dance,ref1011_feat,0x0801054C,exact,1.000,
0x080120D0,68,tap_dance_task,ref1011_feat,0x080105DC,fuzzy-anchored,0.510,call-anchored: bl from quantum_task@0x0800E7A4+0x2 ; xrefs: quantum_task@0x0800E7A4(bl)
0x08012120,12,host_set_driver,"ref1011_default,ref1011_feat",0x08010618,exact-ambiguous,1.000,ambiguous body {host_set_driver|print_set_sendchar|rgb_matrix_disable_timeout_set} resolved by caller: bl from bt_transport_enable@0x0800B990+0xA ; same body also matches: print_set_sendchar|rgb_matrix_disable_timeout_set ; xrefs: bt_transport_enable@0x0800B990(bl) p24g_transport_enable@0x0800B9F8(bl) protocol_post_init@0x08012C98(b)
0x0801212C,12,host_get_driver,"ref1011_default,ref1011_feat",0x08010624,exact,1.000,xrefs: usb_transport_enable@0x0800BA60(bl~)
0x08012138,16,host_keyboard_leds,"ref1011_default,ref1011_feat",0x08010630,exact,1.000,xrefs: led_task@0x0800D4E0(bl) led_wakeup@0x0800D4D4(bl) host_keyboard_led_state@0x08012148(bl)
0x08012148,8,host_keyboard_led_state,"ref1011_default,ref1011_feat",0x08010640,exact-ambiguous,1.000,ambiguous body {bootmagic|default_layer_state_set_kb|dip_switch_update_mask_kb|host_keyboard_led_state|keyboard_pre_init_kb|layer_state_set_kb|matrix_init_kb|matrix_output_unselect_delay|matrix_scan_kb|notify_usb_device_state_change_kb|oneshot_layer_changed_kb|oneshot_locked_mods_changed_kb|oneshot_mods_changed_kb|post_process_record_kb|pre_process_record_kb|rgb_matrix_indicators_advanced_kb|should_process_keypress|shutdown_kb|suspend_power_down_kb|suspend_wakeup_init_kb} resolved by caller: bl from os_state_indicate@0x0800B494+0x12 ; same body also matches: bootmagic|default_layer_state_set_kb|dip_switch_update_mask_kb|keyboard_pre_init_kb|layer_state_set_kb|matrix_init_kb|matrix_output_unselect_delay|matrix_scan_kb|notify_usb_device_state_change_kb|oneshot_layer_changed_kb|oneshot_locked_mods_changed_kb|oneshot_mods_changed_kb|post_process_record_kb|pre_process_record_kb|rgb_matrix_indicators_advanced_kb|should_process_keypress|shutdown_kb|suspend_power_down_kb|suspend_wakeup_init_kb ; xrefs: os_state_indicate@0x0800B494(bl) rgb_matrix_driver_allow_shutdown@0x0800B81C(bl)
0x08012150,16,host_keyboard_send,"ref1011_default,ref1011_feat",0x08010648,exact,1.000,xrefs: send_6kro_report@0x0800E46C(b)
0x08012160,20,host_nkro_send,ref1011_feat,0x08010658,fuzzy-anchored,0.857,call-anchored: b.w from send_nkro_report@0x0800E4A4+0x2A ; xrefs: send_nkro_report@0x0800E4A4(b)
0x08012174,20,host_mouse_send,ref1011_feat,0x0801066C,fuzzy,1.000,
0x08012188,48,host_system_send,"ref1011_default,ref1011_feat",0x08010680,exact,1.000,xrefs: register_code@0x0800D570(b) unregister_code@0x0800D600(b) suspend_wakeup_init@0x080124B0(bl) clear_keyboard_but_mods_and_keys@0x0800DB14(bl)
0x080121B8,48,host_consumer_send,"ref1011_default,ref1011_feat",0x080106B0,exact,1.000,xrefs: register_code@0x0800D570(b) unregister_code@0x0800D600(b) suspend_wakeup_init@0x080124B0(bl) clear_keyboard_but_mods_and_keys@0x0800DB14(bl)
0x0801229C,44,add_key_byte,"ref1011_default,ref1011_feat",0x08010790,exact,1.000,xrefs: add_key_to_report@0x0801231C(b)
0x080122C8,24,del_key_byte,"ref1011_default,ref1011_feat",0x080107BC,exact,1.000,xrefs: del_key_from_report@0x08012350(b)
0x080122E0,26,add_key_bit,ref1011_feat,0x080107D4,fuzzy-anchored,0.636,call-anchored: b.w from add_key_to_report@0x0801231C+0x16 ; xrefs: add_key_to_report@0x0801231C(b)
0x080122FA,34,del_key_bit,ref1011_feat,0x080107EC,fuzzy-anchored,0.923,call-anchored: b.w from del_key_from_report@0x08012350+0x16 ; xrefs: del_key_from_report@0x08012350(b)
0x0801231C,52,add_key_to_report,"ref1011_default,ref1011_feat",0x0801080C,exact-ambiguous,1.000,ambiguous body {add_key_to_report|del_key_from_report} resolved by caller: bl from register_code@0x0800D570+0x22 ; same body also matches: del_key_from_report ; xrefs: register_code@0x0800D570(bl)
0x08012350,52,del_key_from_report,"ref1011_default,ref1011_feat",0x08010840,exact-ambiguous,1.000,ambiguous body {add_key_to_report|del_key_from_report} resolved by caller: bl from register_code@0x0800D570+0x18 ; same body also matches: add_key_to_report ; xrefs: register_code@0x0800D570(bl) unregister_code@0x0800D600(bl)
0x08012384,56,clear_keys_from_report,"ref1011_default,ref1011_feat",0x08010874,exact,1.000,xrefs: suspend_wakeup_init@0x080124B0(bl) clear_keyboard_but_mods@0x0800DB36(bl)
0x080123BC,72,has_mouse_report_changed,"ref1011_default,ref1011_feat",0x080108AC,exact,1.000,xrefs: mousekey_task@0x08011DF0(bl~)
0x08012404,2,notify_usb_device_state_change_user,"ref1011_default,ref1011_feat",0x080108F4,exact-ambiguous,1.000,tiny body placed (vote) ; ambiguous body {__aeabi_idiv0|__aeabi_ldiv0|__chibios_override_boardInit|__cpu_init|__late_init|__malloc_lock|__malloc_unlock|_fini|battery_stop|board_init|default_layer_debug|default_layer_state_set_user|dummy_cb|early_hardware_init_post|housekeeping_task_user|keyboard_post_init_user|keyboard_pre_init_user|layer_debug|layer_state_set_user|leader_start_user|led_init_ports|led_set_user|led_update_ports|matrix_init_user|matrix_power_down|matrix_power_up|matrix_print|matrix_scan_user|matrix_setup|notify_usb_device_state_change_user|oneshot_layer_changed_user|oneshot_locked_mods_changed_user|oneshot_mods_changed_user|post_process_record_user|rgb_matrix_none_indicators_user|suspend_power_down_user|suspend_wakeup_init_user|td0_reset|wireless_enter_bluetooth_pin_code_entry_kb|wireless_enter_connected_kb|wireless_enter_discoverable_kb|wireless_enter_reconnecting_kb|wireless_enter_sleep_kb|wireless_exit_bluetooth_pin_code_entry_kb|wireless_post_task} resolved by caller: bl from notify_usb_device_state_change_kb@0x08012406+0x2 ; same body also matches: __aeabi_idiv0|__aeabi_ldiv0|__chibios_override_boardInit|__cpu_init|__late_init|__malloc_lock|__malloc_unlock|_fini|battery_stop|board_init|default_layer_debug|default_layer_state_set_user|dummy_cb|early_hardware_init_post|housekeeping_task_user|keyboard_post_init_user|keyboard_pre_init_user|layer_debug|layer_state_set_user|leader_start_user|led_init_ports|led_set_user|led_update_ports|matrix_init_user|matrix_power_down|matrix_power_up|matrix_print|matrix_scan_user|matrix_setup|oneshot_layer_changed_user|oneshot_locked_mods_changed_user|oneshot_mods_changed_user|post_process_record_user|rgb_matrix_none_indicators_user|suspend_power_down_user|suspend_wakeup_init_user|td0_reset|wireless_enter_bluetooth_pin_code_entry_kb|wireless_enter_connected_kb|wireless_enter_discoverable_kb|wireless_enter_reconnecting_kb|wireless_enter_sleep_kb|wireless_exit_bluetooth_pin_code_entry_kb|wireless_post_task ; xrefs: notify_usb_device_state_change_kb@0x08012406(bl)
0x08012406,8,notify_usb_device_state_change_kb,"ref1011_default,ref1011_feat",0x080108F6,exact-ambiguous,1.000,ambiguous body {bootmagic|default_layer_state_set_kb|dip_switch_update_mask_kb|host_keyboard_led_state|keyboard_pre_init_kb|layer_state_set_kb|matrix_init_kb|matrix_output_unselect_delay|matrix_scan_kb|notify_usb_device_state_change_kb|oneshot_layer_changed_kb|oneshot_locked_mods_changed_kb|oneshot_mods_changed_kb|post_process_record_kb|pre_process_record_kb|rgb_matrix_indicators_advanced_kb|should_process_keypress|shutdown_kb|suspend_power_down_kb|suspend_wakeup_init_kb} resolved by caller: bl from usb_device_state_set_configuration@0x08012410+0xA ; same body also matches: bootmagic|default_layer_state_set_kb|dip_switch_update_mask_kb|host_keyboard_led_state|keyboard_pre_init_kb|layer_state_set_kb|matrix_init_kb|matrix_output_unselect_delay|matrix_scan_kb|oneshot_layer_changed_kb|oneshot_locked_mods_changed_kb|oneshot_mods_changed_kb|post_process_record_kb|pre_process_record_kb|rgb_matrix_indicators_advanced_kb|should_process_keypress|shutdown_kb|suspend_power_down_kb|suspend_wakeup_init_kb ; xrefs: usb_device_state_set_configuration@0x08012410(bl) usb_device_state_set_suspend@0x08012424(bl) usb_device_state_set_reset@0x0801243C(bl)
0x08012410,20,usb_device_state_set_configuration,"ref1011_default,ref1011_feat",0x08010900,exact,1.000,xrefs: usb_event_queue_task@0x08012A98(bl~) usb_device_state_set_resume@0x08012438(b)
0x08012424,20,usb_device_state_set_suspend,"ref1011_default,ref1011_feat",0x08010914,exact,1.000,xrefs: usb_event_queue_task@0x08012A98(bl~)
0x08012438,4,usb_device_state_set_resume,"ref1011_default,ref1011_feat",0x08010928,exact-ambiguous,1.000,tiny body placed (adjacent-both) ; ambiguous body {_getpid_r|bootmagic_lite_reset_eeprom|chSchReadyI|chSysTimerHandlerI|default_layer_set|early_hardware_init_pre|eeconfig_init|eeprom_driver_erase|eeprom_driver_init|eflInit|housekeeping_task_kb|indicator_disable|itoa|keycode_at_encodermap_location|keycode_at_keymap_location|process_record_user|protocol_pre_task|protocol_setup|rtcGetTime|rtcInit|rtcSetTime|rtc_timer_init|spiInit|stInit|timer_init|usbInit|usb_device_state_init|usb_device_state_set_resume|wireless_enter_reset_kb} resolved by caller: bl(fuzzy-paired) from usb_event_queue_task@0x08012A98+0x46 ; same body also matches: _getpid_r|bootmagic_lite_reset_eeprom|chSchReadyI|chSysTimerHandlerI|default_layer_set|early_hardware_init_pre|eeconfig_init|eeprom_driver_erase|eeprom_driver_init|eflInit|housekeeping_task_kb|indicator_disable|itoa|keycode_at_encodermap_location|keycode_at_keymap_location|process_record_user|protocol_pre_task|protocol_setup|rtcGetTime|rtcInit|rtcSetTime|rtc_timer_init|spiInit|stInit|timer_init|usbInit|usb_device_state_init|wireless_enter_reset_kb ; xrefs: usb_event_queue_task@0x08012A98(bl~)
0x0801243C,20,usb_device_state_set_reset,"ref1011_default,ref1011_feat",0x0801092C,exact,1.000,xrefs: usb_device_state_init@0x08012450(b) usb_event_queue_task@0x08012A98(bl~)
0x08012450,4,usb_device_state_init,"ref1011_default,ref1011_feat",0x08010940,exact-ambiguous,1.000,tiny body placed (adjacent) ; ambiguous body {_getpid_r|bootmagic_lite_reset_eeprom|chSchReadyI|chSysTimerHandlerI|default_layer_set|early_hardware_init_pre|eeconfig_init|eeprom_driver_erase|eeprom_driver_init|eflInit|housekeeping_task_kb|indicator_disable|itoa|keycode_at_encodermap_location|keycode_at_keymap_location|process_record_user|protocol_pre_task|protocol_setup|rtcGetTime|rtcInit|rtcSetTime|rtc_timer_init|spiInit|stInit|timer_init|usbInit|usb_device_state_init|usb_device_state_set_resume|wireless_enter_reset_kb} resolved by caller: b.w from protocol_setup@0x08012C68+0x0 ; same body also matches: _getpid_r|bootmagic_lite_reset_eeprom|chSchReadyI|chSysTimerHandlerI|default_layer_set|early_hardware_init_pre|eeconfig_init|eeprom_driver_erase|eeprom_driver_init|eflInit|housekeeping_task_kb|indicator_disable|itoa|keycode_at_encodermap_location|keycode_at_keymap_location|process_record_user|protocol_pre_task|protocol_setup|rtcGetTime|rtcInit|rtcSetTime|rtc_timer_init|spiInit|stInit|timer_init|usbInit|usb_device_state_set_resume|wireless_enter_reset_kb ; xrefs: protocol_setup@0x08012C68(b)
0x08012454,2,matrix_power_up,"ref1011_default,ref1011_feat",0x08010944,exact-ambiguous,1.000,tiny body placed (vote) ; ambiguous body {__aeabi_idiv0|__aeabi_ldiv0|__chibios_override_boardInit|__cpu_init|__late_init|__malloc_lock|__malloc_unlock|_fini|battery_stop|board_init|default_layer_debug|default_layer_state_set_user|dummy_cb|early_hardware_init_post|housekeeping_task_user|keyboard_post_init_user|keyboard_pre_init_user|layer_debug|layer_state_set_user|leader_start_user|led_init_ports|led_set_user|led_update_ports|matrix_init_user|matrix_power_down|matrix_power_up|matrix_print|matrix_scan_user|matrix_setup|notify_usb_device_state_change_user|oneshot_layer_changed_user|oneshot_locked_mods_changed_user|oneshot_mods_changed_user|post_process_record_user|rgb_matrix_none_indicators_user|suspend_power_down_user|suspend_wakeup_init_user|td0_reset|wireless_enter_bluetooth_pin_code_entry_kb|wireless_enter_connected_kb|wireless_enter_discoverable_kb|wireless_enter_reconnecting_kb|wireless_enter_sleep_kb|wireless_exit_bluetooth_pin_code_entry_kb|wireless_post_task} resolved by caller: bl from suspend_wakeup_condition@0x0801246C+0x2 ; same body also matches: __aeabi_idiv0|__aeabi_ldiv0|__chibios_override_boardInit|__cpu_init|__late_init|__malloc_lock|__malloc_unlock|_fini|battery_stop|board_init|default_layer_debug|default_layer_state_set_user|dummy_cb|early_hardware_init_post|housekeeping_task_user|keyboard_post_init_user|keyboard_pre_init_user|layer_debug|layer_state_set_user|leader_start_user|led_init_ports|led_set_user|led_update_ports|matrix_init_user|matrix_power_down|matrix_print|matrix_scan_user|matrix_setup|notify_usb_device_state_change_user|oneshot_layer_changed_user|oneshot_locked_mods_changed_user|oneshot_mods_changed_user|post_process_record_user|rgb_matrix_none_indicators_user|suspend_power_down_user|suspend_wakeup_init_user|td0_reset|wireless_enter_bluetooth_pin_code_entry_kb|wireless_enter_connected_kb|wireless_enter_discoverable_kb|wireless_enter_reconnecting_kb|wireless_enter_sleep_kb|wireless_exit_bluetooth_pin_code_entry_kb|wireless_post_task ; xrefs: suspend_wakeup_condition@0x0801246C(bl)
0x08012456,2,matrix_power_down,"ref1011_default,ref1011_feat",0x08010946,exact-ambiguous,1.000,tiny body placed (vote) ; ambiguous body {__aeabi_idiv0|__aeabi_ldiv0|__chibios_override_boardInit|__cpu_init|__late_init|__malloc_lock|__malloc_unlock|_fini|battery_stop|board_init|default_layer_debug|default_layer_state_set_user|dummy_cb|early_hardware_init_post|housekeeping_task_user|keyboard_post_init_user|keyboard_pre_init_user|layer_debug|layer_state_set_user|leader_start_user|led_init_ports|led_set_user|led_update_ports|matrix_init_user|matrix_power_down|matrix_power_up|matrix_print|matrix_scan_user|matrix_setup|notify_usb_device_state_change_user|oneshot_layer_changed_user|oneshot_locked_mods_changed_user|oneshot_mods_changed_user|post_process_record_user|rgb_matrix_none_indicators_user|suspend_power_down_user|suspend_wakeup_init_user|td0_reset|wireless_enter_bluetooth_pin_code_entry_kb|wireless_enter_connected_kb|wireless_enter_discoverable_kb|wireless_enter_reconnecting_kb|wireless_enter_sleep_kb|wireless_exit_bluetooth_pin_code_entry_kb|wireless_post_task} resolved by caller: bl from suspend_wakeup_condition@0x0801246C+0xA ; same body also matches: __aeabi_idiv0|__aeabi_ldiv0|__chibios_override_boardInit|__cpu_init|__late_init|__malloc_lock|__malloc_unlock|_fini|battery_stop|board_init|default_layer_debug|default_layer_state_set_user|dummy_cb|early_hardware_init_post|housekeeping_task_user|keyboard_post_init_user|keyboard_pre_init_user|layer_debug|layer_state_set_user|leader_start_user|led_init_ports|led_set_user|led_update_ports|matrix_init_user|matrix_power_up|matrix_print|matrix_scan_user|matrix_setup|notify_usb_device_state_change_user|oneshot_layer_changed_user|oneshot_locked_mods_changed_user|oneshot_mods_changed_user|post_process_record_user|rgb_matrix_none_indicators_user|suspend_power_down_user|suspend_wakeup_init_user|td0_reset|wireless_enter_bluetooth_pin_code_entry_kb|wireless_enter_connected_kb|wireless_enter_discoverable_kb|wireless_enter_reconnecting_kb|wireless_enter_sleep_kb|wireless_exit_bluetooth_pin_code_entry_kb|wireless_post_task ; xrefs: suspend_wakeup_condition@0x0801246C(bl)
0x08012458,2,suspend_power_down_user,"ref1011_default,ref1011_feat",0x08010948,exact-ambiguous,1.000,tiny body placed (vote) ; ambiguous body {__aeabi_idiv0|__aeabi_ldiv0|__chibios_override_boardInit|__cpu_init|__late_init|__malloc_lock|__malloc_unlock|_fini|battery_stop|board_init|default_layer_debug|default_layer_state_set_user|dummy_cb|early_hardware_init_post|housekeeping_task_user|keyboard_post_init_user|keyboard_pre_init_user|layer_debug|layer_state_set_user|leader_start_user|led_init_ports|led_set_user|led_update_ports|matrix_init_user|matrix_power_down|matrix_power_up|matrix_print|matrix_scan_user|matrix_setup|notify_usb_device_state_change_user|oneshot_layer_changed_user|oneshot_locked_mods_changed_user|oneshot_mods_changed_user|post_process_record_user|rgb_matrix_none_indicators_user|suspend_power_down_user|suspend_wakeup_init_user|td0_reset|wireless_enter_bluetooth_pin_code_entry_kb|wireless_enter_connected_kb|wireless_enter_discoverable_kb|wireless_enter_reconnecting_kb|wireless_enter_sleep_kb|wireless_exit_bluetooth_pin_code_entry_kb|wireless_post_task} resolved by caller: bl from suspend_power_down_kb@0x0801245A+0x2 ; same body also matches: __aeabi_idiv0|__aeabi_ldiv0|__chibios_override_boardInit|__cpu_init|__late_init|__malloc_lock|__malloc_unlock|_fini|battery_stop|board_init|default_layer_debug|default_layer_state_set_user|dummy_cb|early_hardware_init_post|housekeeping_task_user|keyboard_post_init_user|keyboard_pre_init_user|layer_debug|layer_state_set_user|leader_start_user|led_init_ports|led_set_user|led_update_ports|matrix_init_user|matrix_power_down|matrix_power_up|matrix_print|matrix_scan_user|matrix_setup|notify_usb_device_state_change_user|oneshot_layer_changed_user|oneshot_locked_mods_changed_user|oneshot_mods_changed_user|post_process_record_user|rgb_matrix_none_indicators_user|suspend_wakeup_init_user|td0_reset|wireless_enter_bluetooth_pin_code_entry_kb|wireless_enter_connected_kb|wireless_enter_discoverable_kb|wireless_enter_reconnecting_kb|wireless_enter_sleep_kb|wireless_exit_bluetooth_pin_code_entry_kb|wireless_post_task ; xrefs: suspend_power_down_kb@0x0801245A(bl)
0x0801245A,8,suspend_power_down_kb,"ref1011_default,ref1011_feat",0x0801094A,exact-ambiguous,1.000,ambiguous body {bootmagic|default_layer_state_set_kb|dip_switch_update_mask_kb|host_keyboard_led_state|keyboard_pre_init_kb|layer_state_set_kb|matrix_init_kb|matrix_output_unselect_delay|matrix_scan_kb|notify_usb_device_state_change_kb|oneshot_layer_changed_kb|oneshot_locked_mods_changed_kb|oneshot_mods_changed_kb|post_process_record_kb|pre_process_record_kb|rgb_matrix_indicators_advanced_kb|should_process_keypress|shutdown_kb|suspend_power_down_kb|suspend_wakeup_init_kb} resolved by caller: bl from suspend_power_down_quantum@0x0800D45C+0x2 ; same body also matches: bootmagic|default_layer_state_set_kb|dip_switch_update_mask_kb|host_keyboard_led_state|keyboard_pre_init_kb|layer_state_set_kb|matrix_init_kb|matrix_output_unselect_delay|matrix_scan_kb|notify_usb_device_state_change_kb|oneshot_layer_changed_kb|oneshot_locked_mods_changed_kb|oneshot_mods_changed_kb|post_process_record_kb|pre_process_record_kb|rgb_matrix_indicators_advanced_kb|should_process_keypress|shutdown_kb|suspend_wakeup_init_kb ; xrefs: suspend_power_down_quantum@0x0800D45C(bl)
0x08012462,2,suspend_wakeup_init_user,"ref1011_default,ref1011_feat",0x08010952,exact-ambiguous,1.000,tiny body placed (vote) ; ambiguous body {__aeabi_idiv0|__aeabi_ldiv0|__chibios_override_boardInit|__cpu_init|__late_init|__malloc_lock|__malloc_unlock|_fini|battery_stop|board_init|default_layer_debug|default_layer_state_set_user|dummy_cb|early_hardware_init_post|housekeeping_task_user|keyboard_post_init_user|keyboard_pre_init_user|layer_debug|layer_state_set_user|leader_start_user|led_init_ports|led_set_user|led_update_ports|matrix_init_user|matrix_power_down|matrix_power_up|matrix_print|matrix_scan_user|matrix_setup|notify_usb_device_state_change_user|oneshot_layer_changed_user|oneshot_locked_mods_changed_user|oneshot_mods_changed_user|post_process_record_user|rgb_matrix_none_indicators_user|suspend_power_down_user|suspend_wakeup_init_user|td0_reset|wireless_enter_bluetooth_pin_code_entry_kb|wireless_enter_connected_kb|wireless_enter_discoverable_kb|wireless_enter_reconnecting_kb|wireless_enter_sleep_kb|wireless_exit_bluetooth_pin_code_entry_kb|wireless_post_task} resolved by caller: bl from suspend_wakeup_init_kb@0x08012464+0x2 ; same body also matches: __aeabi_idiv0|__aeabi_ldiv0|__chibios_override_boardInit|__cpu_init|__late_init|__malloc_lock|__malloc_unlock|_fini|battery_stop|board_init|default_layer_debug|default_layer_state_set_user|dummy_cb|early_hardware_init_post|housekeeping_task_user|keyboard_post_init_user|keyboard_pre_init_user|layer_debug|layer_state_set_user|leader_start_user|led_init_ports|led_set_user|led_update_ports|matrix_init_user|matrix_power_down|matrix_power_up|matrix_print|matrix_scan_user|matrix_setup|notify_usb_device_state_change_user|oneshot_layer_changed_user|oneshot_locked_mods_changed_user|oneshot_mods_changed_user|post_process_record_user|rgb_matrix_none_indicators_user|suspend_power_down_user|td0_reset|wireless_enter_bluetooth_pin_code_entry_kb|wireless_enter_connected_kb|wireless_enter_discoverable_kb|wireless_enter_reconnecting_kb|wireless_enter_sleep_kb|wireless_exit_bluetooth_pin_code_entry_kb|wireless_post_task ; xrefs: suspend_wakeup_init_kb@0x08012464(bl)
0x08012464,8,suspend_wakeup_init_kb,"ref1011_default,ref1011_feat",0x08010954,exact-ambiguous,1.000,ambiguous body {bootmagic|default_layer_state_set_kb|dip_switch_update_mask_kb|host_keyboard_led_state|keyboard_pre_init_kb|layer_state_set_kb|matrix_init_kb|matrix_output_unselect_delay|matrix_scan_kb|notify_usb_device_state_change_kb|oneshot_layer_changed_kb|oneshot_locked_mods_changed_kb|oneshot_mods_changed_kb|post_process_record_kb|pre_process_record_kb|rgb_matrix_indicators_advanced_kb|should_process_keypress|shutdown_kb|suspend_power_down_kb|suspend_wakeup_init_kb} resolved by caller: b.w from suspend_wakeup_init_quantum@0x0800D474+0x10 ; same body also matches: bootmagic|default_layer_state_set_kb|dip_switch_update_mask_kb|host_keyboard_led_state|keyboard_pre_init_kb|layer_state_set_kb|matrix_init_kb|matrix_output_unselect_delay|matrix_scan_kb|notify_usb_device_state_change_kb|oneshot_layer_changed_kb|oneshot_locked_mods_changed_kb|oneshot_mods_changed_kb|post_process_record_kb|pre_process_record_kb|rgb_matrix_indicators_advanced_kb|should_process_keypress|shutdown_kb|suspend_power_down_kb ; xrefs: suspend_wakeup_init_quantum@0x0800D474(b)
0x0801246C,36,suspend_wakeup_condition,"ref1011_default,ref1011_feat",0x0801095C,exact,1.000,xrefs: usb_remote_wakeup@0x0800BBC0(bl)
0x08012490,14,platform_setup,"ref1011_default,ref1011_feat",0x08010980,exact-ambiguous,1.000,ambiguous body {VectorB0|chThdCreateI|clear_keyboard|clear_keyboard_but_mods|platform_setup|protocol_post_task} resolved by caller: bl from main@0x0800F084+0x2 ; same body also matches: VectorB0|chThdCreateI|clear_keyboard|clear_keyboard_but_mods|protocol_post_task ; xrefs: main@0x0800F084(bl)
0x0801249E,18,suspend_power_down,"ref1011_default,ref1011_feat",0x0801098E,exact,1.000,xrefs: usb_remote_wakeup@0x0800BBC0(bl)
0x080124B0,38,suspend_wakeup_init,"ref1011_default,ref1011_feat",0x080109A0,exact,1.000,xrefs: usb_event_queue_task@0x08012A98(bl~)
0x080124D8,44,timer_clear,"ref1011_default,ref1011_feat",0x080109C8,exact,1.000,xrefs: timer_init@0x08012504(b)
0x08012504,4,timer_init,"ref1011_default,ref1011_feat",0x080109F4,exact-ambiguous,1.000,tiny body placed (vote) ; ambiguous body {_getpid_r|bootmagic_lite_reset_eeprom|chSchReadyI|chSysTimerHandlerI|default_layer_set|early_hardware_init_pre|eeconfig_init|eeprom_driver_erase|eeprom_driver_init|eflInit|housekeeping_task_kb|indicator_disable|itoa|keycode_at_encodermap_location|keycode_at_keymap_location|process_record_user|protocol_pre_task|protocol_setup|rtcGetTime|rtcInit|rtcSetTime|rtc_timer_init|spiInit|stInit|timer_init|usbInit|usb_device_state_init|usb_device_state_set_resume|wireless_enter_reset_kb} resolved by caller: bl from keyboard_init@0x0800E788+0x2 ; same body also matches: _getpid_r|bootmagic_lite_reset_eeprom|chSchReadyI|chSysTimerHandlerI|default_layer_set|early_hardware_init_pre|eeconfig_init|eeprom_driver_erase|eeprom_driver_init|eflInit|housekeeping_task_kb|indicator_disable|itoa|keycode_at_encodermap_location|keycode_at_keymap_location|process_record_user|protocol_pre_task|protocol_setup|rtcGetTime|rtcInit|rtcSetTime|rtc_timer_init|spiInit|stInit|usbInit|usb_device_state_init|usb_device_state_set_resume|wireless_enter_reset_kb ; xrefs: keyboard_init@0x0800E788(bl)
0x08012508,108,timer_read32,ref1011_feat,0x080109F8,fuzzy-anchored,0.925,call-anchored: bl from factory_test_task@0x0800CA84+0x22 ; xrefs: factory_test_task@0x0800CA84(bl) factory_test_task@0x0800CA84(bl) process_record_keychron_common@0x0800C720(bl) report_buffer_task@0x0800A8D4(bl) ...
0x08012574,10,timer_read,"ref1011_default,ref1011_feat",0x08010A64,exact,1.000,xrefs: process_tap_dance@0x08012040(bl) leader_start@0x08011940(bl) encoder_read@0x080116D0(bl~) encoder_read@0x080116D0(bl~) ...
0x0801257E,14,timer_elapsed,"ref1011_default,ref1011_feat",0x08010A6E,exact,1.000,xrefs: mousekey_task@0x08011DF0(bl~) mousekey_task@0x08011DF0(bl~) leader_sequence_timed_out@0x080119C0(bl~)
0x0801258C,12,timer_elapsed32,"ref1011_default,ref1011_feat",0x08010A7C,exact-ambiguous,1.000,ambiguous body {rtc_timer_elapsed_ms|timer_elapsed32} resolved by caller: bl from lpm_task@0x0800BDCC+0xC ; same body also matches: rtc_timer_elapsed_ms ; xrefs: lpm_task@0x0800BDCC(bl) factory_test_task@0x0800CA84(bl) factory_test_task@0x0800CA84(bl) report_buffer_task@0x0800A8D4(bl) ...
0x08012598,36,__NVIC_SystemReset,"ref1011_default,ref1011_feat",0x08010A88,exact,1.000,xrefs: bootloader_jump@0x080125F0(bl) mcu_reset@0x080125FA(bl)
0x080125BC,16,bootloader_marker_enable,"ref1011_default,ref1011_feat",0x08010AAC,exact,1.000,xrefs: bootloader_jump@0x080125F0(bl)
0x080125CC,24,bootloader_marker_active,"ref1011_default,ref1011_feat",0x08010ABC,exact,1.000,xrefs: enter_bootloader_mode_if_requested@0x08012600(bl)
0x080125E4,12,bootloader_marker_disable,"ref1011_default,ref1011_feat",0x08010AD4,exact-ambiguous,1.000,ambiguous body {bootloader_marker_disable|rgb_matrix_disable_time_reset} resolved by caller: bl from enter_bootloader_mode_if_requested@0x08012600+0x8 ; same body also matches: rgb_matrix_disable_time_reset ; xrefs: enter_bootloader_mode_if_requested@0x08012600(bl)
0x080125F0,10,bootloader_jump,"ref1011_default,ref1011_feat",0x08010AE0,exact,1.000,xrefs: bootmagic_lite@0x0800EC98(b) reset_keyboard@0x0800D396(b)
0x080125FA,6,mcu_reset,"ref1011_default,ref1011_feat",0x08010AEA,exact,1.000,tiny body placed (vote) ; xrefs: soft_reset_keyboard@0x0800D3A6(b)
0x08012600,116,enter_bootloader_mode_if_requested,"ref1011_default,ref1011_feat",0x08010AF0,exact,1.000,xrefs: early_hardware_init_pre@0x08012C44(b)
0x08012674,116,spi_init,"ref1011_default,ref1011_feat",0x08010B64,exact,1.000,xrefs: snled27351_init_drivers@0x080114B0(bl~)
0x080126E8,220,spi_start,"ref1011_default,ref1011_feat",0x08010BD8,exact,1.000,xrefs: snled27351_write@0x080111A0(bl~)
0x080127C4,20,spi_transmit,"ref1011_default,ref1011_feat",0x08010CB4,exact,1.000,xrefs: snled27351_write@0x080111A0(bl~) snled27351_write@0x080111A0(bl~)
0x080127D8,36,spi_stop,"ref1011_default,ref1011_feat",0x08010CC8,exact,1.000,xrefs: snled27351_write@0x080111A0(bl~) snled27351_write@0x080111A0(bl~)
0x080127FC,2,__aeabi_idiv0|__aeabi_ldiv0|__chibios_override_boardInit|__cpu_init|__late_init|__malloc_lock|__malloc_unlock|_fini|battery_stop|board_init|default_layer_debug|default_layer_state_set_user|dummy_cb|early_hardware_init_post|housekeeping_task_user|keyboard_post_init_user|keyboard_pre_init_user|layer_debug|layer_state_set_user|leader_start_user|led_init_ports|led_set_user|led_update_ports|matrix_init_user|matrix_power_down|matrix_power_up|matrix_print|matrix_scan_user|matrix_setup|notify_usb_device_state_change_user|oneshot_layer_changed_user|oneshot_locked_mods_changed_user|oneshot_mods_changed_user|post_process_record_user|rgb_matrix_none_indicators_user|suspend_power_down_user|suspend_wakeup_init_user|td0_reset|wireless_enter_bluetooth_pin_code_entry_kb|wireless_enter_connected_kb|wireless_enter_discoverable_kb|wireless_enter_reconnecting_kb|wireless_enter_sleep_kb|wireless_exit_bluetooth_pin_code_entry_kb|wireless_post_task,"ref1011_default,ref1011_feat",0x08008434,exact-ambiguous,1.000,tiny body placed (adjacent) ; identical body for: __aeabi_idiv0|__aeabi_ldiv0|__chibios_override_boardInit|__cpu_init|__late_init|__malloc_lock|__malloc_unlock|_fini|battery_stop|board_init|default_layer_debug|default_layer_state_set_user|dummy_cb|early_hardware_init_post|housekeeping_task_user|keyboard_post_init_user|keyboard_pre_init_user|layer_debug|layer_state_set_user|leader_start_user|led_init_ports|led_set_user|led_update_ports|matrix_init_user|matrix_power_down|matrix_power_up|matrix_print|matrix_scan_user|matrix_setup|notify_usb_device_state_change_user|oneshot_layer_changed_user|oneshot_locked_mods_changed_user|oneshot_mods_changed_user|post_process_record_user|rgb_matrix_none_indicators_user|suspend_power_down_user|suspend_wakeup_init_user|td0_reset|wireless_enter_bluetooth_pin_code_entry_kb|wireless_enter_connected_kb|wireless_enter_discoverable_kb|wireless_enter_reconnecting_kb|wireless_enter_sleep_kb|wireless_exit_bluetooth_pin_code_entry_kb|wireless_post_task
0x08012914,68,usb_get_descriptor_cb,"ref1011_default,ref1011_feat",0x08010E08,exact,1.000,
0x08012958,52,set_led_transfer_cb,"ref1011_default,ref1011_feat",0x08010E4C,exact,1.000,
0x0801298C,40,usb_event_queue_enqueue.isra.0,"ref1011_default,ref1011_feat",0x08010E80,exact,1.000,xrefs: usb_event_cb@0x080129B4(bl) usb_event_cb@0x080129B4(bl) usb_event_cb@0x080129B4(b)
0x080129B4,192,usb_event_cb,"ref1011_default,ref1011_feat",0x08010EA8,exact,1.000,
0x08012A74,36,usb_event_queue_init,"ref1011_default,ref1011_feat",0x08010F68,exact,1.000,xrefs: lpm_task@0x0800BDCC(bl) lpm_task@0x0800BDCC(bl) protocol_pre_init@0x08012C6C(bl)
0x08012A98,184,usb_event_queue_task,ref1011_feat,0x08010F8C,fuzzy-anchored,0.730,call-anchored: b.w from usb_remote_wakeup@0x0800BBC0+0x1C ; xrefs: usb_remote_wakeup@0x0800BBC0(b) protocol_pre_task@0x08012CA4(b)
0x08012B50,90,init_usb_driver,ref1011_feat,0x08011040,fuzzy-anchored,0.552,call-anchored: bl from lpm_task@0x0800BDCC+0x30 ; xrefs: lpm_task@0x0800BDCC(bl) lpm_task@0x0800BDCC(bl) protocol_pre_init@0x08012C6C(bl)
0x08012BB8,12,get_mods|get_oneshot_mods|get_transport|get_weak_mods|keyboard_leds|leader_sequence_active|rgb_matrix_is_driver_shutdown|wireless_get_state,"ref1011_default,ref1011_feat",0x08008AD4,exact-ambiguous,1.000,identical body for: get_mods|get_oneshot_mods|get_transport|get_weak_mods|keyboard_leds|leader_sequence_active|rgb_matrix_is_driver_shutdown|wireless_get_state
0x08012BC4,32,send_report,"ref1011_default,ref1011_feat",0x0801109C,exact,1.000,xrefs: raw_hid_send@0x08012C0C(b) send_keyboard@0x08012BE4(b) send_nkro@0x08012BEE(b) send_mouse@0x08012BF8(b) ...
0x08012BE4,10,send_keyboard,"ref1011_default,ref1011_feat",0x080110BC,exact,1.000,
0x08012BEE,10,send_nkro,"ref1011_default,ref1011_feat",0x080110C6,exact,1.000,
0x08012BF8,10,send_mouse,"ref1011_default,ref1011_feat",0x080110D0,exact,1.000,
0x08012C02,10,send_extra,"ref1011_default,ref1011_feat",0x080110DA,exact,1.000,
0x08012C0C,16,raw_hid_send,"ref1011_default,ref1011_feat",0x080110E4,exact,1.000,xrefs: via_command_kb@0x0800C874(bl) lkbt51_dfu_tx@0x0800AF8C(bl) lkbt51_dfu_tx@0x0800AF8C(bl) factory_test_send@0x0800CB44(bl~)
0x08012C1C,40,raw_hid_task,ref1011_feat,0x080110F4,fuzzy-anchored,0.625,call-anchored: bl from protocol_post_task@0x08012CA8+0x2 ; xrefs: protocol_post_task@0x08012CA8(bl)
0x08012C44,4,early_hardware_init_pre,"ref1011_default,ref1011_feat",0x08011118,exact-ambiguous,1.000,tiny body placed (vote) ; ambiguous body {_getpid_r|bootmagic_lite_reset_eeprom|chSchReadyI|chSysTimerHandlerI|default_layer_set|early_hardware_init_pre|eeconfig_init|eeprom_driver_erase|eeprom_driver_init|eflInit|housekeeping_task_kb|indicator_disable|itoa|keycode_at_encodermap_location|keycode_at_keymap_location|process_record_user|protocol_pre_task|protocol_setup|rtcGetTime|rtcInit|rtcSetTime|rtc_timer_init|spiInit|stInit|timer_init|usbInit|usb_device_state_init|usb_device_state_set_resume|wireless_enter_reset_kb} resolved by caller: bl from __early_init@0x08012C4C+0x2 ; same body also matches: _getpid_r|bootmagic_lite_reset_eeprom|chSchReadyI|chSysTimerHandlerI|default_layer_set|eeconfig_init|eeprom_driver_erase|eeprom_driver_init|eflInit|housekeeping_task_kb|indicator_disable|itoa|keycode_at_encodermap_location|keycode_at_keymap_location|process_record_user|protocol_pre_task|protocol_setup|rtcGetTime|rtcInit|rtcSetTime|rtc_timer_init|spiInit|stInit|timer_init|usbInit|usb_device_state_init|usb_device_state_set_resume|wireless_enter_reset_kb ; xrefs: __early_init@0x08012C4C(bl)
0x08012C48,2,early_hardware_init_post,"ref1011_default,ref1011_feat",0x0801111C,exact-ambiguous,1.000,tiny body placed (vote) ; ambiguous body {__aeabi_idiv0|__aeabi_ldiv0|__chibios_override_boardInit|__cpu_init|__late_init|__malloc_lock|__malloc_unlock|_fini|battery_stop|board_init|default_layer_debug|default_layer_state_set_user|dummy_cb|early_hardware_init_post|housekeeping_task_user|keyboard_post_init_user|keyboard_pre_init_user|layer_debug|layer_state_set_user|leader_start_user|led_init_ports|led_set_user|led_update_ports|matrix_init_user|matrix_power_down|matrix_power_up|matrix_print|matrix_scan_user|matrix_setup|notify_usb_device_state_change_user|oneshot_layer_changed_user|oneshot_locked_mods_changed_user|oneshot_mods_changed_user|post_process_record_user|rgb_matrix_none_indicators_user|suspend_power_down_user|suspend_wakeup_init_user|td0_reset|wireless_enter_bluetooth_pin_code_entry_kb|wireless_enter_connected_kb|wireless_enter_discoverable_kb|wireless_enter_reconnecting_kb|wireless_enter_sleep_kb|wireless_exit_bluetooth_pin_code_entry_kb|wireless_post_task} resolved by caller: bl from __early_init@0x08012C4C+0xA ; same body also matches: __aeabi_idiv0|__aeabi_ldiv0|__chibios_override_boardInit|__cpu_init|__late_init|__malloc_lock|__malloc_unlock|_fini|battery_stop|board_init|default_layer_debug|default_layer_state_set_user|dummy_cb|housekeeping_task_user|keyboard_post_init_user|keyboard_pre_init_user|layer_debug|layer_state_set_user|leader_start_user|led_init_ports|led_set_user|led_update_ports|matrix_init_user|matrix_power_down|matrix_power_up|matrix_print|matrix_scan_user|matrix_setup|notify_usb_device_state_change_user|oneshot_layer_changed_user|oneshot_locked_mods_changed_user|oneshot_mods_changed_user|post_process_record_user|rgb_matrix_none_indicators_user|suspend_power_down_user|suspend_wakeup_init_user|td0_reset|wireless_enter_bluetooth_pin_code_entry_kb|wireless_enter_connected_kb|wireless_enter_discoverable_kb|wireless_enter_reconnecting_kb|wireless_enter_sleep_kb|wireless_exit_bluetooth_pin_code_entry_kb|wireless_post_task ; xrefs: __early_init@0x08012C4C(bl)
0x08012C4A,2,board_init,"ref1011_default,ref1011_feat",0x0801111E,exact-ambiguous,1.000,tiny body placed (vote) ; ambiguous body {__aeabi_idiv0|__aeabi_ldiv0|__chibios_override_boardInit|__cpu_init|__late_init|__malloc_lock|__malloc_unlock|_fini|battery_stop|board_init|default_layer_debug|default_layer_state_set_user|dummy_cb|early_hardware_init_post|housekeeping_task_user|keyboard_post_init_user|keyboard_pre_init_user|layer_debug|layer_state_set_user|leader_start_user|led_init_ports|led_set_user|led_update_ports|matrix_init_user|matrix_power_down|matrix_power_up|matrix_print|matrix_scan_user|matrix_setup|notify_usb_device_state_change_user|oneshot_layer_changed_user|oneshot_locked_mods_changed_user|oneshot_mods_changed_user|post_process_record_user|rgb_matrix_none_indicators_user|suspend_power_down_user|suspend_wakeup_init_user|td0_reset|wireless_enter_bluetooth_pin_code_entry_kb|wireless_enter_connected_kb|wireless_enter_discoverable_kb|wireless_enter_reconnecting_kb|wireless_enter_sleep_kb|wireless_exit_bluetooth_pin_code_entry_kb|wireless_post_task} resolved by caller: bl from boardInit@0x08012C5C+0x6 ; same body also matches: __aeabi_idiv0|__aeabi_ldiv0|__chibios_override_boardInit|__cpu_init|__late_init|__malloc_lock|__malloc_unlock|_fini|battery_stop|default_layer_debug|default_layer_state_set_user|dummy_cb|early_hardware_init_post|housekeeping_task_user|keyboard_post_init_user|keyboard_pre_init_user|layer_debug|layer_state_set_user|leader_start_user|led_init_ports|led_set_user|led_update_ports|matrix_init_user|matrix_power_down|matrix_power_up|matrix_print|matrix_scan_user|matrix_setup|notify_usb_device_state_change_user|oneshot_layer_changed_user|oneshot_locked_mods_changed_user|oneshot_mods_changed_user|post_process_record_user|rgb_matrix_none_indicators_user|suspend_power_down_user|suspend_wakeup_init_user|td0_reset|wireless_enter_bluetooth_pin_code_entry_kb|wireless_enter_connected_kb|wireless_enter_discoverable_kb|wireless_enter_reconnecting_kb|wireless_enter_sleep_kb|wireless_exit_bluetooth_pin_code_entry_kb|wireless_post_task ; xrefs: boardInit@0x08012C5C(bl)
0x08012C4C,16,__early_init,"ref1011_default,ref1011_feat",0x08011120,exact,1.000,xrefs: _crt0_entry@0x08008000(bl)
0x08012C5C,12,boardInit,"ref1011_default,ref1011_feat",0x08011130,exact-ambiguous,1.000,ambiguous body {boardInit|housekeeping_task|led_wakeup|rgb_matrix_none_indicators} resolved by caller: bl from halInit@0x08013CD0+0x1A ; same body also matches: housekeeping_task|led_wakeup|rgb_matrix_none_indicators ; xrefs: halInit@0x08013CD0(bl)
0x08012C68,4,protocol_setup,"ref1011_default,ref1011_feat",0x0801113C,exact-ambiguous,1.000,tiny body placed (vote) ; ambiguous body {_getpid_r|bootmagic_lite_reset_eeprom|chSchReadyI|chSysTimerHandlerI|default_layer_set|early_hardware_init_pre|eeconfig_init|eeprom_driver_erase|eeprom_driver_init|eflInit|housekeeping_task_kb|indicator_disable|itoa|keycode_at_encodermap_location|keycode_at_keymap_location|process_record_user|protocol_pre_task|protocol_setup|rtcGetTime|rtcInit|rtcSetTime|rtc_timer_init|spiInit|stInit|timer_init|usbInit|usb_device_state_init|usb_device_state_set_resume|wireless_enter_reset_kb} resolved by caller: bl from main@0x0800F084+0x6 ; same body also matches: _getpid_r|bootmagic_lite_reset_eeprom|chSchReadyI|chSysTimerHandlerI|default_layer_set|early_hardware_init_pre|eeconfig_init|eeprom_driver_erase|eeprom_driver_init|eflInit|housekeeping_task_kb|indicator_disable|itoa|keycode_at_encodermap_location|keycode_at_keymap_location|process_record_user|protocol_pre_task|rtcGetTime|rtcInit|rtcSetTime|rtc_timer_init|spiInit|stInit|timer_init|usbInit|usb_device_state_init|usb_device_state_set_resume|wireless_enter_reset_kb ; xrefs: main@0x0800F084(bl)
0x08012C6C,44,protocol_pre_init,"ref1011_default,ref1011_feat",0x08011140,exact,1.000,xrefs: protocol_init@0x0800F060(bl)
0x08012C98,12,protocol_post_init,"ref1011_default,ref1011_feat",0x0801116C,exact,1.000,xrefs: protocol_init@0x0800F060(b)
0x08012CA4,4,protocol_pre_task,"ref1011_default,ref1011_feat",0x08011178,exact-ambiguous,1.000,tiny body placed (vote) ; ambiguous body {_getpid_r|bootmagic_lite_reset_eeprom|chSchReadyI|chSysTimerHandlerI|default_layer_set|early_hardware_init_pre|eeconfig_init|eeprom_driver_erase|eeprom_driver_init|eflInit|housekeeping_task_kb|indicator_disable|itoa|keycode_at_encodermap_location|keycode_at_keymap_location|process_record_user|protocol_pre_task|protocol_setup|rtcGetTime|rtcInit|rtcSetTime|rtc_timer_init|spiInit|stInit|timer_init|usbInit|usb_device_state_init|usb_device_state_set_resume|wireless_enter_reset_kb} resolved by caller: bl from protocol_task@0x0800F072+0x2 ; same body also matches: _getpid_r|bootmagic_lite_reset_eeprom|chSchReadyI|chSysTimerHandlerI|default_layer_set|early_hardware_init_pre|eeconfig_init|eeprom_driver_erase|eeprom_driver_init|eflInit|housekeeping_task_kb|indicator_disable|itoa|keycode_at_encodermap_location|keycode_at_keymap_location|process_record_user|protocol_setup|rtcGetTime|rtcInit|rtcSetTime|rtc_timer_init|spiInit|stInit|timer_init|usbInit|usb_device_state_init|usb_device_state_set_resume|wireless_enter_reset_kb ; xrefs: protocol_task@0x0800F072(bl)
0x08012CA8,14,protocol_post_task,"ref1011_default,ref1011_feat",0x0801117C,exact-ambiguous,1.000,ambiguous body {VectorB0|chThdCreateI|clear_keyboard|clear_keyboard_but_mods|platform_setup|protocol_post_task} resolved by caller: b.w from protocol_task@0x0800F072+0xE ; same body also matches: VectorB0|chThdCreateI|clear_keyboard|clear_keyboard_but_mods|platform_setup ; xrefs: protocol_task@0x0800F072(b)
0x08012CB8,120,get_usb_descriptor,"ref1011_default,ref1011_feat",0x0801118C,exact,1.000,xrefs: usb_get_descriptor_cb@0x08012914(bl)
0x08012D30,58,obnotify,"ref1011_default,ref1011_feat",0x08011204,exact,1.000,
0x08012D6A,54,usb_start_receive,"ref1011_default,ref1011_feat",0x0801123E,exact,1.000,xrefs: usb_endpoint_out_configure_cb@0x08012EB4(b) ibnotify@0x08012DA0(b) usb_endpoint_out_rx_complete_cb@0x08012F60(bl~)
0x08012DA0,6,ibnotify,"ref1011_default,ref1011_feat",0x08011274,exact,1.000,tiny body placed (adjacent)
0x08012DE0,40,usb_endpoint_out_init,ref1011_feat,0x080112B4,fuzzy,0.903,
0x08012E08,32,usb_endpoint_in_start,"ref1011_default,ref1011_feat",0x080112DC,exact,1.000,
0x08012E28,30,usb_endpoint_out_start,"ref1011_default,ref1011_feat",0x080112FC,exact,1.000,
0x08012E46,40,usb_endpoint_in_suspend_cb,"ref1011_default,ref1011_feat",0x0801131A,exact,1.000,xrefs: usb_event_cb@0x080129B4(bl) usb_event_cb@0x080129B4(bl) usb_event_cb@0x080129B4(bl)
0x08012E6E,26,usb_endpoint_out_suspend_cb,"ref1011_default,ref1011_feat",0x08011342,exact,1.000,xrefs: usb_event_cb@0x080129B4(bl)
0x08012E88,6,usb_endpoint_in_wakeup_cb,"ref1011_default,ref1011_feat",0x0801135C,exact-ambiguous,1.000,tiny body placed (vote) ; ambiguous body {usb_endpoint_in_wakeup_cb|usb_endpoint_out_wakeup_cb} resolved by caller: bl from usb_event_cb@0x080129B4+0x86 ; same body also matches: usb_endpoint_out_wakeup_cb ; xrefs: usb_event_cb@0x080129B4(bl) usb_event_cb@0x080129B4(bl) usb_event_cb@0x080129B4(bl)
0x08012E8E,6,usb_endpoint_out_wakeup_cb,"ref1011_default,ref1011_feat",0x08011362,exact-ambiguous,1.000,tiny body placed (vote) ; ambiguous body {usb_endpoint_in_wakeup_cb|usb_endpoint_out_wakeup_cb} resolved by caller: bl from usb_event_cb@0x080129B4+0x98 ; same body also matches: usb_endpoint_in_wakeup_cb ; xrefs: usb_event_cb@0x080129B4(bl)
0x08012E94,32,usb_endpoint_in_configure_cb,"ref1011_default,ref1011_feat",0x08011368,exact,1.000,xrefs: usb_event_cb@0x080129B4(bl) usb_event_cb@0x080129B4(bl) usb_event_cb@0x080129B4(bl)
0x08012EB4,22,usb_endpoint_out_configure_cb,"ref1011_default,ref1011_feat",0x08011388,exact,1.000,xrefs: usb_event_cb@0x080129B4(bl)
0x08012ECA,150,usb_endpoint_in_tx_complete_cb,"ref1011_default,ref1011_feat",0x0801139E,exact,1.000,
0x08012F60,66,usb_endpoint_out_rx_complete_cb,ref1011_feat,0x08011434,fuzzy,0.941,
0x08012FA2,146,usb_endpoint_in_send,ref1011_feat,0x08011476,fuzzy-anchored,0.953,call-anchored: bl from send_report@0x08012BC4+0x12 ; xrefs: send_report@0x08012BC4(bl)
0x0801303A,4,BusFault_Handler|__port_switch_from_isr,"ref1011_default,ref1011_feat",0x0800811E,exact-ambiguous,1.000,size inferred from next symbol (asm routine) ; tiny body placed (adjacent) ; identical body for: BusFault_Handler|__port_switch_from_isr
0x0801303E,2,Reset_Handler,"ref1011_default,ref1011_feat",0x0800811C,exact,1.000,size inferred from next symbol (asm routine) ; tiny body placed (adjacent)
0x08013040,56,usb_endpoint_in_is_inactive,"ref1011_default,ref1011_feat",0x08011510,exact,1.000,xrefs: usb_idle_task@0x08013304(bl~) usb_idle_task@0x08013304(bl~)
0x08013078,76,usb_endpoint_out_receive,"ref1011_default,ref1011_feat",0x08011548,exact,1.000,xrefs: raw_hid_task@0x08012C1C(bl~)
0x080130C4,38,usb_set_report,ref1011_feat,0x08011594,fuzzy,1.000,
0x080130EA,22,usb_get_report,"ref1011_default,ref1011_feat",0x080115BA,exact,1.000,
0x08013100,28,usb_reset_report,"ref1011_default,ref1011_feat",0x080115D0,exact,1.000,
0x0801311C,60,usb_shared_set_report,ref1011_feat,0x080115EC,fuzzy,0.976,
0x08013158,28,usb_shared_get_report,"ref1011_default,ref1011_feat",0x08011626,exact,1.000,
0x08013174,38,usb_shared_reset_report,"ref1011_default,ref1011_feat",0x08011642,exact,1.000,
0x0801319C,88,usb_get_report_cb,"ref1011_default,ref1011_feat",0x08011668,exact,1.000,
0x080131F4,28,usb_set_idle_rate,"ref1011_default,ref1011_feat",0x080116C0,exact,1.000,
0x08013210,12,usb_get_idle_rate,"ref1011_default,ref1011_feat",0x080116DC,exact,1.000,
0x0801321C,80,usb_idle_timer_elapsed,ref1011_feat,0x080116E8,fuzzy,0.903,
0x0801326C,36,usb_shared_set_idle_rate,"ref1011_default,ref1011_feat",0x08011738,exact,1.000,
0x08013290,22,usb_shared_get_idle_rate,"ref1011_default,ref1011_feat",0x0801175C,exact,1.000,
0x08013304,244,usb_idle_task,ref1011_feat,0x080117CC,fuzzy-anchored,0.873,call-anchored: b.w from protocol_post_task@0x08012CA8+0xA ; xrefs: protocol_post_task@0x08012CA8(b)
0x080133F8,80,usb_get_idle_cb,"ref1011_default,ref1011_feat",0x080118C0,exact,1.000,
0x08013448,76,usb_set_idle_cb,"ref1011_default,ref1011_feat",0x08011910,exact,1.000,
0x08013494,24,__core_init,"ref1011_default,ref1011_feat",0x0801195C,exact,1.000,xrefs: chSysInit@0x0801354C(bl)
0x080134AC,44,chCoreAllocFromBaseI,"ref1011_default,ref1011_feat",0x08011974,exact,1.000,xrefs: chCoreAllocFromBase@0x080134D8(bl)
0x080134D8,20,chCoreAllocFromBase,"ref1011_default,ref1011_feat",0x080119A0,exact-ambiguous,1.000,ambiguous body {chCoreAllocFromBase|chMtxLock} resolved by caller: bl from _sbrk_r@0x080166A4+0xA ; same body also matches: chMtxLock ; xrefs: _sbrk_r@0x080166A4(bl)
0x080134EC,2,__cpu_init,"ref1011_default,ref1011_feat",0x080119B4,exact-ambiguous,1.000,tiny body placed (vote) ; ambiguous body {__aeabi_idiv0|__aeabi_ldiv0|__chibios_override_boardInit|__cpu_init|__late_init|__malloc_lock|__malloc_unlock|_fini|battery_stop|board_init|default_layer_debug|default_layer_state_set_user|dummy_cb|early_hardware_init_post|housekeeping_task_user|keyboard_post_init_user|keyboard_pre_init_user|layer_debug|layer_state_set_user|leader_start_user|led_init_ports|led_set_user|led_update_ports|matrix_init_user|matrix_power_down|matrix_power_up|matrix_print|matrix_scan_user|matrix_setup|notify_usb_device_state_change_user|oneshot_layer_changed_user|oneshot_locked_mods_changed_user|oneshot_mods_changed_user|post_process_record_user|rgb_matrix_none_indicators_user|suspend_power_down_user|suspend_wakeup_init_user|td0_reset|wireless_enter_bluetooth_pin_code_entry_kb|wireless_enter_connected_kb|wireless_enter_discoverable_kb|wireless_enter_reconnecting_kb|wireless_enter_sleep_kb|wireless_exit_bluetooth_pin_code_entry_kb|wireless_post_task} resolved by caller: bl from _crt0_entry@0x08008000+0x64 ; same body also matches: __aeabi_idiv0|__aeabi_ldiv0|__chibios_override_boardInit|__late_init|__malloc_lock|__malloc_unlock|_fini|battery_stop|board_init|default_layer_debug|default_layer_state_set_user|dummy_cb|early_hardware_init_post|housekeeping_task_user|keyboard_post_init_user|keyboard_pre_init_user|layer_debug|layer_state_set_user|leader_start_user|led_init_ports|led_set_user|led_update_ports|matrix_init_user|matrix_power_down|matrix_power_up|matrix_print|matrix_scan_user|matrix_setup|notify_usb_device_state_change_user|oneshot_layer_changed_user|oneshot_locked_mods_changed_user|oneshot_mods_changed_user|post_process_record_user|rgb_matrix_none_indicators_user|suspend_power_down_user|suspend_wakeup_init_user|td0_reset|wireless_enter_bluetooth_pin_code_entry_kb|wireless_enter_connected_kb|wireless_enter_discoverable_kb|wireless_enter_reconnecting_kb|wireless_enter_sleep_kb|wireless_exit_bluetooth_pin_code_entry_kb|wireless_post_task ; xrefs: _crt0_entry@0x08008000(bl)
0x080134EE,2,__late_init,"ref1011_default,ref1011_feat",0x080119B6,exact-ambiguous,1.000,tiny body placed (vote) ; ambiguous body {__aeabi_idiv0|__aeabi_ldiv0|__chibios_override_boardInit|__cpu_init|__late_init|__malloc_lock|__malloc_unlock|_fini|battery_stop|board_init|default_layer_debug|default_layer_state_set_user|dummy_cb|early_hardware_init_post|housekeeping_task_user|keyboard_post_init_user|keyboard_pre_init_user|layer_debug|layer_state_set_user|leader_start_user|led_init_ports|led_set_user|led_update_ports|matrix_init_user|matrix_power_down|matrix_power_up|matrix_print|matrix_scan_user|matrix_setup|notify_usb_device_state_change_user|oneshot_layer_changed_user|oneshot_locked_mods_changed_user|oneshot_mods_changed_user|post_process_record_user|rgb_matrix_none_indicators_user|suspend_power_down_user|suspend_wakeup_init_user|td0_reset|wireless_enter_bluetooth_pin_code_entry_kb|wireless_enter_connected_kb|wireless_enter_discoverable_kb|wireless_enter_reconnecting_kb|wireless_enter_sleep_kb|wireless_exit_bluetooth_pin_code_entry_kb|wireless_post_task} resolved by caller: bl from bloop@0x080080A6+0xE ; same body also matches: __aeabi_idiv0|__aeabi_ldiv0|__chibios_override_boardInit|__cpu_init|__malloc_lock|__malloc_unlock|_fini|battery_stop|board_init|default_layer_debug|default_layer_state_set_user|dummy_cb|early_hardware_init_post|housekeeping_task_user|keyboard_post_init_user|keyboard_pre_init_user|layer_debug|layer_state_set_user|leader_start_user|led_init_ports|led_set_user|led_update_ports|matrix_init_user|matrix_power_down|matrix_power_up|matrix_print|matrix_scan_user|matrix_setup|notify_usb_device_state_change_user|oneshot_layer_changed_user|oneshot_locked_mods_changed_user|oneshot_mods_changed_user|post_process_record_user|rgb_matrix_none_indicators_user|suspend_power_down_user|suspend_wakeup_init_user|td0_reset|wireless_enter_bluetooth_pin_code_entry_kb|wireless_enter_connected_kb|wireless_enter_discoverable_kb|wireless_enter_reconnecting_kb|wireless_enter_sleep_kb|wireless_exit_bluetooth_pin_code_entry_kb|wireless_post_task ; xrefs: bloop@0x080080A6(bl)
0x080134F0,2,.stay|.zombies|Reset_Handler|__default_exit,"ref1011_default,ref1011_feat",0x0800811C,exact-ambiguous,1.000,size inferred from next symbol (asm routine) ; tiny body placed (adjacent) ; identical body for: .stay|.zombies|Reset_Handler|__default_exit
0x080134F4,82,__init_ram_areas,ref1011_feat,0x080119BC,fuzzy-anchored,0.676,call-anchored: bl from bloop@0x080080A6+0xA ; xrefs: bloop@0x080080A6(bl)
0x0801354C,48,chSysInit,"ref1011_default,ref1011_feat",0x08011A08,exact,1.000,xrefs: platform_setup@0x08012490(b)
0x0801357C,24,chSysHalt,"ref1011_default,ref1011_feat",0x08011A38,exact,1.000,xrefs: spi_lld_serve_tx_interrupt@0x08016304(bl) _exit@0x080166DC(bl) spi_lld_serve_rx_interrupt@0x08016340(bl~)
0x08013594,4,chSysTimerHandlerI,"ref1011_default,ref1011_feat",0x08011A50,exact-ambiguous,1.000,tiny body placed (vote) ; ambiguous body {_getpid_r|bootmagic_lite_reset_eeprom|chSchReadyI|chSysTimerHandlerI|default_layer_set|early_hardware_init_pre|eeconfig_init|eeprom_driver_erase|eeprom_driver_init|eflInit|housekeeping_task_kb|indicator_disable|itoa|keycode_at_encodermap_location|keycode_at_keymap_location|process_record_user|protocol_pre_task|protocol_setup|rtcGetTime|rtcInit|rtcSetTime|rtc_timer_init|spiInit|stInit|timer_init|usbInit|usb_device_state_init|usb_device_state_set_resume|wireless_enter_reset_kb} resolved by caller: bl from st_lld_serve_interrupt@0x080165C0+0x1C ; same body also matches: _getpid_r|bootmagic_lite_reset_eeprom|chSchReadyI|default_layer_set|early_hardware_init_pre|eeconfig_init|eeprom_driver_erase|eeprom_driver_init|eflInit|housekeeping_task_kb|indicator_disable|itoa|keycode_at_encodermap_location|keycode_at_keymap_location|process_record_user|protocol_pre_task|protocol_setup|rtcGetTime|rtcInit|rtcSetTime|rtc_timer_init|spiInit|stInit|timer_init|usbInit|usb_device_state_init|usb_device_state_set_resume|wireless_enter_reset_kb ; xrefs: st_lld_serve_interrupt@0x080165C0(bl)
0x08013598,18,chSysGetStatusAndLockX,"ref1011_default,ref1011_feat",0x08011A54,exact,1.000,xrefs: rtc_lld_get_time@0x08016130(bl)
0x080135AA,30,chSysRestoreStatusX,"ref1011_default,ref1011_feat",0x08011A66,exact,1.000,xrefs: rtc_lld_get_time@0x08016130(bl)
0x080135C8,20,chSysPolledDelayX,"ref1011_default,ref1011_feat",0x08011A84,exact,1.000,xrefs: usb_lld_start@0x08015558(bl) usb_lld_start@0x08015558(bl) usb_lld_reset@0x08015668(bl) otg_txfifo_flush.isra.0@0x08015522(b) ...
0x080135DC,16,chRFCUCollectFaultsI,"ref1011_default,ref1011_feat",0x08011A98,exact,1.000,xrefs: vt_set_alarm@0x08013616(b) chVTDoTickI@0x08013774(bl~)
0x080135EC,42,ch_dlist_insert,"ref1011_default,ref1011_feat",0x08011AA8,exact,1.000,xrefs: vt_enqueue.constprop.0@0x080136A4(b) chVTDoTickI@0x08013774(bl~)
0x08013616,54,vt_set_alarm,"ref1011_default,ref1011_feat",0x08011AD2,exact,1.000,xrefs: vt_enqueue.constprop.0@0x080136A4(bl)
0x0801364C,88,vt_insert_first.constprop.0,ref1011_feat,0x08011B08,fuzzy-anchored,0.946,call-anchored: b.w from vt_enqueue.constprop.0@0x080136A4+0x20 ; xrefs: vt_enqueue.constprop.0@0x080136A4(b)
0x080136A4,80,vt_enqueue.constprop.0,"ref1011_default,ref1011_feat",0x08011B60,exact,1.000,
0x08013708,108,chVTDoResetI,ref1011_feat,0x08011BBC,fuzzy,0.958,xrefs: chSchGoSleepTimeoutS@0x080138D4(bl~)
0x08013774,196,chVTDoTickI,ref1011_feat,0x08011C28,fuzzy-anchored,0.923,call-anchored: b.w from chSysTimerHandlerI@0x08013594+0x0 ; xrefs: chSysTimerHandlerI@0x08013594(b)
0x08013838,28,__sch_ready_behind,"ref1011_default,ref1011_feat",0x08011CDC,exact,1.000,xrefs: chSchReadyI@0x080138B4(b) __sch_wakeup@0x08013870(bl~)
0x08013854,28,__sch_ready_ahead,"ref1011_default,ref1011_feat",0x08011CF8,exact,1.000,xrefs: __sch_reschedule_ahead@0x08013928(bl)
0x08013870,66,__sch_wakeup,ref1011_feat,0x08011D14,fuzzy,0.943,
0x080138B2,2,Reset_Handler,"ref1011_default,ref1011_feat",0x0800811C,exact,1.000,size inferred from next symbol (asm routine) ; tiny body placed (adjacent)
0x080138B4,4,chSchReadyI,"ref1011_default,ref1011_feat",0x08011D58,exact-ambiguous,1.000,tiny body placed (vote) ; ambiguous body {_getpid_r|bootmagic_lite_reset_eeprom|chSchReadyI|chSysTimerHandlerI|default_layer_set|early_hardware_init_pre|eeconfig_init|eeprom_driver_erase|eeprom_driver_init|eflInit|housekeeping_task_kb|indicator_disable|itoa|keycode_at_encodermap_location|keycode_at_keymap_location|process_record_user|protocol_pre_task|protocol_setup|rtcGetTime|rtcInit|rtcSetTime|rtc_timer_init|spiInit|stInit|timer_init|usbInit|usb_device_state_init|usb_device_state_set_resume|wireless_enter_reset_kb} resolved by caller: bl from chMtxUnlock@0x08013BB8+0x2E ; same body also matches: _getpid_r|bootmagic_lite_reset_eeprom|chSysTimerHandlerI|default_layer_set|early_hardware_init_pre|eeconfig_init|eeprom_driver_erase|eeprom_driver_init|eflInit|housekeeping_task_kb|indicator_disable|itoa|keycode_at_encodermap_location|keycode_at_keymap_location|process_record_user|protocol_pre_task|protocol_setup|rtcGetTime|rtcInit|rtcSetTime|rtc_timer_init|spiInit|stInit|timer_init|usbInit|usb_device_state_init|usb_device_state_set_resume|wireless_enter_reset_kb ; xrefs: chMtxUnlock@0x08013BB8(bl) chThdDequeueAllI@0x08013AFA(bl) chMtxLockS@0x08013B3E(bl~) chThdCreateI@0x08013A50(b)
0x080138B8,28,chSchGoSleepS,"ref1011_default,ref1011_feat",0x08011D5C,exact,1.000,xrefs: chThdExitS@0x08013A60(b) chSchGoSleepTimeoutS@0x080138D4(bl~) chSchGoSleepTimeoutS@0x080138D4(bl~)
0x080138D4,60,chSchGoSleepTimeoutS,ref1011_feat,0x08011D78,fuzzy-anchored,1.000,call-anchored: bl from chThdSleep@0x08013A7A+0xC ; xrefs: chThdSleep@0x08013A7A(bl)
0x08013910,24,chSchIsPreemptionRequired,"ref1011_default,ref1011_feat",0x08011DB4,exact,1.000,xrefs: __port_irq_epilogue@0x08013C7C(bl)
0x08013928,40,__sch_reschedule_ahead,"ref1011_default,ref1011_feat",0x08011DCC,exact-ambiguous,1.000,ambiguous body {__sch_reschedule_ahead|chSchDoPreemption} resolved by caller: b.w from chSchRescheduleS@0x08013950+0xE ; same body also matches: chSchDoPreemption ; xrefs: chSchRescheduleS@0x08013950(b) __port_switch_from_isr@0x0800814E(bl)
0x08013950,24,chSchRescheduleS,"ref1011_default,ref1011_feat",0x08011DF4,exact,1.000,xrefs: chMtxUnlock@0x08013BB8(bl) chSysRestoreStatusX@0x080135AA(bl) usbStop@0x08014242(bl~)
0x08013968,4,__idle_thread,"ref1011_default,ref1011_feat",0x08011E0C,exact,1.000,tiny body placed (adjacent)
0x0801396C,128,chInstanceObjectInit,ref1011_feat,0x08011E10,fuzzy-anchored,0.980,call-anchored: bl from chSysInit@0x0801354C+0x14 ; xrefs: chSysInit@0x0801354C(bl)
0x080139EC,20,__thd_object_init,"ref1011_default,ref1011_feat",0x08011E90,exact,1.000,xrefs: chInstanceObjectInit@0x0801396C(bl~)
0x08013A00,80,chThdCreateSuspendedI,"ref1011_default,ref1011_feat",0x08011EA4,exact,1.000,xrefs: chThdCreateI@0x08013A50(bl)
0x08013A50,14,chThdCreateI,"ref1011_default,ref1011_feat",0x08011EF4,exact-ambiguous,1.000,ambiguous body {VectorB0|chThdCreateI|clear_keyboard|clear_keyboard_but_mods|platform_setup|protocol_post_task} resolved by caller: bl(fuzzy-paired) from chInstanceObjectInit@0x0801396C+0x66 ; same body also matches: VectorB0|clear_keyboard|clear_keyboard_but_mods|platform_setup|protocol_post_task ; xrefs: chInstanceObjectInit@0x0801396C(bl~)
0x08013A60,16,chThdExitS,"ref1011_default,ref1011_feat",0x08011F04,exact,1.000,xrefs: chThdExit@0x08013A70(b)
0x08013A70,10,chThdExit,"ref1011_default,ref1011_feat",0x08011F14,exact,1.000,xrefs: __port_thread_start@0x0800813C(bl)
0x08013A7A,24,chThdSleep,"ref1011_default,ref1011_feat",0x08011F1E,exact,1.000,xrefs: wireless_low_battery_shutdown@0x0800A4E8(bl) wireless_low_battery_shutdown@0x0800A4E8(bl) wireless_low_battery_shutdown@0x0800A4E8(bl) wireless_low_battery_shutdown@0x0800A4E8(bl) ...
0x08013A94,28,chThdSuspendTimeoutS,ref1011_feat,0x08011F38,fuzzy-anchored,0.800,call-anchored: b.w from spiSynchronizeS@0x080141AC+0x8 ; xrefs: spiSynchronizeS@0x080141AC(b)
0x08013AB0,20,chThdResumeI,ref1011_feat,0x08011F54,fuzzy-anchored,0.778,call-anchored: bl from usbDisableEndpointsI@0x080142C6+0x26 ; xrefs: usbDisableEndpointsI@0x080142C6(bl) usbDisableEndpointsI@0x080142C6(bl) spi_lld_serve_tx_interrupt@0x08016304(bl) _usb_suspend@0x08014406(bl~) ...
0x08013AC4,32,chThdEnqueueTimeoutS,ref1011_feat,0x08011F68,fuzzy-anchored,0.759,call-anchored: bl from ibqGetFullBufferTimeoutS@0x08013D9C+0x22 ; xrefs: ibqGetFullBufferTimeoutS@0x08013D9C(bl) obqGetEmptyBufferTimeoutS@0x08013EF4(bl)
0x08013AF4,4,_getpid_r|bootmagic_lite_reset_eeprom|chSchReadyI|chSysTimerHandlerI|default_layer_set|early_hardware_init_pre|eeconfig_init|eeprom_driver_erase|eeprom_driver_init|eflInit|housekeeping_task_kb|indicator_disable|itoa|keycode_at_encodermap_location|keycode_at_keymap_location|process_record_user|protocol_pre_task|protocol_setup|rtcGetTime|rtcInit|rtcSetTime|rtc_timer_init|spiInit|stInit|timer_init|usbInit|usb_device_state_init|usb_device_state_set_resume|wireless_enter_reset_kb,"ref1011_default,ref1011_feat",0x080096CA,exact-ambiguous,1.000,tiny body placed (adjacent) ; identical body for: _getpid_r|bootmagic_lite_reset_eeprom|chSchReadyI|chSysTimerHandlerI|default_layer_set|early_hardware_init_pre|eeconfig_init|eeprom_driver_erase|eeprom_driver_init|eflInit|housekeeping_task_kb|indicator_disable|itoa|keycode_at_encodermap_location|keycode_at_keymap_location|process_record_user|protocol_pre_task|protocol_setup|rtcGetTime|rtcInit|rtcSetTime|rtc_timer_init|spiInit|stInit|timer_init|usbInit|usb_device_state_init|usb_device_state_set_resume|wireless_enter_reset_kb
0x08013AF8,2,__aeabi_idiv0|__aeabi_ldiv0|__chibios_override_boardInit|__cpu_init|__late_init|__malloc_lock|__malloc_unlock|_fini|battery_stop|board_init|default_layer_debug|default_layer_state_set_user|dummy_cb|early_hardware_init_post|housekeeping_task_user|keyboard_post_init_user|keyboard_pre_init_user|layer_debug|layer_state_set_user|leader_start_user|led_init_ports|led_set_user|led_update_ports|matrix_init_user|matrix_power_down|matrix_power_up|matrix_print|matrix_scan_user|matrix_setup|notify_usb_device_state_change_user|oneshot_layer_changed_user|oneshot_locked_mods_changed_user|oneshot_mods_changed_user|post_process_record_user|rgb_matrix_none_indicators_user|suspend_power_down_user|suspend_wakeup_init_user|td0_reset|wireless_enter_bluetooth_pin_code_entry_kb|wireless_enter_connected_kb|wireless_enter_discoverable_kb|wireless_enter_reconnecting_kb|wireless_enter_sleep_kb|wireless_exit_bluetooth_pin_code_entry_kb|wireless_post_task,"ref1011_default,ref1011_feat",0x08008434,exact-ambiguous,1.000,tiny body placed (adjacent) ; identical body for: __aeabi_idiv0|__aeabi_ldiv0|__chibios_override_boardInit|__cpu_init|__late_init|__malloc_lock|__malloc_unlock|_fini|battery_stop|board_init|default_layer_debug|default_layer_state_set_user|dummy_cb|early_hardware_init_post|housekeeping_task_user|keyboard_post_init_user|keyboard_pre_init_user|layer_debug|layer_state_set_user|leader_start_user|led_init_ports|led_set_user|led_update_ports|matrix_init_user|matrix_power_down|matrix_power_up|matrix_print|matrix_scan_user|matrix_setup|notify_usb_device_state_change_user|oneshot_layer_changed_user|oneshot_locked_mods_changed_user|oneshot_mods_changed_user|post_process_record_user|rgb_matrix_none_indicators_user|suspend_power_down_user|suspend_wakeup_init_user|td0_reset|wireless_enter_bluetooth_pin_code_entry_kb|wireless_enter_connected_kb|wireless_enter_discoverable_kb|wireless_enter_reconnecting_kb|wireless_enter_sleep_kb|wireless_exit_bluetooth_pin_code_entry_kb|wireless_post_task
0x08013AFA,28,chThdDequeueAllI,"ref1011_default,ref1011_feat",0x08011F9E,exact,1.000,xrefs: usb_endpoint_in_suspend_cb@0x08012E46(bl) usb_endpoint_out_suspend_cb@0x08012E6E(bl) obqResetI@0x08013EA2(b) ibqResetI@0x08013D52(b)
0x08013B16,30,ch_sch_prio_insert,"ref1011_default,ref1011_feat",0x08011FBA,exact,1.000,xrefs: chMtxLockS@0x08013B3E(bl~) chMtxLockS@0x08013B3E(bl~)
0x08013B34,10,chMtxObjectInit,"ref1011_default,ref1011_feat",0x08011FD8,exact,1.000,xrefs: eflObjectInit@0x08014090(b) spiObjectInit@0x08014110(b)
0x08013B3E,102,chMtxLockS,ref1011_feat,0x08011FE4,fuzzy,0.989,
0x08013BA4,20,chCoreAllocFromBase|chMtxLock,"ref1011_default,ref1011_feat",0x080119A0,exact-ambiguous,1.000,identical body for: chCoreAllocFromBase|chMtxLock
0x08013BB8,92,chMtxUnlock,"ref1011_default,ref1011_feat",0x0801205C,exact,1.000,
0x08013C14,32,SVC_Handler,"ref1011_default,ref1011_feat",0x080120B8,exact,1.000,xrefs: _vectors@0x0800002C(vec)
0x08013C34,72,port_init,"ref1011_default,ref1011_feat",0x080120D8,exact,1.000,xrefs: chInstanceObjectInit@0x0801396C(bl~)
0x08013C7C,84,__port_irq_epilogue,"ref1011_default,ref1011_feat",0x08012120,exact,1.000,xrefs: VectorE0@0x080149F0(b) Vector48@0x08015EF4(b) Vector9C@0x0801498C(b) VectorE4@0x08015F94(b) ...
0x08013CD0,38,halInit,"ref1011_default,ref1011_feat",0x08012174,exact,1.000,xrefs: lpm_task@0x0800BDCC(bl) platform_setup@0x08012490(bl)
0x08013CF6,4,stInit,"ref1011_default,ref1011_feat",0x0801219A,exact-ambiguous,1.000,tiny body placed (vote) ; ambiguous body {_getpid_r|bootmagic_lite_reset_eeprom|chSchReadyI|chSysTimerHandlerI|default_layer_set|early_hardware_init_pre|eeconfig_init|eeprom_driver_erase|eeprom_driver_init|eflInit|housekeeping_task_kb|indicator_disable|itoa|keycode_at_encodermap_location|keycode_at_keymap_location|process_record_user|protocol_pre_task|protocol_setup|rtcGetTime|rtcInit|rtcSetTime|rtc_timer_init|spiInit|stInit|timer_init|usbInit|usb_device_state_init|usb_device_state_set_resume|wireless_enter_reset_kb} resolved by caller: b.w from halInit@0x08013CD0+0x22 ; same body also matches: _getpid_r|bootmagic_lite_reset_eeprom|chSchReadyI|chSysTimerHandlerI|default_layer_set|early_hardware_init_pre|eeconfig_init|eeprom_driver_erase|eeprom_driver_init|eflInit|housekeeping_task_kb|indicator_disable|itoa|keycode_at_encodermap_location|keycode_at_keymap_location|process_record_user|protocol_pre_task|protocol_setup|rtcGetTime|rtcInit|rtcSetTime|rtc_timer_init|spiInit|timer_init|usbInit|usb_device_state_init|usb_device_state_set_resume|wireless_enter_reset_kb ; xrefs: halInit@0x08013CD0(b)
0x08013CFA,8,stGetCounter,"ref1011_default,ref1011_feat",0x0801219E,exact,1.000,xrefs: vt_enqueue.constprop.0@0x080136A4(bl) vt_set_alarm@0x08013616(bl) timer_clear@0x080124D8(bl) usb_set_report@0x080130C4(bl~) ...
0x08013D02,16,stStartAlarm,"ref1011_default,ref1011_feat",0x080121A6,exact,1.000,xrefs: vt_insert_first.constprop.0@0x0801364C(bl~)
0x08013D12,10,stStopAlarm,"ref1011_default,ref1011_feat",0x080121B6,exact,1.000,xrefs: chVTDoTickI@0x08013774(bl~)
0x08013D1C,8,stSetAlarm,"ref1011_default,ref1011_feat",0x080121C0,exact,1.000,xrefs: vt_set_alarm@0x08013616(bl) vt_insert_first.constprop.0@0x0801364C(bl~)
0x08013D24,46,ibqObjectInit,"ref1011_default,ref1011_feat",0x080121C8,exact,1.000,xrefs: usb_endpoint_out_init@0x08012DE0(bl~)
0x08013D52,22,ibqResetI,"ref1011_default,ref1011_feat",0x080121F6,exact,1.000,xrefs: usb_endpoint_out_suspend_cb@0x08012E6E(b) usb_endpoint_out_configure_cb@0x08012EB4(bl)
0x08013D68,20,ibqGetEmptyBufferI,"ref1011_default,ref1011_feat",0x0801220C,exact,1.000,xrefs: usb_start_receive@0x08012D6A(bl)
0x08013D7C,32,ibqPostFullBufferI,"ref1011_default,ref1011_feat",0x08012220,exact,1.000,xrefs: usb_endpoint_out_rx_complete_cb@0x08012F60(bl~)
0x08013D9C,50,ibqGetFullBufferTimeoutS,"ref1011_default,ref1011_feat",0x08012240,exact,1.000,xrefs: ibqReadTimeout@0x08013DF2(bl~)
0x08013DCE,36,ibqReleaseEmptyBufferS,"ref1011_default,ref1011_feat",0x08012272,exact,1.000,xrefs: ibqReadTimeout@0x08013DF2(bl~)
0x08013DF2,128,ibqReadTimeout,ref1011_feat,0x08012296,fuzzy-anchored,0.990,call-anchored: bl from usb_endpoint_out_receive@0x08013078+0x36 ; xrefs: usb_endpoint_out_receive@0x08013078(bl)
0x08013E72,2,Reset_Handler,"ref1011_default,ref1011_feat",0x0800811C,exact,1.000,size inferred from next symbol (asm routine) ; tiny body placed (adjacent)
0x08013E74,46,obqObjectInit,"ref1011_default,ref1011_feat",0x08012318,exact,1.000,
0x08013EA2,24,obqResetI,"ref1011_default,ref1011_feat",0x08012346,exact,1.000,xrefs: usb_endpoint_in_suspend_cb@0x08012E46(bl) usb_endpoint_in_configure_cb@0x08012E94(bl)
0x08013EBA,28,obqGetFullBufferI,"ref1011_default,ref1011_feat",0x0801235E,exact,1.000,xrefs: usb_endpoint_in_tx_complete_cb@0x08012ECA(bl) usb_endpoint_in_tx_complete_cb@0x08012ECA(bl) obnotify@0x08012D30(bl)
0x08013ED6,30,obqReleaseEmptyBufferI,"ref1011_default,ref1011_feat",0x0801237A,exact,1.000,xrefs: usb_endpoint_in_tx_complete_cb@0x08012ECA(bl)
0x08013EF4,50,obqGetEmptyBufferTimeoutS,"ref1011_default,ref1011_feat",0x08012398,exact,1.000,
0x08013F26,38,obqPostFullBufferS,"ref1011_default,ref1011_feat",0x080123CA,exact,1.000,xrefs: obqFlush@0x08013FD2(bl)
0x08013FD0,2,Reset_Handler,"ref1011_default,ref1011_feat",0x0800811C,exact,1.000,size inferred from next symbol (asm routine) ; tiny body placed (adjacent)
0x08013FD2,32,obqFlush,"ref1011_default,ref1011_feat",0x08012476,exact,1.000,
0x08014030,26,flashGetSectorOffset,"ref1011_default,ref1011_feat",0x080124D8,exact,1.000,xrefs: efl_lld_verify_erase@0x08014E6E(bl)
0x0801404A,26,flashGetSectorSize,"ref1011_default,ref1011_feat",0x080124F2,exact,1.000,xrefs: efl_lld_verify_erase@0x08014E6E(bl)
0x08014064,16,flashGetOffsetAddress,"ref1011_default,ref1011_feat",0x0801250C,exact,1.000,xrefs: backing_store_read@0x0800F67C(bl)
0x08014074,12,efl_acquire_exclusive|efl_release_exclusive,"ref1011_default,ref1011_feat",0x0801251C,exact-ambiguous,1.000,identical body for: efl_acquire_exclusive|efl_release_exclusive
0x08014080,12,efl_acquire_exclusive|efl_release_exclusive,"ref1011_default,ref1011_feat",0x0801251C,exact-ambiguous,1.000,identical body for: efl_acquire_exclusive|efl_release_exclusive
0x0801408C,4,eflInit,"ref1011_default,ref1011_feat",0x08012534,exact-ambiguous,1.000,tiny body placed (vote) ; ambiguous body {_getpid_r|bootmagic_lite_reset_eeprom|chSchReadyI|chSysTimerHandlerI|default_layer_set|early_hardware_init_pre|eeconfig_init|eeprom_driver_erase|eeprom_driver_init|eflInit|housekeeping_task_kb|indicator_disable|itoa|keycode_at_encodermap_location|keycode_at_keymap_location|process_record_user|protocol_pre_task|protocol_setup|rtcGetTime|rtcInit|rtcSetTime|rtc_timer_init|spiInit|stInit|timer_init|usbInit|usb_device_state_init|usb_device_state_set_resume|wireless_enter_reset_kb} resolved by caller: bl from halInit@0x08013CD0+0xA ; same body also matches: _getpid_r|bootmagic_lite_reset_eeprom|chSchReadyI|chSysTimerHandlerI|default_layer_set|early_hardware_init_pre|eeconfig_init|eeprom_driver_erase|eeprom_driver_init|housekeeping_task_kb|indicator_disable|itoa|keycode_at_encodermap_location|keycode_at_keymap_location|process_record_user|protocol_pre_task|protocol_setup|rtcGetTime|rtcInit|rtcSetTime|rtc_timer_init|spiInit|stInit|timer_init|usbInit|usb_device_state_init|usb_device_state_set_resume|wireless_enter_reset_kb ; xrefs: halInit@0x08013CD0(bl)
0x08014090,20,eflObjectInit,"ref1011_default,ref1011_feat",0x08012538,exact,1.000,xrefs: efl_lld_init@0x08014C78(bl)
0x080140A4,28,eflStart,"ref1011_default,ref1011_feat",0x0801254C,exact,1.000,xrefs: backing_store_unlock@0x0800F55C(bl)
0x080140C0,26,eflStop,"ref1011_default,ref1011_feat",0x08012568,exact,1.000,xrefs: backing_store_lock@0x0800F5E4(bl)
0x080140DC,24,palSetLineCallbackI,"ref1011_default,ref1011_feat",0x08012584,exact,1.000,xrefs: encoder_cb_init@0x0800C810(bl~) encoder_cb_init@0x0800C810(bl~)
0x080140F4,4,rtcInit,"ref1011_default,ref1011_feat",0x0801259C,exact-ambiguous,1.000,tiny body placed (vote) ; ambiguous body {_getpid_r|bootmagic_lite_reset_eeprom|chSchReadyI|chSysTimerHandlerI|default_layer_set|early_hardware_init_pre|eeconfig_init|eeprom_driver_erase|eeprom_driver_init|eflInit|housekeeping_task_kb|indicator_disable|itoa|keycode_at_encodermap_location|keycode_at_keymap_location|process_record_user|protocol_pre_task|protocol_setup|rtcGetTime|rtcInit|rtcSetTime|rtc_timer_init|spiInit|stInit|timer_init|usbInit|usb_device_state_init|usb_device_state_set_resume|wireless_enter_reset_kb} resolved by caller: bl from halInit@0x08013CD0+0x16 ; same body also matches: _getpid_r|bootmagic_lite_reset_eeprom|chSchReadyI|chSysTimerHandlerI|default_layer_set|early_hardware_init_pre|eeconfig_init|eeprom_driver_erase|eeprom_driver_init|eflInit|housekeeping_task_kb|indicator_disable|itoa|keycode_at_encodermap_location|keycode_at_keymap_location|process_record_user|protocol_pre_task|protocol_setup|rtcGetTime|rtcSetTime|rtc_timer_init|spiInit|stInit|timer_init|usbInit|usb_device_state_init|usb_device_state_set_resume|wireless_enter_reset_kb ; xrefs: halInit@0x08013CD0(bl)
0x080140F8,12,rtcObjectInit,"ref1011_default,ref1011_feat",0x080125A0,exact,1.000,xrefs: rtc_lld_init@0x08015FE0(bl~)
0x08014104,4,rtcSetTime,"ref1011_default,ref1011_feat",0x080125AC,exact-ambiguous,1.000,tiny body placed (adjacent) ; ambiguous body {_getpid_r|bootmagic_lite_reset_eeprom|chSchReadyI|chSysTimerHandlerI|default_layer_set|early_hardware_init_pre|eeconfig_init|eeprom_driver_erase|eeprom_driver_init|eflInit|housekeeping_task_kb|indicator_disable|itoa|keycode_at_encodermap_location|keycode_at_keymap_location|process_record_user|protocol_pre_task|protocol_setup|rtcGetTime|rtcInit|rtcSetTime|rtc_timer_init|spiInit|stInit|timer_init|usbInit|usb_device_state_init|usb_device_state_set_resume|wireless_enter_reset_kb} resolved by caller: bl(fuzzy-paired) from rtc_timer_clear@0x0800C46C+0xC ; same body also matches: _getpid_r|bootmagic_lite_reset_eeprom|chSchReadyI|chSysTimerHandlerI|default_layer_set|early_hardware_init_pre|eeconfig_init|eeprom_driver_erase|eeprom_driver_init|eflInit|housekeeping_task_kb|indicator_disable|itoa|keycode_at_encodermap_location|keycode_at_keymap_location|process_record_user|protocol_pre_task|protocol_setup|rtcGetTime|rtcInit|rtc_timer_init|spiInit|stInit|timer_init|usbInit|usb_device_state_init|usb_device_state_set_resume|wireless_enter_reset_kb ; xrefs: rtc_timer_clear@0x0800C46C(bl~)
0x08014108,4,_getpid_r|bootmagic_lite_reset_eeprom|chSchReadyI|chSysTimerHandlerI|default_layer_set|early_hardware_init_pre|eeconfig_init|eeprom_driver_erase|eeprom_driver_init|eflInit|housekeeping_task_kb|indicator_disable|itoa|keycode_at_encodermap_location|keycode_at_keymap_location|process_record_user|protocol_pre_task|protocol_setup|rtcGetTime|rtcInit|rtcSetTime|rtc_timer_init|spiInit|stInit|timer_init|usbInit|usb_device_state_init|usb_device_state_set_resume|wireless_enter_reset_kb,"ref1011_default,ref1011_feat",0x080096CA,exact-ambiguous,1.000,tiny body placed (adjacent-both) ; identical body for: _getpid_r|bootmagic_lite_reset_eeprom|chSchReadyI|chSysTimerHandlerI|default_layer_set|early_hardware_init_pre|eeconfig_init|eeprom_driver_erase|eeprom_driver_init|eflInit|housekeeping_task_kb|indicator_disable|itoa|keycode_at_encodermap_location|keycode_at_keymap_location|process_record_user|protocol_pre_task|protocol_setup|rtcGetTime|rtcInit|rtcSetTime|rtc_timer_init|spiInit|stInit|timer_init|usbInit|usb_device_state_init|usb_device_state_set_resume|wireless_enter_reset_kb
0x0801410C,4,spiInit,"ref1011_default,ref1011_feat",0x080125B4,exact-ambiguous,1.000,tiny body placed (vote) ; ambiguous body {_getpid_r|bootmagic_lite_reset_eeprom|chSchReadyI|chSysTimerHandlerI|default_layer_set|early_hardware_init_pre|eeconfig_init|eeprom_driver_erase|eeprom_driver_init|eflInit|housekeeping_task_kb|indicator_disable|itoa|keycode_at_encodermap_location|keycode_at_keymap_location|process_record_user|protocol_pre_task|protocol_setup|rtcGetTime|rtcInit|rtcSetTime|rtc_timer_init|spiInit|stInit|timer_init|usbInit|usb_device_state_init|usb_device_state_set_resume|wireless_enter_reset_kb} resolved by caller: bl from halInit@0x08013CD0+0xE ; same body also matches: _getpid_r|bootmagic_lite_reset_eeprom|chSchReadyI|chSysTimerHandlerI|default_layer_set|early_hardware_init_pre|eeconfig_init|eeprom_driver_erase|eeprom_driver_init|eflInit|housekeeping_task_kb|indicator_disable|itoa|keycode_at_encodermap_location|keycode_at_keymap_location|process_record_user|protocol_pre_task|protocol_setup|rtcGetTime|rtcInit|rtcSetTime|rtc_timer_init|stInit|timer_init|usbInit|usb_device_state_init|usb_device_state_set_resume|wireless_enter_reset_kb ; xrefs: halInit@0x08013CD0(bl)
0x08014110,16,spiObjectInit,"ref1011_default,ref1011_feat",0x080125B8,exact,1.000,xrefs: spi_lld_init@0x080163C8(bl~)
0x08014120,34,spiStart,"ref1011_default,ref1011_feat",0x080125C8,exact,1.000,xrefs: spi_start@0x080126E8(bl) lkbt51_send_cmd@0x0800AA64(bl~)
0x08014142,28,spiStop,"ref1011_default,ref1011_feat",0x080125EA,exact,1.000,xrefs: spi_init@0x08012674(bl) spi_stop@0x080127D8(bl) lkbt51_send_cmd@0x0800AA64(bl~)
0x0801415E,28,spiSelect,ref1011_feat,0x08012606,fuzzy-anchored,0.917,call-anchored: bl from spi_start@0x080126E8+0x6A ; xrefs: spi_start@0x080126E8(bl) lkbt51_send_cmd@0x0800AA64(bl~)
0x0801417A,28,spiUnselect,ref1011_feat,0x08012620,fuzzy-anchored,0.880,call-anchored: bl from spi_stop@0x080127D8+0xA ; xrefs: spi_stop@0x080127D8(bl)
0x08014196,10,spiStartExchangeI,ref1011_feat,0x0801263A,fuzzy-anchored,0.667,call-anchored: bl from spiExchange@0x080141BC+0xA ; xrefs: spiExchange@0x080141BC(bl)
0x080141A0,4,_getpid_r|bootmagic_lite_reset_eeprom|chSchReadyI|chSysTimerHandlerI|default_layer_set|early_hardware_init_pre|eeconfig_init|eeprom_driver_erase|eeprom_driver_init|eflInit|housekeeping_task_kb|indicator_disable|itoa|keycode_at_encodermap_location|keycode_at_keymap_location|process_record_user|protocol_pre_task|protocol_setup|rtcGetTime|rtcInit|rtcSetTime|rtc_timer_init|spiInit|stInit|timer_init|usbInit|usb_device_state_init|usb_device_state_set_resume|wireless_enter_reset_kb,"ref1011_default,ref1011_feat",0x080096CA,exact-ambiguous,1.000,tiny body placed (adjacent) ; identical body for: _getpid_r|bootmagic_lite_reset_eeprom|chSchReadyI|chSysTimerHandlerI|default_layer_set|early_hardware_init_pre|eeconfig_init|eeprom_driver_erase|eeprom_driver_init|eflInit|housekeeping_task_kb|indicator_disable|itoa|keycode_at_encodermap_location|keycode_at_keymap_location|process_record_user|protocol_pre_task|protocol_setup|rtcGetTime|rtcInit|rtcSetTime|rtc_timer_init|spiInit|stInit|timer_init|usbInit|usb_device_state_init|usb_device_state_set_resume|wireless_enter_reset_kb
0x080141A4,8,spiStartSendI,"ref1011_default,ref1011_feat",0x08012646,exact,1.000,xrefs: spiSend@0x080141DE(bl)
0x080141AC,16,spiSynchronizeS,"ref1011_default,ref1011_feat",0x0801264E,exact,1.000,xrefs: spiExchange@0x080141BC(bl) spiSend@0x080141DE(bl)
0x080141BC,34,spiExchange,"ref1011_default,ref1011_feat",0x0801265E,exact,1.000,
0x080141DE,34,spiSend,"ref1011_default,ref1011_feat",0x08012680,exact,1.000,xrefs: spi_transmit@0x080127C4(bl) lkbt51_send_cmd@0x0800AA64(bl~)
0x08014200,4,usbInit,"ref1011_default,ref1011_feat",0x080126A2,exact-ambiguous,1.000,tiny body placed (vote) ; ambiguous body {_getpid_r|bootmagic_lite_reset_eeprom|chSchReadyI|chSysTimerHandlerI|default_layer_set|early_hardware_init_pre|eeconfig_init|eeprom_driver_erase|eeprom_driver_init|eflInit|housekeeping_task_kb|indicator_disable|itoa|keycode_at_encodermap_location|keycode_at_keymap_location|process_record_user|protocol_pre_task|protocol_setup|rtcGetTime|rtcInit|rtcSetTime|rtc_timer_init|spiInit|stInit|timer_init|usbInit|usb_device_state_init|usb_device_state_set_resume|wireless_enter_reset_kb} resolved by caller: bl from halInit@0x08013CD0+0x12 ; same body also matches: _getpid_r|bootmagic_lite_reset_eeprom|chSchReadyI|chSysTimerHandlerI|default_layer_set|early_hardware_init_pre|eeconfig_init|eeprom_driver_erase|eeprom_driver_init|eflInit|housekeeping_task_kb|indicator_disable|itoa|keycode_at_encodermap_location|keycode_at_keymap_location|process_record_user|protocol_pre_task|protocol_setup|rtcGetTime|rtcInit|rtcSetTime|rtc_timer_init|spiInit|stInit|timer_init|usb_device_state_init|usb_device_state_set_resume|wireless_enter_reset_kb ; xrefs: halInit@0x08013CD0(bl)
0x08014204,24,usbObjectInit,"ref1011_default,ref1011_feat",0x080126A6,exact,1.000,xrefs: usb_lld_init@0x08015538(bl~)
0x0801421C,38,usbStart,ref1011_feat,0x080126BE,fuzzy,0.914,
0x08014242,82,usbStop,ref1011_feat,0x080126E4,fuzzy,0.885,xrefs: pre_enter_low_power_mode@0x0800BCC8(bl~)
0x08014294,50,usbInitEndpointI,"ref1011_default,ref1011_feat",0x08012734,exact,1.000,xrefs: usb_endpoint_in_configure_cb@0x08012E94(bl)
0x080142C6,74,usbDisableEndpointsI,"ref1011_default,ref1011_feat",0x08012766,exact,1.000,xrefs: _usb_ep0setup@0x08014478(bl~)
0x08014310,36,usbStartReceiveI,ref1011_feat,0x080127B0,fuzzy-anchored,0.647,call-anchored: bl from _usb_ep0in@0x08014740+0x7C ; xrefs: _usb_ep0in@0x08014740(bl) usb_start_receive@0x08012D6A(b) _usb_ep0setup@0x08014478(bl~) _usb_ep0setup@0x08014478(bl~)
0x08014334,32,usbStartTransmitI,ref1011_feat,0x080127D4,fuzzy-anchored,0.645,call-anchored: bl from _usb_ep0in@0x08014740+0x58 ; xrefs: _usb_ep0in@0x08014740(bl) usb_endpoint_in_tx_complete_cb@0x08012ECA(bl) _usb_ep0out@0x080147F2(bl) obnotify@0x08012D30(bl) ...
0x08014354,4,_getpid_r|bootmagic_lite_reset_eeprom|chSchReadyI|chSysTimerHandlerI|default_layer_set|early_hardware_init_pre|eeconfig_init|eeprom_driver_erase|eeprom_driver_init|eflInit|housekeeping_task_kb|indicator_disable|itoa|keycode_at_encodermap_location|keycode_at_keymap_location|process_record_user|protocol_pre_task|protocol_setup|rtcGetTime|rtcInit|rtcSetTime|rtc_timer_init|spiInit|stInit|timer_init|usbInit|usb_device_state_init|usb_device_state_set_resume|wireless_enter_reset_kb,"ref1011_default,ref1011_feat",0x080096CA,exact-ambiguous,1.000,tiny body placed (adjacent) ; identical body for: _getpid_r|bootmagic_lite_reset_eeprom|chSchReadyI|chSysTimerHandlerI|default_layer_set|early_hardware_init_pre|eeconfig_init|eeprom_driver_erase|eeprom_driver_init|eflInit|housekeeping_task_kb|indicator_disable|itoa|keycode_at_encodermap_location|keycode_at_keymap_location|process_record_user|protocol_pre_task|protocol_setup|rtcGetTime|rtcInit|rtcSetTime|rtc_timer_init|spiInit|stInit|timer_init|usbInit|usb_device_state_init|usb_device_state_set_resume|wireless_enter_reset_kb
0x08014358,62,usbWakeupHost,"ref1011_default,ref1011_feat",0x080127F8,exact,1.000,xrefs: usb_remote_wakeup@0x0800BBC0(bl)
0x08014396,112,_usb_reset,ref1011_feat,0x08012836,fuzzy,0.860,xrefs: Vector14C@0x08015B5C(bl~)
0x08014406,92,_usb_suspend,ref1011_feat,0x080128A4,fuzzy,1.000,xrefs: Vector14C@0x08015B5C(bl~)
0x08014462,22,_usb_wakeup,"ref1011_default,ref1011_feat",0x08012900,exact,1.000,xrefs: Vector14C@0x08015B5C(bl~) Vector14C@0x08015B5C(bl~)
0x08014478,712,_usb_ep0setup,ref1011_feat,0x08012918,fuzzy,0.985,
0x08014740,178,_usb_ep0in,"ref1011_default,ref1011_feat",0x08012BE0,exact,1.000,
0x080147F2,120,_usb_ep0out,"ref1011_default,ref1011_feat",0x08012C92,exact,1.000,
0x0801486A,42,nvicEnableVector,ref1011_feat,0x08012D0A,fuzzy-anchored,0.500,call-anchored: bl from usb_lld_start@0x08015558+0x3C ; xrefs: usb_lld_start@0x08015558(bl) irqInit@0x08014A6E(bl) irqInit@0x08014A6E(bl) irqInit@0x08014A6E(bl) ...
0x08014894,2,__aeabi_idiv0|__aeabi_ldiv0|__chibios_override_boardInit|__cpu_init|__late_init|__malloc_lock|__malloc_unlock|_fini|battery_stop|board_init|default_layer_debug|default_layer_state_set_user|dummy_cb|early_hardware_init_post|housekeeping_task_user|keyboard_post_init_user|keyboard_pre_init_user|layer_debug|layer_state_set_user|leader_start_user|led_init_ports|led_set_user|led_update_ports|matrix_init_user|matrix_power_down|matrix_power_up|matrix_print|matrix_scan_user|matrix_setup|notify_usb_device_state_change_user|oneshot_layer_changed_user|oneshot_locked_mods_changed_user|oneshot_mods_changed_user|post_process_record_user|rgb_matrix_none_indicators_user|suspend_power_down_user|suspend_wakeup_init_user|td0_reset|wireless_enter_bluetooth_pin_code_entry_kb|wireless_enter_connected_kb|wireless_enter_discoverable_kb|wireless_enter_reconnecting_kb|wireless_enter_sleep_kb|wireless_exit_bluetooth_pin_code_entry_kb|wireless_post_task,"ref1011_default,ref1011_feat",0x08008434,exact-ambiguous,1.000,tiny body placed (adjacent) ; identical body for: __aeabi_idiv0|__aeabi_ldiv0|__chibios_override_boardInit|__cpu_init|__late_init|__malloc_lock|__malloc_unlock|_fini|battery_stop|board_init|default_layer_debug|default_layer_state_set_user|dummy_cb|early_hardware_init_post|housekeeping_task_user|keyboard_post_init_user|keyboard_pre_init_user|layer_debug|layer_state_set_user|leader_start_user|led_init_ports|led_set_user|led_update_ports|matrix_init_user|matrix_power_down|matrix_power_up|matrix_print|matrix_scan_user|matrix_setup|notify_usb_device_state_change_user|oneshot_layer_changed_user|oneshot_locked_mods_changed_user|oneshot_mods_changed_user|post_process_record_user|rgb_matrix_none_indicators_user|suspend_power_down_user|suspend_wakeup_init_user|td0_reset|wireless_enter_bluetooth_pin_code_entry_kb|wireless_enter_connected_kb|wireless_enter_discoverable_kb|wireless_enter_reconnecting_kb|wireless_enter_sleep_kb|wireless_exit_bluetooth_pin_code_entry_kb|wireless_post_task
0x08014896,44,nvicDisableVector,"ref1011_default,ref1011_feat",0x08012D34,exact,1.000,xrefs: dmaStreamFreeI@0x08015258(bl) usb_lld_stop@0x08015624(bl~)
0x080148C4,40,Vector58,"ref1011_default,ref1011_feat",0x08012D60,exact,1.000,xrefs: _vectors@0x08000058(vec)
0x080148EC,40,Vector5C,"ref1011_default,ref1011_feat",0x08012D88,exact,1.000,xrefs: _vectors@0x0800005C(vec)
0x08014914,40,Vector60,"ref1011_default,ref1011_feat",0x08012DB0,exact,1.000,xrefs: _vectors@0x08000060(vec)
0x0801493C,40,Vector64,"ref1011_default,ref1011_feat",0x08012DD8,exact,1.000,xrefs: _vectors@0x08000064(vec)
0x08014964,40,Vector68,"ref1011_default,ref1011_feat",0x08012E00,exact,1.000,xrefs: _vectors@0x08000068(vec)
0x0801498C,100,Vector9C,"ref1011_default,ref1011_feat",0x08012E28,exact,1.000,xrefs: _vectors@0x0800009C(vec)
0x080149F0,112,VectorE0,"ref1011_default,ref1011_feat",0x08012E8C,exact,1.000,xrefs: _vectors@0x080000E0(vec)
0x08014A60,14,VectorB0,"ref1011_default,ref1011_feat",0x08012EFC,exact-ambiguous,1.000,ambiguous body {VectorB0|chThdCreateI|clear_keyboard|clear_keyboard_but_mods|platform_setup|protocol_post_task} resolved by caller: vector slot 0xB0 ; same body also matches: chThdCreateI|clear_keyboard|clear_keyboard_but_mods|platform_setup|protocol_post_task ; xrefs: _vectors@0x080000B0(vec)
0x08014A6E,70,irqInit,"ref1011_default,ref1011_feat",0x08012F0A,exact,1.000,xrefs: hal_lld_init@0x08014AB4(b)
0x08014AB4,168,hal_lld_init,"ref1011_default,ref1011_feat",0x08012F50,exact,1.000,xrefs: halInit@0x08013CD0(bl)
0x08014B5C,248,stm32_clock_init,"ref1011_default,ref1011_feat",0x08012FF8,exact,1.000,xrefs: enter_power_mode@0x0800BFF4(bl)
0x08014C54,34,stm32_flash_check_errors,ref1011_feat,0x080130F0,fuzzy-anchored,0.824,call-anchored: bl from efl_lld_query_erase@0x08014E3C+0x1A ; xrefs: efl_lld_query_erase@0x08014E3C(bl) efl_lld_program@0x08014D3A(bl~)
0x08014C76,2,__aeabi_idiv0|__aeabi_ldiv0|__chibios_override_boardInit|__cpu_init|__late_init|__malloc_lock|__malloc_unlock|_fini|battery_stop|board_init|default_layer_debug|default_layer_state_set_user|dummy_cb|early_hardware_init_post|housekeeping_task_user|keyboard_post_init_user|keyboard_pre_init_user|layer_debug|layer_state_set_user|leader_start_user|led_init_ports|led_set_user|led_update_ports|matrix_init_user|matrix_power_down|matrix_power_up|matrix_print|matrix_scan_user|matrix_setup|notify_usb_device_state_change_user|oneshot_layer_changed_user|oneshot_locked_mods_changed_user|oneshot_mods_changed_user|post_process_record_user|rgb_matrix_none_indicators_user|suspend_power_down_user|suspend_wakeup_init_user|td0_reset|wireless_enter_bluetooth_pin_code_entry_kb|wireless_enter_connected_kb|wireless_enter_discoverable_kb|wireless_enter_reconnecting_kb|wireless_enter_sleep_kb|wireless_exit_bluetooth_pin_code_entry_kb|wireless_post_task,"ref1011_default,ref1011_feat",0x08008434,exact-ambiguous,1.000,tiny body placed (adjacent) ; identical body for: __aeabi_idiv0|__aeabi_ldiv0|__chibios_override_boardInit|__cpu_init|__late_init|__malloc_lock|__malloc_unlock|_fini|battery_stop|board_init|default_layer_debug|default_layer_state_set_user|dummy_cb|early_hardware_init_post|housekeeping_task_user|keyboard_post_init_user|keyboard_pre_init_user|layer_debug|layer_state_set_user|leader_start_user|led_init_ports|led_set_user|led_update_ports|matrix_init_user|matrix_power_down|matrix_power_up|matrix_print|matrix_scan_user|matrix_setup|notify_usb_device_state_change_user|oneshot_layer_changed_user|oneshot_locked_mods_changed_user|oneshot_mods_changed_user|post_process_record_user|rgb_matrix_none_indicators_user|suspend_power_down_user|suspend_wakeup_init_user|td0_reset|wireless_enter_bluetooth_pin_code_entry_kb|wireless_enter_connected_kb|wireless_enter_discoverable_kb|wireless_enter_reconnecting_kb|wireless_enter_sleep_kb|wireless_exit_bluetooth_pin_code_entry_kb|wireless_post_task
0x08014C78,92,efl_lld_init,"ref1011_default,ref1011_feat",0x08013118,exact,1.000,xrefs: eflInit@0x0801408C(b)
0x08014CD4,40,efl_lld_start,"ref1011_default,ref1011_feat",0x08013174,exact,1.000,xrefs: eflStart@0x080140A4(bl)
0x08014CFC,12,efl_lld_stop,"ref1011_default,ref1011_feat",0x0801319C,exact,1.000,xrefs: eflStop@0x080140C0(bl)
0x08014D08,4,efl_lld_get_descriptor,"ref1011_default,ref1011_feat",0x080131A8,exact,1.000,tiny body placed (adjacent)
0x08014D0C,46,efl_lld_read,ref1011_feat,0x080131AC,fuzzy,0.889,
0x08014D3A,162,efl_lld_program,ref1011_feat,0x080131DA,fuzzy,0.978,
0x08014DE8,2,Reset_Handler,"ref1011_default,ref1011_feat",0x0800811C,exact,1.000,size inferred from next symbol (asm routine) ; tiny body placed (adjacent)
0x08014DEA,12,efl_lld_start_erase_all,"ref1011_default,ref1011_feat",0x08013288,exact,1.000,
0x08014E34,4,_close_r|_lseek_r|null_sendchar_func|rgb_matrix_map_row_column_to_led_kb|sendchar,"ref1011_default,ref1011_feat",0x0800CD30,exact-ambiguous,1.000,tiny body placed (adjacent) ; identical body for: _close_r|_lseek_r|null_sendchar_func|rgb_matrix_map_row_column_to_led_kb|sendchar
0x08014E38,4,_getpid|_isatty_r|dip_switch_update_mask_user|is_keyboard_master|led_update_user|matrix_can_read|pre_process_record_user|process_action_kb|process_record_keychron_kb|rgb_matrix_indicators_advanced_user|rgb_matrix_indicators_user|shutdown_user,"ref1011_default,ref1011_feat",0x0800A9EC,exact-ambiguous,1.000,tiny body placed (adjacent) ; identical body for: _getpid|_isatty_r|dip_switch_update_mask_user|is_keyboard_master|led_update_user|matrix_can_read|pre_process_record_user|process_action_kb|process_record_keychron_kb|rgb_matrix_indicators_advanced_user|rgb_matrix_indicators_user|shutdown_user
0x08014E3C,50,efl_lld_query_erase,"ref1011_default,ref1011_feat",0x080132DA,exact,1.000,
0x08014E6E,70,efl_lld_verify_erase,"ref1011_default,ref1011_feat",0x0801330C,exact,1.000,
0x08014EB4,40,Vector6C,"ref1011_default,ref1011_feat",0x08013354,exact,1.000,xrefs: _vectors@0x0800006C(vec)
0x08014EDC,44,Vector70,ref1011_feat,0x0801337C,fuzzy-anchored,0.649,call-anchored: vector slot 0x70 ; xrefs: _vectors@0x08000070(vec)
0x08014F08,44,Vector74,ref1011_feat,0x080133A8,fuzzy-anchored,0.649,call-anchored: vector slot 0x74 ; xrefs: _vectors@0x08000074(vec)
0x08014F34,44,Vector78,ref1011_feat,0x080133D4,fuzzy-anchored,0.727,call-anchored: vector slot 0x78 ; xrefs: _vectors@0x08000078(vec)
0x08014F60,40,Vector7C,"ref1011_default,ref1011_feat",0x08013400,exact,1.000,xrefs: _vectors@0x0800007C(vec)
0x08014F88,44,Vector80,ref1011_feat,0x08013428,fuzzy-anchored,0.649,call-anchored: vector slot 0x80 ; xrefs: _vectors@0x08000080(vec)
0x08014FB4,44,Vector84,ref1011_feat,0x08013454,fuzzy-anchored,0.649,call-anchored: vector slot 0x84 ; xrefs: _vectors@0x08000084(vec)
0x08014FE0,44,VectorFC,ref1011_feat,0x08013480,fuzzy-anchored,0.727,call-anchored: vector slot 0xFC ; xrefs: _vectors@0x080000FC(vec)
0x0801500C,40,Vector120,"ref1011_default,ref1011_feat",0x080134AC,exact,1.000,xrefs: _vectors@0x08000120(vec)
0x08015034,44,Vector124,ref1011_feat,0x080134D4,fuzzy-anchored,0.649,call-anchored: vector slot 0x124 ; xrefs: _vectors@0x08000124(vec)
0x08015060,44,Vector128,ref1011_feat,0x08013500,fuzzy-anchored,0.649,call-anchored: vector slot 0x128 ; xrefs: _vectors@0x08000128(vec)
0x0801508C,44,Vector12C,ref1011_feat,0x0801352C,fuzzy-anchored,0.727,call-anchored: vector slot 0x12C ; xrefs: _vectors@0x0800012C(vec)
0x080150B8,40,Vector130,"ref1011_default,ref1011_feat",0x08013558,exact,1.000,xrefs: _vectors@0x08000130(vec)
0x080150E0,44,Vector150,ref1011_feat,0x08013580,fuzzy-anchored,0.649,call-anchored: vector slot 0x150 ; xrefs: _vectors@0x08000150(vec)
0x0801510C,44,Vector154,ref1011_feat,0x080135AC,fuzzy-anchored,0.649,call-anchored: vector slot 0x154 ; xrefs: _vectors@0x08000154(vec)
0x08015138,44,Vector158,ref1011_feat,0x080135D8,fuzzy-anchored,0.667,call-anchored: vector slot 0x158 ; xrefs: _vectors@0x08000158(vec)
0x08015164,68,dmaInit,"ref1011_default,ref1011_feat",0x08013608,exact,1.000,xrefs: hal_lld_init@0x08014AB4(bl)
0x080151A8,176,dmaStreamAllocI,ref1011_feat,0x0801364C,fuzzy-anchored,0.618,call-anchored: bl from spi_lld_start@0x080163F4+0x1E ; xrefs: spi_lld_start@0x080163F4(bl) spi_lld_start@0x080163F4(bl)
0x08015258,88,dmaStreamFreeI,"ref1011_default,ref1011_feat",0x080136FC,exact,1.000,xrefs: spi_lld_start@0x080163F4(bl) spi_lld_stop@0x080164C0(bl) spi_lld_stop@0x080164C0(bl)
0x0801531C,28,_pal_lld_init,"ref1011_default,ref1011_feat",0x080137C8,exact,1.000,xrefs: halInit@0x08013CD0(bl)
0x08015338,216,_pal_lld_setgroupmode,ref1011_feat,0x080137E4,fuzzy-anchored,0.733,call-anchored: bl from lpm_task@0x0800BDCC+0x90 ; xrefs: lpm_task@0x0800BDCC(bl) lpm_task@0x0800BDCC(bl) lpm_task@0x0800BDCC(bl) lpm_task@0x0800BDCC(bl) ...
0x08015410,100,_pal_lld_enablepadevent,ref1011_feat,0x080138B0,fuzzy,0.911,xrefs: pre_enter_low_power_mode@0x0800BCC8(bl~) pre_enter_low_power_mode@0x0800BCC8(bl~) pre_enter_low_power_mode@0x0800BCC8(bl~) pre_enter_low_power_mode@0x0800BCC8(bl~) ...
0x08015474,88,_pal_lld_disablepadevent,"ref1011_default,ref1011_feat",0x08013914,exact,1.000,xrefs: lpm_task@0x0800BDCC(bl) lpm_task@0x0800BDCC(bl) lpm_task@0x0800BDCC(bl) lpm_task@0x0800BDCC(bl) ...
0x080154CC,86,otg_disable_ep,ref1011_feat,0x0801396C,fuzzy-anchored,0.966,call-anchored: bl from usb_lld_start@0x08015558+0x84 ; xrefs: usb_lld_start@0x08015558(bl) usb_lld_stop@0x08015624(bl~) Vector14C@0x08015B5C(bl~)
0x08015522,20,otg_txfifo_flush.isra.0,"ref1011_default,ref1011_feat",0x080139C2,exact,1.000,xrefs: usb_lld_reset@0x08015668(bl) usb_lld_init_endpoint@0x08015730(bl~) usb_lld_init_endpoint@0x08015730(bl~) Vector14C@0x08015B5C(bl~)
0x08015538,32,usb_lld_init,ref1011_feat,0x080139D8,fuzzy-anchored,0.917,call-anchored: b.w from usbInit@0x08014200+0x0 ; xrefs: usbInit@0x08014200(b)
0x08015558,204,usb_lld_start,"ref1011_default,ref1011_feat",0x080139F8,exact,1.000,xrefs: usbStart@0x0801421C(bl~)
0x08015624,68,usb_lld_stop,ref1011_feat,0x08013AC4,fuzzy,0.963,xrefs: usbStop@0x08014242(bl~)
0x08015668,176,usb_lld_reset,"ref1011_default,ref1011_feat",0x08013B08,exact,1.000,xrefs: _usb_reset@0x08014396(bl~)
0x08015718,24,usb_lld_set_address,"ref1011_default,ref1011_feat",0x08013BB8,exact,1.000,xrefs: _usb_ep0setup@0x08014478(bl~)
0x08015730,276,usb_lld_init_endpoint,ref1011_feat,0x08013BD0,fuzzy-anchored,0.830,call-anchored: b.w from usbInitEndpointI@0x08014294+0x2E ; xrefs: usbInitEndpointI@0x08014294(b)
0x0801584A,4,_getpid_r|bootmagic_lite_reset_eeprom|chSchReadyI|chSysTimerHandlerI|default_layer_set|early_hardware_init_pre|eeconfig_init|eeprom_driver_erase|eeprom_driver_init|eflInit|housekeeping_task_kb|indicator_disable|itoa|keycode_at_encodermap_location|keycode_at_keymap_location|process_record_user|protocol_pre_task|protocol_setup|rtcGetTime|rtcInit|rtcSetTime|rtc_timer_init|spiInit|stInit|timer_init|usbInit|usb_device_state_init|usb_device_state_set_resume|wireless_enter_reset_kb,"ref1011_default,ref1011_feat",0x080096CA,exact-ambiguous,1.000,tiny body placed (adjacent) ; identical body for: _getpid_r|bootmagic_lite_reset_eeprom|chSchReadyI|chSysTimerHandlerI|default_layer_set|early_hardware_init_pre|eeconfig_init|eeprom_driver_erase|eeprom_driver_init|eflInit|housekeeping_task_kb|indicator_disable|itoa|keycode_at_encodermap_location|keycode_at_keymap_location|process_record_user|protocol_pre_task|protocol_setup|rtcGetTime|rtcInit|rtcSetTime|rtc_timer_init|spiInit|stInit|timer_init|usbInit|usb_device_state_init|usb_device_state_set_resume|wireless_enter_reset_kb
0x0801584E,26,usb_lld_get_status_out,"ref1011_default,ref1011_feat",0x08013CE2,exact,1.000,xrefs: _usb_ep0setup@0x08014478(bl~)
0x08015868,26,usb_lld_get_status_in,"ref1011_default,ref1011_feat",0x08013CFC,exact,1.000,xrefs: _usb_ep0setup@0x08014478(bl~)
0x08015882,18,usb_lld_read_setup,ref1011_feat,0x08013D16,fuzzy,0.923,xrefs: _usb_ep0setup@0x08014478(bl~)
0x08015894,124,usb_lld_start_out,ref1011_feat,0x08013D26,fuzzy,0.857,xrefs: otg_epout_handler.constprop.0@0x08015910(bl~)
0x08015910,176,otg_epout_handler.constprop.0,ref1011_feat,0x08013D98,fuzzy,0.925,xrefs: Vector14C@0x08015B5C(bl~) Vector14C@0x08015B5C(bl~) Vector14C@0x08015B5C(bl~) Vector14C@0x08015B5C(bl~)
0x08015A4C,272,otg_epin_handler.constprop.0,ref1011_feat,0x08013ED4,fuzzy,0.888,xrefs: Vector14C@0x08015B5C(bl~) Vector14C@0x08015B5C(bl~) Vector14C@0x08015B5C(bl~) Vector14C@0x08015B5C(bl~)
0x08015B5C,712,Vector14C,ref1011_feat,0x08013FE0,fuzzy-anchored,0.660,call-anchored: vector slot 0x14C ; xrefs: _vectors@0x0800014C(vec)
0x08015E24,20,usb_lld_stall_out,"ref1011_default,ref1011_feat",0x080142BC,exact,1.000,xrefs: _usb_ep0in@0x08014740(bl) _usb_ep0out@0x080147F2(bl) _usb_ep0setup@0x08014478(bl~) _usb_ep0setup@0x08014478(bl~)
0x08015E38,20,usb_lld_stall_in,"ref1011_default,ref1011_feat",0x080142D0,exact,1.000,xrefs: _usb_ep0in@0x08014740(bl) _usb_ep0out@0x080147F2(bl) _usb_ep0setup@0x08014478(bl~) _usb_ep0setup@0x08014478(bl~)
0x08015E4C,20,usb_lld_clear_out,"ref1011_default,ref1011_feat",0x080142E4,exact,1.000,xrefs: _usb_ep0setup@0x08014478(bl~)
0x08015E60,20,usb_lld_clear_in,"ref1011_default,ref1011_feat",0x080142F8,exact,1.000,xrefs: _usb_ep0setup@0x08014478(bl~)
0x08015E74,24,rtc_enter_init,"ref1011_default,ref1011_feat",0x0801430C,exact,1.000,xrefs: rtc_lld_init@0x08015FE0(bl~)
0x08015E8C,4,_getsize,"ref1011_default,ref1011_feat",0x08014324,exact,1.000,tiny body placed (adjacent)
0x08015EBA,56,_write,ref1011_feat,0x08014352,fuzzy,0.930,
0x08015EF2,2,Reset_Handler,"ref1011_default,ref1011_feat",0x0800811C,exact,1.000,size inferred from next symbol (asm routine) ; tiny body placed (adjacent)
0x08015EF4,104,Vector48,"ref1011_default,ref1011_feat",0x08014390,exact,1.000,xrefs: _vectors@0x08000048(vec)
0x08015F5C,56,Vector4C,"ref1011_default,ref1011_feat",0x080143F8,exact,1.000,xrefs: _vectors@0x0800004C(vec)
0x08015F94,76,VectorE4,"ref1011_default,ref1011_feat",0x08014430,exact,1.000,xrefs: _vectors@0x080000E4(vec)
0x08015FE0,120,rtc_lld_init,ref1011_feat,0x0801447C,fuzzy-anchored,0.866,call-anchored: b.w from rtcInit@0x080140F4+0x0 ; xrefs: rtcInit@0x080140F4(b)
0x08016130,252,rtc_lld_get_time,"ref1011_default,ref1011_feat",0x080145CC,exact,1.000,
0x0801622C,46,spi_lld_configure,"ref1011_default,ref1011_feat",0x080146C8,exact,1.000,xrefs: spi_lld_start@0x080163F4(bl)
0x0801625C,168,spi_lld_stop_abort.isra.0,ref1011_feat,0x080146F8,fuzzy-anchored,0.946,call-anchored: bl from spi_lld_stop@0x080164C0+0xA ; xrefs: spi_lld_stop@0x080164C0(bl) spi_lld_serve_tx_interrupt@0x08016304(bl) spi_lld_serve_rx_interrupt@0x08016340(bl~) spi_lld_serve_rx_interrupt@0x08016340(bl~)
0x08016304,60,spi_lld_serve_tx_interrupt,"ref1011_default,ref1011_feat",0x08014824,exact,1.000,xrefs: spi_lld_start@0x080163F4(ptr)
0x08016340,136,spi_lld_serve_rx_interrupt,ref1011_feat,0x0801479C,fuzzy-anchored,0.944,call-anchored: fnptr lit in spi_lld_start@0x080163F4+0xC0 ; xrefs: spi_lld_start@0x080163F4(ptr)
0x080163C8,44,spi_lld_init,ref1011_feat,0x08014860,fuzzy-anchored,0.944,call-anchored: b.w from spiInit@0x0801410C+0x0 ; xrefs: spiInit@0x0801410C(b)
0x080163F4,204,spi_lld_start,"ref1011_default,ref1011_feat",0x0801488C,exact,1.000,xrefs: spiStart@0x08014120(bl)
0x080164C0,76,spi_lld_stop,"ref1011_default,ref1011_feat",0x08014958,exact,1.000,xrefs: spiStop@0x08014142(bl)
0x0801650C,54,spi_lld_exchange,"ref1011_default,ref1011_feat",0x080149A4,exact,1.000,
0x08016542,54,spi_lld_send,"ref1011_default,ref1011_feat",0x080149DA,exact,1.000,xrefs: spiStartSendI@0x080141A4(b)
0x08016578,72,st_lld_init,"ref1011_default,ref1011_feat",0x08014A10,exact,1.000,xrefs: stInit@0x08013CF6(b)
0x080165C0,40,st_lld_serve_interrupt,"ref1011_default,ref1011_feat",0x08014A58,exact,1.000,xrefs: VectorB0@0x08014A60(bl)
0x080165E8,30,gpio_init,"ref1011_default,ref1011_feat",0x08014A80,exact,1.000,xrefs: __chibios_override___early_init@0x08016608(bl~) __chibios_override___early_init@0x08016608(bl~) __chibios_override___early_init@0x08016608(bl~) __chibios_override___early_init@0x08016608(bl~) ...
0x08016608,132,__chibios_override___early_init,ref1011_feat,0x08014AA0,fuzzy-anchored,0.864,call-anchored: bl from __early_init@0x08012C4C+0x6 ; xrefs: __early_init@0x08012C4C(bl)
0x0801668C,2,__chibios_override_boardInit,"ref1011_default,ref1011_feat",0x08014B20,exact-ambiguous,1.000,tiny body placed (vote) ; ambiguous body {__aeabi_idiv0|__aeabi_ldiv0|__chibios_override_boardInit|__cpu_init|__late_init|__malloc_lock|__malloc_unlock|_fini|battery_stop|board_init|default_layer_debug|default_layer_state_set_user|dummy_cb|early_hardware_init_post|housekeeping_task_user|keyboard_post_init_user|keyboard_pre_init_user|layer_debug|layer_state_set_user|leader_start_user|led_init_ports|led_set_user|led_update_ports|matrix_init_user|matrix_power_down|matrix_power_up|matrix_print|matrix_scan_user|matrix_setup|notify_usb_device_state_change_user|oneshot_layer_changed_user|oneshot_locked_mods_changed_user|oneshot_mods_changed_user|post_process_record_user|rgb_matrix_none_indicators_user|suspend_power_down_user|suspend_wakeup_init_user|td0_reset|wireless_enter_bluetooth_pin_code_entry_kb|wireless_enter_connected_kb|wireless_enter_discoverable_kb|wireless_enter_reconnecting_kb|wireless_enter_sleep_kb|wireless_exit_bluetooth_pin_code_entry_kb|wireless_post_task} resolved by caller: bl from boardInit@0x08012C5C+0x2 ; same body also matches: __aeabi_idiv0|__aeabi_ldiv0|__cpu_init|__late_init|__malloc_lock|__malloc_unlock|_fini|battery_stop|board_init|default_layer_debug|default_layer_state_set_user|dummy_cb|early_hardware_init_post|housekeeping_task_user|keyboard_post_init_user|keyboard_pre_init_user|layer_debug|layer_state_set_user|leader_start_user|led_init_ports|led_set_user|led_update_ports|matrix_init_user|matrix_power_down|matrix_power_up|matrix_print|matrix_scan_user|matrix_setup|notify_usb_device_state_change_user|oneshot_layer_changed_user|oneshot_locked_mods_changed_user|oneshot_mods_changed_user|post_process_record_user|rgb_matrix_none_indicators_user|suspend_power_down_user|suspend_wakeup_init_user|td0_reset|wireless_enter_bluetooth_pin_code_entry_kb|wireless_enter_connected_kb|wireless_enter_discoverable_kb|wireless_enter_reconnecting_kb|wireless_enter_sleep_kb|wireless_exit_bluetooth_pin_code_entry_kb|wireless_post_task ; xrefs: boardInit@0x08012C5C(bl)
0x0801668E,10,_read_r,"ref1011_default,ref1011_feat",0x08014B22,exact,1.000,
0x08016698,4,_close_r|_lseek_r|null_sendchar_func|rgb_matrix_map_row_column_to_led_kb|sendchar,"ref1011_default,ref1011_feat",0x0800CD30,exact-ambiguous,1.000,tiny body placed (adjacent) ; identical body for: _close_r|_lseek_r|null_sendchar_func|rgb_matrix_map_row_column_to_led_kb|sendchar
0x0801669C,4,_write_r,"ref1011_default,ref1011_feat",0x08014B30,exact,1.000,tiny body placed (adjacent-both)
0x080166A0,4,_close_r,"ref1011_default,ref1011_feat",0x08014B34,exact-ambiguous,1.000,tiny body placed (vote) ; ambiguous body {_close_r|_lseek_r|null_sendchar_func|rgb_matrix_map_row_column_to_led_kb|sendchar} resolved by caller: b.w from __sclose@0x0800A178+0x4 ; same body also matches: _lseek_r|null_sendchar_func|rgb_matrix_map_row_column_to_led_kb|sendchar ; xrefs: __sclose@0x0800A178(b)
0x080166A4,26,_sbrk_r,"ref1011_default,ref1011_feat",0x08014B38,exact,1.000,
0x080166BE,24,_fstat_r,ref1011_feat,0x08014B52,fuzzy,0.857,
0x080166DC,16,_exit,"ref1011_default,ref1011_feat",0x08014B6C,exact-ambiguous,1.000,ambiguous body {_exit|_kill} resolved by caller: bl from abort@0x080085E8+0xA ; same body also matches: _kill ; xrefs: abort@0x080085E8(bl)
0x080166EC,16,_exit|_kill,"ref1011_default,ref1011_feat",0x08014B6C,exact-ambiguous,1.000,identical body for: _exit|_kill
0x080166FC,4,_getpid|_isatty_r|dip_switch_update_mask_user|is_keyboard_master|led_update_user|matrix_can_read|pre_process_record_user|process_action_kb|process_record_keychron_kb|rgb_matrix_indicators_advanced_user|rgb_matrix_indicators_user|shutdown_user,"ref1011_default,ref1011_feat",0x0800A9EC,exact-ambiguous,1.000,tiny body placed (adjacent) ; identical body for: _getpid|_isatty_r|dip_switch_update_mask_user|is_keyboard_master|led_update_user|matrix_can_read|pre_process_record_user|process_action_kb|process_record_keychron_kb|rgb_matrix_indicators_advanced_user|rgb_matrix_indicators_user|shutdown_user
0x08016700,2,__aeabi_idiv0|__aeabi_ldiv0|__chibios_override_boardInit|__cpu_init|__late_init|__malloc_lock|__malloc_unlock|_fini|battery_stop|board_init|default_layer_debug|default_layer_state_set_user|dummy_cb|early_hardware_init_post|housekeeping_task_user|keyboard_post_init_user|keyboard_pre_init_user|layer_debug|layer_state_set_user|leader_start_user|led_init_ports|led_set_user|led_update_ports|matrix_init_user|matrix_power_down|matrix_power_up|matrix_print|matrix_scan_user|matrix_setup|notify_usb_device_state_change_user|oneshot_layer_changed_user|oneshot_locked_mods_changed_user|oneshot_mods_changed_user|post_process_record_user|rgb_matrix_none_indicators_user|suspend_power_down_user|suspend_wakeup_init_user|td0_reset|wireless_enter_bluetooth_pin_code_entry_kb|wireless_enter_connected_kb|wireless_enter_discoverable_kb|wireless_enter_reconnecting_kb|wireless_enter_sleep_kb|wireless_exit_bluetooth_pin_code_entry_kb|wireless_post_task,"ref1011_default,ref1011_feat",0x08008434,exact-ambiguous,1.000,tiny body placed (adjacent) ; identical body for: __aeabi_idiv0|__aeabi_ldiv0|__chibios_override_boardInit|__cpu_init|__late_init|__malloc_lock|__malloc_unlock|_fini|battery_stop|board_init|default_layer_debug|default_layer_state_set_user|dummy_cb|early_hardware_init_post|housekeeping_task_user|keyboard_post_init_user|keyboard_pre_init_user|layer_debug|layer_state_set_user|leader_start_user|led_init_ports|led_set_user|led_update_ports|matrix_init_user|matrix_power_down|matrix_power_up|matrix_print|matrix_scan_user|matrix_setup|notify_usb_device_state_change_user|oneshot_layer_changed_user|oneshot_locked_mods_changed_user|oneshot_mods_changed_user|post_process_record_user|rgb_matrix_none_indicators_user|suspend_power_down_user|suspend_wakeup_init_user|td0_reset|wireless_enter_bluetooth_pin_code_entry_kb|wireless_enter_connected_kb|wireless_enter_discoverable_kb|wireless_enter_reconnecting_kb|wireless_enter_sleep_kb|wireless_exit_bluetooth_pin_code_entry_kb|wireless_post_task
0x08016714,24,spicfg,"ref1011_default,ref1011_feat",0x08015A24,data,1.000,
0x08016730,24,disconnected_config,"ref1011_default,ref1011_feat",0x08015A40,data,1.000,
0x08016748,24,reconnecting_config,"ref1011_default,ref1011_feat",0x08015A58,data,1.000,
0x08016760,24,connected_config,"ref1011_default,ref1011_feat",0x08015A70,data,1.000,
0x08016778,24,pairing_config,"ref1011_default,ref1011_feat",0x08015A88,data,1.000,
0x0801682C,16,key_comb_list,"ref1011_default,ref1011_feat",0x08015C75,data,1.000,
0x08016840,352,g_snled27351_leds,"ref1011_default,ref1011_feat",0x08015C89,data,1.000,
0x080169B8,1296,keymaps,ref1011_feat,0x08015E02,data,1.000,
0x08016EC8,54,CSWTCH.5|CSWTCH.7,"ref1011_default,ref1011_feat",0x08016312,data-ambiguous,1.000,object bytes occur at 2 places
0x08016EFE,54,CSWTCH.5|CSWTCH.7,"ref1011_default,ref1011_feat",0x08016312,data-ambiguous,1.000,object bytes occur at 2 places
0x08016F34,72,col_pins|pins_col,"ref1011_default,ref1011_feat",0x08016380,data-ambiguous,1.000,object bytes occur at 2 places
0x08016F7C,24,pins_row|row_pins,"ref1011_default,ref1011_feat",0x080163C8,data-ambiguous,1.000,object bytes occur at 2 places
0x08016F94,8,b_m16_interleave,"ref1011_default,ref1011_feat",0x080163E0,data,1.000,
0x08016FB4,256,CIE1931_CURVE,"ref1011_default,ref1011_feat",0x08016400,data,1.000,
0x080170B4,16,encoder_LUT,"ref1011_default,ref1011_feat",0x08016500,data,1.000,
0x08017100,36,ProductString,"ref1011_default,ref1011_feat",0x080165FC,data,1.000,
0x08017124,20,ManufacturerString,"ref1011_default,ref1011_feat",0x08016620,data,1.000,
0x0801713C,91,ConfigurationDescriptor,"ref1011_default,ref1011_feat",0x08016638,data,1.000,
0x08017384,28,efl_lld_size4,"ref1011_default,ref1011_feat",0x08016880,data,1.000,
0x080173A0,28,efl_lld_size3,"ref1011_default,ref1011_feat",0x0801689C,data,1.000,
0x080173BC,28,efl_lld_size2,"ref1011_default,ref1011_feat",0x080168B8,data,1.000,
0x080173D8,28,efl_lld_size1,"ref1011_default,ref1011_feat",0x080168D4,data,1.000,
0x080173F4,64,efl_lld_sect4,"ref1011_default,ref1011_feat",0x080168F0,data,1.000,
0x08017434,56,efl_lld_sect3,"ref1011_default,ref1011_feat",0x08016930,data-ambiguous,1.000,object bytes occur at 2 places
0x0801746C,48,efl_lld_sect2,"ref1011_default,ref1011_feat",0x08016968,data-ambiguous,1.000,object bytes occur at 3 places
0x0801749C,40,efl_lld_sect1,"ref1011_default,ref1011_feat",0x08016998,data-ambiguous,1.000,object bytes occur at 4 places
0x080174C4,192,_stm32_dma_streams,"ref1011_default,ref1011_feat",0x080169C0,data,1.000,
0x08017584,12,fsparams,"ref1011_default,ref1011_feat",0x08016A80,data,1.000,
0x080175B4,168,gpio_default_config,"ref1011_default,ref1011_feat",0x08016AB0,data,1.000,
0x080177F0,72,col_pins|pins_col,"ref1011_default,ref1011_feat",0x08016380,data-ambiguous,1.000,object bytes occur at 2 places
0x08017838,24,pins_row|row_pins,"ref1011_default,ref1011_feat",0x080163C8,data-ambiguous,1.000,object bytes occur at 2 places
0x08017A04,8,cs_pins,"ref1011_default,ref1011_feat",0x20000E5C,data,1.000,
0x08017A28,136,usb_endpoints_out,"ref1011_default,ref1011_feat",0x20000E84,data,1.000,
0x08017AB0,504,usb_endpoints_in,"ref1011_default,ref1011_feat",0x20000F0C,data,1.000,
