hook,dump_addr,size,status,ref_elf,evidence
process_record_user,0x080080DC,4,exact-ambiguous(unresolved:_getpid_r|bootmagic_lite_reset_eeprom|chSchReadyI|chSysTimerHandlerI|default_layer_set|early_hardware_init_pre|eeconfig_init|eeconfig_update_rgb_matrix|eeprom_driver_erase|eeprom_driver_init|eflInit|housekeeping_task_kb|indicator_disable|itoa|keycode_at_encodermap_location|keycode_at_keymap_location|process_record_user|protocol_pre_task|protocol_setup|rgb_matrix_set_color|rgb_matrix_set_color_all|rtcGetTime|rtcInit|rtcSetTime|rtc_timer_init|spiInit|stInit|timer_init|usbInit|usb_device_state_init|usb_device_state_set_resume|via_set_device_indication|wireless_disconnect|wireless_enter_reset_kb),"ref1011_default,ref1011_default_lto,ref1011_feat,ref1011_feat_lto,ref1011_via,ref1011_via_lto",
process_record_user,0x0800D348,4,exact-ambiguous(unresolved:_getpid_r|bootmagic_lite_reset_eeprom|chSchReadyI|chSysTimerHandlerI|default_layer_set|early_hardware_init_pre|eeconfig_init|eeconfig_update_rgb_matrix|eeprom_driver_erase|eeprom_driver_init|eflInit|housekeeping_task_kb|indicator_disable|itoa|keycode_at_encodermap_location|keycode_at_keymap_location|process_record_user|protocol_pre_task|protocol_setup|rgb_matrix_set_color|rgb_matrix_set_color_all|rtcGetTime|rtcInit|rtcSetTime|rtc_timer_init|spiInit|stInit|timer_init|usbInit|usb_device_state_init|usb_device_state_set_resume|via_set_device_indication|wireless_disconnect|wireless_enter_reset_kb),"ref1011_default,ref1011_default_lto,ref1011_feat,ref1011_feat_lto,ref1011_via,ref1011_via_lto",
process_record_user,0x080141A0,4,exact-ambiguous(unresolved:_getpid_r|bootmagic_lite_reset_eeprom|chSchReadyI|chSysTimerHandlerI|default_layer_set|early_hardware_init_pre|eeconfig_init|eeconfig_update_rgb_matrix|eeprom_driver_erase|eeprom_driver_init|eflInit|housekeeping_task_kb|indicator_disable|itoa|keycode_at_encodermap_location|keycode_at_keymap_location|process_record_user|protocol_pre_task|protocol_setup|rgb_matrix_set_color|rgb_matrix_set_color_all|rtcGetTime|rtcInit|rtcSetTime|rtc_timer_init|spiInit|stInit|timer_init|usbInit|usb_device_state_init|usb_device_state_set_resume|via_set_device_indication|wireless_disconnect|wireless_enter_reset_kb),"ref1011_default,ref1011_default_lto,ref1011_feat,ref1011_feat_lto,ref1011_via,ref1011_via_lto",
process_record_user,0x08014354,4,exact-ambiguous(unresolved:_getpid_r|bootmagic_lite_reset_eeprom|chSchReadyI|chSysTimerHandlerI|default_layer_set|early_hardware_init_pre|eeconfig_init|eeconfig_update_rgb_matrix|eeprom_driver_erase|eeprom_driver_init|eflInit|housekeeping_task_kb|indicator_disable|itoa|keycode_at_encodermap_location|keycode_at_keymap_location|process_record_user|protocol_pre_task|protocol_setup|rgb_matrix_set_color|rgb_matrix_set_color_all|rtcGetTime|rtcInit|rtcSetTime|rtc_timer_init|spiInit|stInit|timer_init|usbInit|usb_device_state_init|usb_device_state_set_resume|via_set_device_indication|wireless_disconnect|wireless_enter_reset_kb),"ref1011_default,ref1011_default_lto,ref1011_feat,ref1011_feat_lto,ref1011_via,ref1011_via_lto",
process_record_user,0x0801584A,4,exact-ambiguous(unresolved:_getpid_r|bootmagic_lite_reset_eeprom|chSchReadyI|chSysTimerHandlerI|default_layer_set|early_hardware_init_pre|eeconfig_init|eeconfig_update_rgb_matrix|eeprom_driver_erase|eeprom_driver_init|eflInit|housekeeping_task_kb|indicator_disable|itoa|keycode_at_encodermap_location|keycode_at_keymap_location|process_record_user|protocol_pre_task|protocol_setup|rgb_matrix_set_color|rgb_matrix_set_color_all|rtcGetTime|rtcInit|rtcSetTime|rtc_timer_init|spiInit|stInit|timer_init|usbInit|usb_device_state_init|usb_device_state_set_resume|via_set_device_indication|wireless_disconnect|wireless_enter_reset_kb),"ref1011_default,ref1011_default_lto,ref1011_feat,ref1011_feat_lto,ref1011_via,ref1011_via_lto",
process_record_user,0x08013AF4,4,exact-ambiguous(unresolved:_getpid_r|bootmagic_lite_reset_eeprom|chSchReadyI|chSysTimerHandlerI|default_layer_set|early_hardware_init_pre|eeconfig_init|eeconfig_update_rgb_matrix|eeprom_driver_erase|eeprom_driver_init|eflInit|housekeeping_task_kb|indicator_disable|itoa|keycode_at_encodermap_location|keycode_at_keymap_location|process_record_user|protocol_pre_task|protocol_setup|rgb_matrix_set_color|rgb_matrix_set_color_all|rtcGetTime|rtcInit|rtcSetTime|rtc_timer_init|spiInit|stInit|timer_init|usbInit|usb_device_state_init|usb_device_state_set_resume|via_set_device_indication|wireless_disconnect|wireless_enter_reset_kb),"ref1011_default,ref1011_default_lto,ref1011_feat,ref1011_feat_lto,ref1011_via,ref1011_via_lto",
process_record_user,0x08014108,4,exact-ambiguous(unresolved:_getpid_r|bootmagic_lite_reset_eeprom|chSchReadyI|chSysTimerHandlerI|default_layer_set|early_hardware_init_pre|eeconfig_init|eeconfig_update_rgb_matrix|eeprom_driver_erase|eeprom_driver_init|eflInit|housekeeping_task_kb|indicator_disable|itoa|keycode_at_encodermap_location|keycode_at_keymap_location|process_record_user|protocol_pre_task|protocol_setup|rgb_matrix_set_color|rgb_matrix_set_color_all|rtcGetTime|rtcInit|rtcSetTime|rtc_timer_init|spiInit|stInit|timer_init|usbInit|usb_device_state_init|usb_device_state_set_resume|via_set_device_indication|wireless_disconnect|wireless_enter_reset_kb),"ref1011_default,ref1011_default_lto,ref1011_feat,ref1011_feat_lto,ref1011_via,ref1011_via_lto",
process_record_user,0x0800D104,416,UNMATCHED-custom-code-candidate,,bl from process_record_kb@0x0800C6E8+0x6
process_record_kb,0x0800C6E8,26,exact,"ref1011_default,ref1011_feat,ref1011_via",
process_record_keychron,0x0800C6A0,32,fuzzy-anchored,ref1011_feat,process_record_keychron:b.w from process_record_kb@0x0800C6E8+0x14
process_record_keychron_common,0x0800C720,188,exact,"ref1011_default,ref1011_feat,ref1011_via",
process_record_quantum,0x0800D3B6,140,fuzzy-anchored,ref1011_default,process_record_quantum:bl from process_record@0x0800DAD8+0x8
housekeeping_task_user,0x0800896E,2,exact-ambiguous(unresolved:__aeabi_idiv0|__aeabi_ldiv0|__chibios_override_boardInit|__cpu_init|__late_init|__malloc_lock|__malloc_unlock|_fini|battery_stop|board_init|default_layer_debug|default_layer_state_set_user|dummy_cb|early_hardware_init_post|housekeeping_task_user|keyboard_post_init_user|keyboard_pre_init_user|layer_debug|layer_state_set_user|leader_start_user|led_init_ports|led_set_user|led_update_ports|matrix_init_user|matrix_power_down|matrix_power_up|matrix_print|matrix_scan_user|matrix_setup|notify_usb_device_state_change_user|oneshot_layer_changed_user|oneshot_locked_mods_changed_user|oneshot_mods_changed_user|post_process_record_user|rgb_matrix_none_indicators_user|suspend_power_down_user|suspend_wakeup_init_user|td0_reset|via_init_kb|via_set_layout_options_kb|wireless_enter_bluetooth_pin_code_entry_kb|wireless_enter_connected_kb|wireless_enter_discoverable_kb|wireless_enter_reconnecting_kb|wireless_enter_sleep_kb|wireless_exit_bluetooth_pin_code_entry_kb|wireless_post_task),"ref1011_default,ref1011_default_lto,ref1011_feat,ref1011_feat_lto,ref1011_via,ref1011_via_lto",
housekeeping_task_user,0x0800E768,2,exact-ambiguous,"ref1011_default,ref1011_feat,ref1011_via",housekeeping_task_user:bl from housekeeping_task@0x0800E76A+0x6
housekeeping_task_user,0x0800ED0C,2,exact-ambiguous(unresolved:__aeabi_idiv0|__aeabi_ldiv0|__chibios_override_boardInit|__cpu_init|__late_init|__malloc_lock|__malloc_unlock|_fini|battery_stop|board_init|default_layer_debug|default_layer_state_set_user|dummy_cb|early_hardware_init_post|housekeeping_task_user|keyboard_post_init_user|keyboard_pre_init_user|layer_debug|layer_state_set_user|leader_start_user|led_init_ports|led_set_user|led_update_ports|matrix_init_user|matrix_power_down|matrix_power_up|matrix_print|matrix_scan_user|matrix_setup|notify_usb_device_state_change_user|oneshot_layer_changed_user|oneshot_locked_mods_changed_user|oneshot_mods_changed_user|post_process_record_user|rgb_matrix_none_indicators_user|suspend_power_down_user|suspend_wakeup_init_user|td0_reset|via_init_kb|via_set_layout_options_kb|wireless_enter_bluetooth_pin_code_entry_kb|wireless_enter_connected_kb|wireless_enter_discoverable_kb|wireless_enter_reconnecting_kb|wireless_enter_sleep_kb|wireless_exit_bluetooth_pin_code_entry_kb|wireless_post_task),"ref1011_default,ref1011_default_lto,ref1011_feat,ref1011_feat_lto,ref1011_via,ref1011_via_lto",
housekeeping_task_user,0x0800FBA8,2,exact-ambiguous(unresolved:__aeabi_idiv0|__aeabi_ldiv0|__chibios_override_boardInit|__cpu_init|__late_init|__malloc_lock|__malloc_unlock|_fini|battery_stop|board_init|default_layer_debug|default_layer_state_set_user|dummy_cb|early_hardware_init_post|housekeeping_task_user|keyboard_post_init_user|keyboard_pre_init_user|layer_debug|layer_state_set_user|leader_start_user|led_init_ports|led_set_user|led_update_ports|matrix_init_user|matrix_power_down|matrix_power_up|matrix_print|matrix_scan_user|matrix_setup|notify_usb_device_state_change_user|oneshot_layer_changed_user|oneshot_locked_mods_changed_user|oneshot_mods_changed_user|post_process_record_user|rgb_matrix_none_indicators_user|suspend_power_down_user|suspend_wakeup_init_user|td0_reset|via_init_kb|via_set_layout_options_kb|wireless_enter_bluetooth_pin_code_entry_kb|wireless_enter_connected_kb|wireless_enter_discoverable_kb|wireless_enter_reconnecting_kb|wireless_enter_sleep_kb|wireless_exit_bluetooth_pin_code_entry_kb|wireless_post_task),"ref1011_default,ref1011_default_lto,ref1011_feat,ref1011_feat_lto,ref1011_via,ref1011_via_lto",
housekeeping_task_user,0x080127FC,2,exact-ambiguous(unresolved:__aeabi_idiv0|__aeabi_ldiv0|__chibios_override_boardInit|__cpu_init|__late_init|__malloc_lock|__malloc_unlock|_fini|battery_stop|board_init|default_layer_debug|default_layer_state_set_user|dummy_cb|early_hardware_init_post|housekeeping_task_user|keyboard_post_init_user|keyboard_pre_init_user|layer_debug|layer_state_set_user|leader_start_user|led_init_ports|led_set_user|led_update_ports|matrix_init_user|matrix_power_down|matrix_power_up|matrix_print|matrix_scan_user|matrix_setup|notify_usb_device_state_change_user|oneshot_layer_changed_user|oneshot_locked_mods_changed_user|oneshot_mods_changed_user|post_process_record_user|rgb_matrix_none_indicators_user|suspend_power_down_user|suspend_wakeup_init_user|td0_reset|via_init_kb|via_set_layout_options_kb|wireless_enter_bluetooth_pin_code_entry_kb|wireless_enter_connected_kb|wireless_enter_discoverable_kb|wireless_enter_reconnecting_kb|wireless_enter_sleep_kb|wireless_exit_bluetooth_pin_code_entry_kb|wireless_post_task),"ref1011_default,ref1011_default_lto,ref1011_feat,ref1011_feat_lto,ref1011_via,ref1011_via_lto",
housekeeping_task_user,0x08013AF8,2,exact-ambiguous(unresolved:__aeabi_idiv0|__aeabi_ldiv0|__chibios_override_boardInit|__cpu_init|__late_init|__malloc_lock|__malloc_unlock|_fini|battery_stop|board_init|default_layer_debug|default_layer_state_set_user|dummy_cb|early_hardware_init_post|housekeeping_task_user|keyboard_post_init_user|keyboard_pre_init_user|layer_debug|layer_state_set_user|leader_start_user|led_init_ports|led_set_user|led_update_ports|matrix_init_user|matrix_power_down|matrix_power_up|matrix_print|matrix_scan_user|matrix_setup|notify_usb_device_state_change_user|oneshot_layer_changed_user|oneshot_locked_mods_changed_user|oneshot_mods_changed_user|post_process_record_user|rgb_matrix_none_indicators_user|suspend_power_down_user|suspend_wakeup_init_user|td0_reset|via_init_kb|via_set_layout_options_kb|wireless_enter_bluetooth_pin_code_entry_kb|wireless_enter_connected_kb|wireless_enter_discoverable_kb|wireless_enter_reconnecting_kb|wireless_enter_sleep_kb|wireless_exit_bluetooth_pin_code_entry_kb|wireless_post_task),"ref1011_default,ref1011_default_lto,ref1011_feat,ref1011_feat_lto,ref1011_via,ref1011_via_lto",
housekeeping_task_user,0x08014894,2,exact-ambiguous(unresolved:__aeabi_idiv0|__aeabi_ldiv0|__chibios_override_boardInit|__cpu_init|__late_init|__malloc_lock|__malloc_unlock|_fini|battery_stop|board_init|default_layer_debug|default_layer_state_set_user|dummy_cb|early_hardware_init_post|housekeeping_task_user|keyboard_post_init_user|keyboard_pre_init_user|layer_debug|layer_state_set_user|leader_start_user|led_init_ports|led_set_user|led_update_ports|matrix_init_user|matrix_power_down|matrix_power_up|matrix_print|matrix_scan_user|matrix_setup|notify_usb_device_state_change_user|oneshot_layer_changed_user|oneshot_locked_mods_changed_user|oneshot_mods_changed_user|post_process_record_user|rgb_matrix_none_indicators_user|suspend_power_down_user|suspend_wakeup_init_user|td0_reset|via_init_kb|via_set_layout_options_kb|wireless_enter_bluetooth_pin_code_entry_kb|wireless_enter_connected_kb|wireless_enter_discoverable_kb|wireless_enter_reconnecting_kb|wireless_enter_sleep_kb|wireless_exit_bluetooth_pin_code_entry_kb|wireless_post_task),"ref1011_default,ref1011_default_lto,ref1011_feat,ref1011_feat_lto,ref1011_via,ref1011_via_lto",
housekeeping_task_user,0x08014C76,2,exact-ambiguous(unresolved:__aeabi_idiv0|__aeabi_ldiv0|__chibios_override_boardInit|__cpu_init|__late_init|__malloc_lock|__malloc_unlock|_fini|battery_stop|board_init|default_layer_debug|default_layer_state_set_user|dummy_cb|early_hardware_init_post|housekeeping_task_user|keyboard_post_init_user|keyboard_pre_init_user|layer_debug|layer_state_set_user|leader_start_user|led_init_ports|led_set_user|led_update_ports|matrix_init_user|matrix_power_down|matrix_power_up|matrix_print|matrix_scan_user|matrix_setup|notify_usb_device_state_change_user|oneshot_layer_changed_user|oneshot_locked_mods_changed_user|oneshot_mods_changed_user|post_process_record_user|rgb_matrix_none_indicators_user|suspend_power_down_user|suspend_wakeup_init_user|td0_reset|via_init_kb|via_set_layout_options_kb|wireless_enter_bluetooth_pin_code_entry_kb|wireless_enter_connected_kb|wireless_enter_discoverable_kb|wireless_enter_reconnecting_kb|wireless_enter_sleep_kb|wireless_exit_bluetooth_pin_code_entry_kb|wireless_post_task),"ref1011_default,ref1011_default_lto,ref1011_feat,ref1011_feat_lto,ref1011_via,ref1011_via_lto",
housekeeping_task_user,0x0800D4AE,2,exact-ambiguous(unresolved:__aeabi_idiv0|__aeabi_ldiv0|__chibios_override_boardInit|__cpu_init|__late_init|__malloc_lock|__malloc_unlock|_fini|battery_stop|board_init|default_layer_debug|default_layer_state_set_user|dummy_cb|early_hardware_init_post|housekeeping_task_user|keyboard_post_init_user|keyboard_pre_init_user|layer_debug|layer_state_set_user|leader_start_user|led_init_ports|led_set_user|led_update_ports|matrix_init_user|matrix_power_down|matrix_power_up|matrix_print|matrix_scan_user|matrix_setup|notify_usb_device_state_change_user|oneshot_layer_changed_user|oneshot_locked_mods_changed_user|oneshot_mods_changed_user|post_process_record_user|rgb_matrix_none_indicators_user|suspend_power_down_user|suspend_wakeup_init_user|td0_reset|via_init_kb|via_set_layout_options_kb|wireless_enter_bluetooth_pin_code_entry_kb|wireless_enter_connected_kb|wireless_enter_discoverable_kb|wireless_enter_reconnecting_kb|wireless_enter_sleep_kb|wireless_exit_bluetooth_pin_code_entry_kb|wireless_post_task),"ref1011_default,ref1011_default_lto,ref1011_feat,ref1011_feat_lto,ref1011_via,ref1011_via_lto",
housekeeping_task_user,0x0800DBC2,2,exact-ambiguous(unresolved:__aeabi_idiv0|__aeabi_ldiv0|__chibios_override_boardInit|__cpu_init|__late_init|__malloc_lock|__malloc_unlock|_fini|battery_stop|board_init|default_layer_debug|default_layer_state_set_user|dummy_cb|early_hardware_init_post|housekeeping_task_user|keyboard_post_init_user|keyboard_pre_init_user|layer_debug|layer_state_set_user|leader_start_user|led_init_ports|led_set_user|led_update_ports|matrix_init_user|matrix_power_down|matrix_power_up|matrix_print|matrix_scan_user|matrix_setup|notify_usb_device_state_change_user|oneshot_layer_changed_user|oneshot_locked_mods_changed_user|oneshot_mods_changed_user|post_process_record_user|rgb_matrix_none_indicators_user|suspend_power_down_user|suspend_wakeup_init_user|td0_reset|via_init_kb|via_set_layout_options_kb|wireless_enter_bluetooth_pin_code_entry_kb|wireless_enter_connected_kb|wireless_enter_discoverable_kb|wireless_enter_reconnecting_kb|wireless_enter_sleep_kb|wireless_exit_bluetooth_pin_code_entry_kb|wireless_post_task),"ref1011_default,ref1011_default_lto,ref1011_feat,ref1011_feat_lto,ref1011_via,ref1011_via_lto",
housekeeping_task_user,0x08016700,2,exact-ambiguous(unresolved:__aeabi_idiv0|__aeabi_ldiv0|__chibios_override_boardInit|__cpu_init|__late_init|__malloc_lock|__malloc_unlock|_fini|battery_stop|board_init|default_layer_debug|default_layer_state_set_user|dummy_cb|early_hardware_init_post|housekeeping_task_user|keyboard_post_init_user|keyboard_pre_init_user|layer_debug|layer_state_set_user|leader_start_user|led_init_ports|led_set_user|led_update_ports|matrix_init_user|matrix_power_down|matrix_power_up|matrix_print|matrix_scan_user|matrix_setup|notify_usb_device_state_change_user|oneshot_layer_changed_user|oneshot_locked_mods_changed_user|oneshot_mods_changed_user|post_process_record_user|rgb_matrix_none_indicators_user|suspend_power_down_user|suspend_wakeup_init_user|td0_reset|via_init_kb|via_set_layout_options_kb|wireless_enter_bluetooth_pin_code_entry_kb|wireless_enter_connected_kb|wireless_enter_discoverable_kb|wireless_enter_reconnecting_kb|wireless_enter_sleep_kb|wireless_exit_bluetooth_pin_code_entry_kb|wireless_post_task),"ref1011_default,ref1011_default_lto,ref1011_feat,ref1011_feat_lto,ref1011_via,ref1011_via_lto",
housekeeping_task_kb,0x080080DC,4,exact-ambiguous(unresolved:_getpid_r|bootmagic_lite_reset_eeprom|chSchReadyI|chSysTimerHandlerI|default_layer_set|early_hardware_init_pre|eeconfig_init|eeconfig_update_rgb_matrix|eeprom_driver_erase|eeprom_driver_init|eflInit|housekeeping_task_kb|indicator_disable|itoa|keycode_at_encodermap_location|keycode_at_keymap_location|process_record_user|protocol_pre_task|protocol_setup|rgb_matrix_set_color|rgb_matrix_set_color_all|rtcGetTime|rtcInit|rtcSetTime|rtc_timer_init|spiInit|stInit|timer_init|usbInit|usb_device_state_init|usb_device_state_set_resume|via_set_device_indication|wireless_disconnect|wireless_enter_reset_kb),"ref1011_default,ref1011_default_lto,ref1011_feat,ref1011_feat_lto,ref1011_via,ref1011_via_lto",
housekeeping_task_kb,0x0800C714,4,exact-ambiguous,"ref1011_default,ref1011_feat,ref1011_via",housekeeping_task_kb:bl from housekeeping_task@0x0800E76A+0x2
housekeeping_task_kb,0x0800D348,4,exact-ambiguous(unresolved:_getpid_r|bootmagic_lite_reset_eeprom|chSchReadyI|chSysTimerHandlerI|default_layer_set|early_hardware_init_pre|eeconfig_init|eeconfig_update_rgb_matrix|eeprom_driver_erase|eeprom_driver_init|eflInit|housekeeping_task_kb|indicator_disable|itoa|keycode_at_encodermap_location|keycode_at_keymap_location|process_record_user|protocol_pre_task|protocol_setup|rgb_matrix_set_color|rgb_matrix_set_color_all|rtcGetTime|rtcInit|rtcSetTime|rtc_timer_init|spiInit|stInit|timer_init|usbInit|usb_device_state_init|usb_device_state_set_resume|via_set_device_indication|wireless_disconnect|wireless_enter_reset_kb),"ref1011_default,ref1011_default_lto,ref1011_feat,ref1011_feat_lto,ref1011_via,ref1011_via_lto",
housekeeping_task_kb,0x080141A0,4,exact-ambiguous(unresolved:_getpid_r|bootmagic_lite_reset_eeprom|chSchReadyI|chSysTimerHandlerI|default_layer_set|early_hardware_init_pre|eeconfig_init|eeconfig_update_rgb_matrix|eeprom_driver_erase|eeprom_driver_init|eflInit|housekeeping_task_kb|indicator_disable|itoa|keycode_at_encodermap_location|keycode_at_keymap_location|process_record_user|protocol_pre_task|protocol_setup|rgb_matrix_set_color|rgb_matrix_set_color_all|rtcGetTime|rtcInit|rtcSetTime|rtc_timer_init|spiInit|stInit|timer_init|usbInit|usb_device_state_init|usb_device_state_set_resume|via_set_device_indication|wireless_disconnect|wireless_enter_reset_kb),"ref1011_default,ref1011_default_lto,ref1011_feat,ref1011_feat_lto,ref1011_via,ref1011_via_lto",
housekeeping_task_kb,0x08014354,4,exact-ambiguous(unresolved:_getpid_r|bootmagic_lite_reset_eeprom|chSchReadyI|chSysTimerHandlerI|default_layer_set|early_hardware_init_pre|eeconfig_init|eeconfig_update_rgb_matrix|eeprom_driver_erase|eeprom_driver_init|eflInit|housekeeping_task_kb|indicator_disable|itoa|keycode_at_encodermap_location|keycode_at_keymap_location|process_record_user|protocol_pre_task|protocol_setup|rgb_matrix_set_color|rgb_matrix_set_color_all|rtcGetTime|rtcInit|rtcSetTime|rtc_timer_init|spiInit|stInit|timer_init|usbInit|usb_device_state_init|usb_device_state_set_resume|via_set_device_indication|wireless_disconnect|wireless_enter_reset_kb),"ref1011_default,ref1011_default_lto,ref1011_feat,ref1011_feat_lto,ref1011_via,ref1011_via_lto",
housekeeping_task_kb,0x0801584A,4,exact-ambiguous(unresolved:_getpid_r|bootmagic_lite_reset_eeprom|chSchReadyI|chSysTimerHandlerI|default_layer_set|early_hardware_init_pre|eeconfig_init|eeconfig_update_rgb_matrix|eeprom_driver_erase|eeprom_driver_init|eflInit|housekeeping_task_kb|indicator_disable|itoa|keycode_at_encodermap_location|keycode_at_keymap_location|process_record_user|protocol_pre_task|protocol_setup|rgb_matrix_set_color|rgb_matrix_set_color_all|rtcGetTime|rtcInit|rtcSetTime|rtc_timer_init|spiInit|stInit|timer_init|usbInit|usb_device_state_init|usb_device_state_set_resume|via_set_device_indication|wireless_disconnect|wireless_enter_reset_kb),"ref1011_default,ref1011_default_lto,ref1011_feat,ref1011_feat_lto,ref1011_via,ref1011_via_lto",
housekeeping_task_kb,0x08013AF4,4,exact-ambiguous(unresolved:_getpid_r|bootmagic_lite_reset_eeprom|chSchReadyI|chSysTimerHandlerI|default_layer_set|early_hardware_init_pre|eeconfig_init|eeconfig_update_rgb_matrix|eeprom_driver_erase|eeprom_driver_init|eflInit|housekeeping_task_kb|indicator_disable|itoa|keycode_at_encodermap_location|keycode_at_keymap_location|process_record_user|protocol_pre_task|protocol_setup|rgb_matrix_set_color|rgb_matrix_set_color_all|rtcGetTime|rtcInit|rtcSetTime|rtc_timer_init|spiInit|stInit|timer_init|usbInit|usb_device_state_init|usb_device_state_set_resume|via_set_device_indication|wireless_disconnect|wireless_enter_reset_kb),"ref1011_default,ref1011_default_lto,ref1011_feat,ref1011_feat_lto,ref1011_via,ref1011_via_lto",
housekeeping_task_kb,0x08014108,4,exact-ambiguous(unresolved:_getpid_r|bootmagic_lite_reset_eeprom|chSchReadyI|chSysTimerHandlerI|default_layer_set|early_hardware_init_pre|eeconfig_init|eeconfig_update_rgb_matrix|eeprom_driver_erase|eeprom_driver_init|eflInit|housekeeping_task_kb|indicator_disable|itoa|keycode_at_encodermap_location|keycode_at_keymap_location|process_record_user|protocol_pre_task|protocol_setup|rgb_matrix_set_color|rgb_matrix_set_color_all|rtcGetTime|rtcInit|rtcSetTime|rtc_timer_init|spiInit|stInit|timer_init|usbInit|usb_device_state_init|usb_device_state_set_resume|via_set_device_indication|wireless_disconnect|wireless_enter_reset_kb),"ref1011_default,ref1011_default_lto,ref1011_feat,ref1011_feat_lto,ref1011_via,ref1011_via_lto",
matrix_scan_user,0x0800896E,2,exact-ambiguous(unresolved:__aeabi_idiv0|__aeabi_ldiv0|__chibios_override_boardInit|__cpu_init|__late_init|__malloc_lock|__malloc_unlock|_fini|battery_stop|board_init|default_layer_debug|default_layer_state_set_user|dummy_cb|early_hardware_init_post|housekeeping_task_user|keyboard_post_init_user|keyboard_pre_init_user|layer_debug|layer_state_set_user|leader_start_user|led_init_ports|led_set_user|led_update_ports|matrix_init_user|matrix_power_down|matrix_power_up|matrix_print|matrix_scan_user|matrix_setup|notify_usb_device_state_change_user|oneshot_layer_changed_user|oneshot_locked_mods_changed_user|oneshot_mods_changed_user|post_process_record_user|rgb_matrix_none_indicators_user|suspend_power_down_user|suspend_wakeup_init_user|td0_reset|via_init_kb|via_set_layout_options_kb|wireless_enter_bluetooth_pin_code_entry_kb|wireless_enter_connected_kb|wireless_enter_discoverable_kb|wireless_enter_reconnecting_kb|wireless_enter_sleep_kb|wireless_exit_bluetooth_pin_code_entry_kb|wireless_post_task),"ref1011_default,ref1011_default_lto,ref1011_feat,ref1011_feat_lto,ref1011_via,ref1011_via_lto",
matrix_scan_user,0x0800ED0C,2,exact-ambiguous(unresolved:__aeabi_idiv0|__aeabi_ldiv0|__chibios_override_boardInit|__cpu_init|__late_init|__malloc_lock|__malloc_unlock|_fini|battery_stop|board_init|default_layer_debug|default_layer_state_set_user|dummy_cb|early_hardware_init_post|housekeeping_task_user|keyboard_post_init_user|keyboard_pre_init_user|layer_debug|layer_state_set_user|leader_start_user|led_init_ports|led_set_user|led_update_ports|matrix_init_user|matrix_power_down|matrix_power_up|matrix_print|matrix_scan_user|matrix_setup|notify_usb_device_state_change_user|oneshot_layer_changed_user|oneshot_locked_mods_changed_user|oneshot_mods_changed_user|post_process_record_user|rgb_matrix_none_indicators_user|suspend_power_down_user|suspend_wakeup_init_user|td0_reset|via_init_kb|via_set_layout_options_kb|wireless_enter_bluetooth_pin_code_entry_kb|wireless_enter_connected_kb|wireless_enter_discoverable_kb|wireless_enter_reconnecting_kb|wireless_enter_sleep_kb|wireless_exit_bluetooth_pin_code_entry_kb|wireless_post_task),"ref1011_default,ref1011_default_lto,ref1011_feat,ref1011_feat_lto,ref1011_via,ref1011_via_lto",
matrix_scan_user,0x0800ED16,2,exact-ambiguous,"ref1011_default,ref1011_feat,ref1011_via",matrix_scan_user:bl from matrix_scan_kb@0x0800ED18+0x2
matrix_scan_user,0x0800FBA8,2,exact-ambiguous(unresolved:__aeabi_idiv0|__aeabi_ldiv0|__chibios_override_boardInit|__cpu_init|__late_init|__malloc_lock|__malloc_unlock|_fini|battery_stop|board_init|default_layer_debug|default_layer_state_set_user|dummy_cb|early_hardware_init_post|housekeeping_task_user|keyboard_post_init_user|keyboard_pre_init_user|layer_debug|layer_state_set_user|leader_start_user|led_init_ports|led_set_user|led_update_ports|matrix_init_user|matrix_power_down|matrix_power_up|matrix_print|matrix_scan_user|matrix_setup|notify_usb_device_state_change_user|oneshot_layer_changed_user|oneshot_locked_mods_changed_user|oneshot_mods_changed_user|post_process_record_user|rgb_matrix_none_indicators_user|suspend_power_down_user|suspend_wakeup_init_user|td0_reset|via_init_kb|via_set_layout_options_kb|wireless_enter_bluetooth_pin_code_entry_kb|wireless_enter_connected_kb|wireless_enter_discoverable_kb|wireless_enter_reconnecting_kb|wireless_enter_sleep_kb|wireless_exit_bluetooth_pin_code_entry_kb|wireless_post_task),"ref1011_default,ref1011_default_lto,ref1011_feat,ref1011_feat_lto,ref1011_via,ref1011_via_lto",
matrix_scan_user,0x080127FC,2,exact-ambiguous(unresolved:__aeabi_idiv0|__aeabi_ldiv0|__chibios_override_boardInit|__cpu_init|__late_init|__malloc_lock|__malloc_unlock|_fini|battery_stop|board_init|default_layer_debug|default_layer_state_set_user|dummy_cb|early_hardware_init_post|housekeeping_task_user|keyboard_post_init_user|keyboard_pre_init_user|layer_debug|layer_state_set_user|leader_start_user|led_init_ports|led_set_user|led_update_ports|matrix_init_user|matrix_power_down|matrix_power_up|matrix_print|matrix_scan_user|matrix_setup|notify_usb_device_state_change_user|oneshot_layer_changed_user|oneshot_locked_mods_changed_user|oneshot_mods_changed_user|post_process_record_user|rgb_matrix_none_indicators_user|suspend_power_down_user|suspend_wakeup_init_user|td0_reset|via_init_kb|via_set_layout_options_kb|wireless_enter_bluetooth_pin_code_entry_kb|wireless_enter_connected_kb|wireless_enter_discoverable_kb|wireless_enter_reconnecting_kb|wireless_enter_sleep_kb|wireless_exit_bluetooth_pin_code_entry_kb|wireless_post_task),"ref1011_default,ref1011_default_lto,ref1011_feat,ref1011_feat_lto,ref1011_via,ref1011_via_lto",
matrix_scan_user,0x08013AF8,2,exact-ambiguous(unresolved:__aeabi_idiv0|__aeabi_ldiv0|__chibios_override_boardInit|__cpu_init|__late_init|__malloc_lock|__malloc_unlock|_fini|battery_stop|board_init|default_layer_debug|default_layer_state_set_user|dummy_cb|early_hardware_init_post|housekeeping_task_user|keyboard_post_init_user|keyboard_pre_init_user|layer_debug|layer_state_set_user|leader_start_user|led_init_ports|led_set_user|led_update_ports|matrix_init_user|matrix_power_down|matrix_power_up|matrix_print|matrix_scan_user|matrix_setup|notify_usb_device_state_change_user|oneshot_layer_changed_user|oneshot_locked_mods_changed_user|oneshot_mods_changed_user|post_process_record_user|rgb_matrix_none_indicators_user|suspend_power_down_user|suspend_wakeup_init_user|td0_reset|via_init_kb|via_set_layout_options_kb|wireless_enter_bluetooth_pin_code_entry_kb|wireless_enter_connected_kb|wireless_enter_discoverable_kb|wireless_enter_reconnecting_kb|wireless_enter_sleep_kb|wireless_exit_bluetooth_pin_code_entry_kb|wireless_post_task),"ref1011_default,ref1011_default_lto,ref1011_feat,ref1011_feat_lto,ref1011_via,ref1011_via_lto",
matrix_scan_user,0x08014894,2,exact-ambiguous(unresolved:__aeabi_idiv0|__aeabi_ldiv0|__chibios_override_boardInit|__cpu_init|__late_init|__malloc_lock|__malloc_unlock|_fini|battery_stop|board_init|default_layer_debug|default_layer_state_set_user|dummy_cb|early_hardware_init_post|housekeeping_task_user|keyboard_post_init_user|keyboard_pre_init_user|layer_debug|layer_state_set_user|leader_start_user|led_init_ports|led_set_user|led_update_ports|matrix_init_user|matrix_power_down|matrix_power_up|matrix_print|matrix_scan_user|matrix_setup|notify_usb_device_state_change_user|oneshot_layer_changed_user|oneshot_locked_mods_changed_user|oneshot_mods_changed_user|post_process_record_user|rgb_matrix_none_indicators_user|suspend_power_down_user|suspend_wakeup_init_user|td0_reset|via_init_kb|via_set_layout_options_kb|wireless_enter_bluetooth_pin_code_entry_kb|wireless_enter_connected_kb|wireless_enter_discoverable_kb|wireless_enter_reconnecting_kb|wireless_enter_sleep_kb|wireless_exit_bluetooth_pin_code_entry_kb|wireless_post_task),"ref1011_default,ref1011_default_lto,ref1011_feat,ref1011_feat_lto,ref1011_via,ref1011_via_lto",
matrix_scan_user,0x08014C76,2,exact-ambiguous(unresolved:__aeabi_idiv0|__aeabi_ldiv0|__chibios_override_boardInit|__cpu_init|__late_init|__malloc_lock|__malloc_unlock|_fini|battery_stop|board_init|default_layer_debug|default_layer_state_set_user|dummy_cb|early_hardware_init_post|housekeeping_task_user|keyboard_post_init_user|keyboard_pre_init_user|layer_debug|layer_state_set_user|leader_start_user|led_init_ports|led_set_user|led_update_ports|matrix_init_user|matrix_power_down|matrix_power_up|matrix_print|matrix_scan_user|matrix_setup|notify_usb_device_state_change_user|oneshot_layer_changed_user|oneshot_locked_mods_changed_user|oneshot_mods_changed_user|post_process_record_user|rgb_matrix_none_indicators_user|suspend_power_down_user|suspend_wakeup_init_user|td0_reset|via_init_kb|via_set_layout_options_kb|wireless_enter_bluetooth_pin_code_entry_kb|wireless_enter_connected_kb|wireless_enter_discoverable_kb|wireless_enter_reconnecting_kb|wireless_enter_sleep_kb|wireless_exit_bluetooth_pin_code_entry_kb|wireless_post_task),"ref1011_default,ref1011_default_lto,ref1011_feat,ref1011_feat_lto,ref1011_via,ref1011_via_lto",
matrix_scan_user,0x0800D4AE,2,exact-ambiguous(unresolved:__aeabi_idiv0|__aeabi_ldiv0|__chibios_override_boardInit|__cpu_init|__late_init|__malloc_lock|__malloc_unlock|_fini|battery_stop|board_init|default_layer_debug|default_layer_state_set_user|dummy_cb|early_hardware_init_post|housekeeping_task_user|keyboard_post_init_user|keyboard_pre_init_user|layer_debug|layer_state_set_user|leader_start_user|led_init_ports|led_set_user|led_update_ports|matrix_init_user|matrix_power_down|matrix_power_up|matrix_print|matrix_scan_user|matrix_setup|notify_usb_device_state_change_user|oneshot_layer_changed_user|oneshot_locked_mods_changed_user|oneshot_mods_changed_user|post_process_record_user|rgb_matrix_none_indicators_user|suspend_power_down_user|suspend_wakeup_init_user|td0_reset|via_init_kb|via_set_layout_options_kb|wireless_enter_bluetooth_pin_code_entry_kb|wireless_enter_connected_kb|wireless_enter_discoverable_kb|wireless_enter_reconnecting_kb|wireless_enter_sleep_kb|wireless_exit_bluetooth_pin_code_entry_kb|wireless_post_task),"ref1011_default,ref1011_default_lto,ref1011_feat,ref1011_feat_lto,ref1011_via,ref1011_via_lto",
matrix_scan_user,0x0800DBC2,2,exact-ambiguous(unresolved:__aeabi_idiv0|__aeabi_ldiv0|__chibios_override_boardInit|__cpu_init|__late_init|__malloc_lock|__malloc_unlock|_fini|battery_stop|board_init|default_layer_debug|default_layer_state_set_user|dummy_cb|early_hardware_init_post|housekeeping_task_user|keyboard_post_init_user|keyboard_pre_init_user|layer_debug|layer_state_set_user|leader_start_user|led_init_ports|led_set_user|led_update_ports|matrix_init_user|matrix_power_down|matrix_power_up|matrix_print|matrix_scan_user|matrix_setup|notify_usb_device_state_change_user|oneshot_layer_changed_user|oneshot_locked_mods_changed_user|oneshot_mods_changed_user|post_process_record_user|rgb_matrix_none_indicators_user|suspend_power_down_user|suspend_wakeup_init_user|td0_reset|via_init_kb|via_set_layout_options_kb|wireless_enter_bluetooth_pin_code_entry_kb|wireless_enter_connected_kb|wireless_enter_discoverable_kb|wireless_enter_reconnecting_kb|wireless_enter_sleep_kb|wireless_exit_bluetooth_pin_code_entry_kb|wireless_post_task),"ref1011_default,ref1011_default_lto,ref1011_feat,ref1011_feat_lto,ref1011_via,ref1011_via_lto",
matrix_scan_user,0x08016700,2,exact-ambiguous(unresolved:__aeabi_idiv0|__aeabi_ldiv0|__chibios_override_boardInit|__cpu_init|__late_init|__malloc_lock|__malloc_unlock|_fini|battery_stop|board_init|default_layer_debug|default_layer_state_set_user|dummy_cb|early_hardware_init_post|housekeeping_task_user|keyboard_post_init_user|keyboard_pre_init_user|layer_debug|layer_state_set_user|leader_start_user|led_init_ports|led_set_user|led_update_ports|matrix_init_user|matrix_power_down|matrix_power_up|matrix_print|matrix_scan_user|matrix_setup|notify_usb_device_state_change_user|oneshot_layer_changed_user|oneshot_locked_mods_changed_user|oneshot_mods_changed_user|post_process_record_user|rgb_matrix_none_indicators_user|suspend_power_down_user|suspend_wakeup_init_user|td0_reset|via_init_kb|via_set_layout_options_kb|wireless_enter_bluetooth_pin_code_entry_kb|wireless_enter_connected_kb|wireless_enter_discoverable_kb|wireless_enter_reconnecting_kb|wireless_enter_sleep_kb|wireless_exit_bluetooth_pin_code_entry_kb|wireless_post_task),"ref1011_default,ref1011_default_lto,ref1011_feat,ref1011_feat_lto,ref1011_via,ref1011_via_lto",
matrix_scan_kb,0x0800E38C,8,exact-ambiguous(unresolved:bootmagic|default_layer_state_set_kb|dip_switch_update_mask_kb|host_keyboard_led_state|keyboard_pre_init_kb|layer_state_set_kb|matrix_init_kb|matrix_output_unselect_delay|matrix_scan_kb|notify_usb_device_state_change_kb|oneshot_layer_changed_kb|oneshot_locked_mods_changed_kb|oneshot_mods_changed_kb|post_process_record_kb|pre_process_record_kb|rgb_matrix_indicators_advanced_kb|should_process_keypress|shutdown_kb|suspend_power_down_kb|suspend_wakeup_init_kb),"ref1011_default,ref1011_feat,ref1011_via",oneshot_locked_mods_changed_kb:bl from add_oneshot_locked_mods@0x0800E394+0x10 ; oneshot_mods_changed_kb:bl from clear_oneshot_mods@0x0800E3B0+0xC
matrix_scan_kb,0x0800ED0E,8,exact-ambiguous(unresolved:bootmagic|default_layer_state_set_kb|dip_switch_update_mask_kb|host_keyboard_led_state|keyboard_pre_init_kb|layer_state_set_kb|matrix_init_kb|matrix_output_unselect_delay|matrix_scan_kb|notify_usb_device_state_change_kb|oneshot_layer_changed_kb|oneshot_locked_mods_changed_kb|oneshot_mods_changed_kb|post_process_record_kb|pre_process_record_kb|rgb_matrix_indicators_advanced_kb|should_process_keypress|shutdown_kb|suspend_power_down_kb|suspend_wakeup_init_kb),"ref1011_default,ref1011_feat,ref1011_via",
matrix_scan_kb,0x0800ED18,8,exact-ambiguous,"ref1011_default,ref1011_feat,ref1011_via",matrix_scan_kb:bl(fuzzy-paired) from matrix_scan@0x0800EE8C+0x58
matrix_scan_kb,0x0800ED50,8,exact-ambiguous(unresolved:bootmagic|default_layer_state_set_kb|dip_switch_update_mask_kb|host_keyboard_led_state|keyboard_pre_init_kb|layer_state_set_kb|matrix_init_kb|matrix_output_unselect_delay|matrix_scan_kb|notify_usb_device_state_change_kb|oneshot_layer_changed_kb|oneshot_locked_mods_changed_kb|oneshot_mods_changed_kb|post_process_record_kb|pre_process_record_kb|rgb_matrix_indicators_advanced_kb|should_process_keypress|shutdown_kb|suspend_power_down_kb|suspend_wakeup_init_kb),"ref1011_default,ref1011_feat,ref1011_via",
keyboard_post_init_user,0x0800896E,2,exact-ambiguous(unresolved:__aeabi_idiv0|__aeabi_ldiv0|__chibios_override_boardInit|__cpu_init|__late_init|__malloc_lock|__malloc_unlock|_fini|battery_stop|board_init|default_layer_debug|default_layer_state_set_user|dummy_cb|early_hardware_init_post|housekeeping_task_user|keyboard_post_init_user|keyboard_pre_init_user|layer_debug|layer_state_set_user|leader_start_user|led_init_ports|led_set_user|led_update_ports|matrix_init_user|matrix_power_down|matrix_power_up|matrix_print|matrix_scan_user|matrix_setup|notify_usb_device_state_change_user|oneshot_layer_changed_user|oneshot_locked_mods_changed_user|oneshot_mods_changed_user|post_process_record_user|rgb_matrix_none_indicators_user|suspend_power_down_user|suspend_wakeup_init_user|td0_reset|via_init_kb|via_set_layout_options_kb|wireless_enter_bluetooth_pin_code_entry_kb|wireless_enter_connected_kb|wireless_enter_discoverable_kb|wireless_enter_reconnecting_kb|wireless_enter_sleep_kb|wireless_exit_bluetooth_pin_code_entry_kb|wireless_post_task),"ref1011_default,ref1011_default_lto,ref1011_feat,ref1011_feat_lto,ref1011_via,ref1011_via_lto",
keyboard_post_init_user,0x0800ED0C,2,exact-ambiguous(unresolved:__aeabi_idiv0|__aeabi_ldiv0|__chibios_override_boardInit|__cpu_init|__late_init|__malloc_lock|__malloc_unlock|_fini|battery_stop|board_init|default_layer_debug|default_layer_state_set_user|dummy_cb|early_hardware_init_post|housekeeping_task_user|keyboard_post_init_user|keyboard_pre_init_user|layer_debug|layer_state_set_user|leader_start_user|led_init_ports|led_set_user|led_update_ports|matrix_init_user|matrix_power_down|matrix_power_up|matrix_print|matrix_scan_user|matrix_setup|notify_usb_device_state_change_user|oneshot_layer_changed_user|oneshot_locked_mods_changed_user|oneshot_mods_changed_user|post_process_record_user|rgb_matrix_none_indicators_user|suspend_power_down_user|suspend_wakeup_init_user|td0_reset|via_init_kb|via_set_layout_options_kb|wireless_enter_bluetooth_pin_code_entry_kb|wireless_enter_connected_kb|wireless_enter_discoverable_kb|wireless_enter_reconnecting_kb|wireless_enter_sleep_kb|wireless_exit_bluetooth_pin_code_entry_kb|wireless_post_task),"ref1011_default,ref1011_default_lto,ref1011_feat,ref1011_feat_lto,ref1011_via,ref1011_via_lto",
keyboard_post_init_user,0x0800FBA8,2,exact-ambiguous(unresolved:__aeabi_idiv0|__aeabi_ldiv0|__chibios_override_boardInit|__cpu_init|__late_init|__malloc_lock|__malloc_unlock|_fini|battery_stop|board_init|default_layer_debug|default_layer_state_set_user|dummy_cb|early_hardware_init_post|housekeeping_task_user|keyboard_post_init_user|keyboard_pre_init_user|layer_debug|layer_state_set_user|leader_start_user|led_init_ports|led_set_user|led_update_ports|matrix_init_user|matrix_power_down|matrix_power_up|matrix_print|matrix_scan_user|matrix_setup|notify_usb_device_state_change_user|oneshot_layer_changed_user|oneshot_locked_mods_changed_user|oneshot_mods_changed_user|post_process_record_user|rgb_matrix_none_indicators_user|suspend_power_down_user|suspend_wakeup_init_user|td0_reset|via_init_kb|via_set_layout_options_kb|wireless_enter_bluetooth_pin_code_entry_kb|wireless_enter_connected_kb|wireless_enter_discoverable_kb|wireless_enter_reconnecting_kb|wireless_enter_sleep_kb|wireless_exit_bluetooth_pin_code_entry_kb|wireless_post_task),"ref1011_default,ref1011_default_lto,ref1011_feat,ref1011_feat_lto,ref1011_via,ref1011_via_lto",
keyboard_post_init_user,0x080127FC,2,exact-ambiguous(unresolved:__aeabi_idiv0|__aeabi_ldiv0|__chibios_override_boardInit|__cpu_init|__late_init|__malloc_lock|__malloc_unlock|_fini|battery_stop|board_init|default_layer_debug|default_layer_state_set_user|dummy_cb|early_hardware_init_post|housekeeping_task_user|keyboard_post_init_user|keyboard_pre_init_user|layer_debug|layer_state_set_user|leader_start_user|led_init_ports|led_set_user|led_update_ports|matrix_init_user|matrix_power_down|matrix_power_up|matrix_print|matrix_scan_user|matrix_setup|notify_usb_device_state_change_user|oneshot_layer_changed_user|oneshot_locked_mods_changed_user|oneshot_mods_changed_user|post_process_record_user|rgb_matrix_none_indicators_user|suspend_power_down_user|suspend_wakeup_init_user|td0_reset|via_init_kb|via_set_layout_options_kb|wireless_enter_bluetooth_pin_code_entry_kb|wireless_enter_connected_kb|wireless_enter_discoverable_kb|wireless_enter_reconnecting_kb|wireless_enter_sleep_kb|wireless_exit_bluetooth_pin_code_entry_kb|wireless_post_task),"ref1011_default,ref1011_default_lto,ref1011_feat,ref1011_feat_lto,ref1011_via,ref1011_via_lto",
keyboard_post_init_user,0x08013AF8,2,exact-ambiguous(unresolved:__aeabi_idiv0|__aeabi_ldiv0|__chibios_override_boardInit|__cpu_init|__late_init|__malloc_lock|__malloc_unlock|_fini|battery_stop|board_init|default_layer_debug|default_layer_state_set_user|dummy_cb|early_hardware_init_post|housekeeping_task_user|keyboard_post_init_user|keyboard_pre_init_user|layer_debug|layer_state_set_user|leader_start_user|led_init_ports|led_set_user|led_update_ports|matrix_init_user|matrix_power_down|matrix_power_up|matrix_print|matrix_scan_user|matrix_setup|notify_usb_device_state_change_user|oneshot_layer_changed_user|oneshot_locked_mods_changed_user|oneshot_mods_changed_user|post_process_record_user|rgb_matrix_none_indicators_user|suspend_power_down_user|suspend_wakeup_init_user|td0_reset|via_init_kb|via_set_layout_options_kb|wireless_enter_bluetooth_pin_code_entry_kb|wireless_enter_connected_kb|wireless_enter_discoverable_kb|wireless_enter_reconnecting_kb|wireless_enter_sleep_kb|wireless_exit_bluetooth_pin_code_entry_kb|wireless_post_task),"ref1011_default,ref1011_default_lto,ref1011_feat,ref1011_feat_lto,ref1011_via,ref1011_via_lto",
keyboard_post_init_user,0x08014894,2,exact-ambiguous(unresolved:__aeabi_idiv0|__aeabi_ldiv0|__chibios_override_boardInit|__cpu_init|__late_init|__malloc_lock|__malloc_unlock|_fini|battery_stop|board_init|default_layer_debug|default_layer_state_set_user|dummy_cb|early_hardware_init_post|housekeeping_task_user|keyboard_post_init_user|keyboard_pre_init_user|layer_debug|layer_state_set_user|leader_start_user|led_init_ports|led_set_user|led_update_ports|matrix_init_user|matrix_power_down|matrix_power_up|matrix_print|matrix_scan_user|matrix_setup|notify_usb_device_state_change_user|oneshot_layer_changed_user|oneshot_locked_mods_changed_user|oneshot_mods_changed_user|post_process_record_user|rgb_matrix_none_indicators_user|suspend_power_down_user|suspend_wakeup_init_user|td0_reset|via_init_kb|via_set_layout_options_kb|wireless_enter_bluetooth_pin_code_entry_kb|wireless_enter_connected_kb|wireless_enter_discoverable_kb|wireless_enter_reconnecting_kb|wireless_enter_sleep_kb|wireless_exit_bluetooth_pin_code_entry_kb|wireless_post_task),"ref1011_default,ref1011_default_lto,ref1011_feat,ref1011_feat_lto,ref1011_via,ref1011_via_lto",
keyboard_post_init_user,0x08014C76,2,exact-ambiguous(unresolved:__aeabi_idiv0|__aeabi_ldiv0|__chibios_override_boardInit|__cpu_init|__late_init|__malloc_lock|__malloc_unlock|_fini|battery_stop|board_init|default_layer_debug|default_layer_state_set_user|dummy_cb|early_hardware_init_post|housekeeping_task_user|keyboard_post_init_user|keyboard_pre_init_user|layer_debug|layer_state_set_user|leader_start_user|led_init_ports|led_set_user|led_update_ports|matrix_init_user|matrix_power_down|matrix_power_up|matrix_print|matrix_scan_user|matrix_setup|notify_usb_device_state_change_user|oneshot_layer_changed_user|oneshot_locked_mods_changed_user|oneshot_mods_changed_user|post_process_record_user|rgb_matrix_none_indicators_user|suspend_power_down_user|suspend_wakeup_init_user|td0_reset|via_init_kb|via_set_layout_options_kb|wireless_enter_bluetooth_pin_code_entry_kb|wireless_enter_connected_kb|wireless_enter_discoverable_kb|wireless_enter_reconnecting_kb|wireless_enter_sleep_kb|wireless_exit_bluetooth_pin_code_entry_kb|wireless_post_task),"ref1011_default,ref1011_default_lto,ref1011_feat,ref1011_feat_lto,ref1011_via,ref1011_via_lto",
keyboard_post_init_user,0x0800D4AE,2,exact-ambiguous(unresolved:__aeabi_idiv0|__aeabi_ldiv0|__chibios_override_boardInit|__cpu_init|__late_init|__malloc_lock|__malloc_unlock|_fini|battery_stop|board_init|default_layer_debug|default_layer_state_set_user|dummy_cb|early_hardware_init_post|housekeeping_task_user|keyboard_post_init_user|keyboard_pre_init_user|layer_debug|layer_state_set_user|leader_start_user|led_init_ports|led_set_user|led_update_ports|matrix_init_user|matrix_power_down|matrix_power_up|matrix_print|matrix_scan_user|matrix_setup|notify_usb_device_state_change_user|oneshot_layer_changed_user|oneshot_locked_mods_changed_user|oneshot_mods_changed_user|post_process_record_user|rgb_matrix_none_indicators_user|suspend_power_down_user|suspend_wakeup_init_user|td0_reset|via_init_kb|via_set_layout_options_kb|wireless_enter_bluetooth_pin_code_entry_kb|wireless_enter_connected_kb|wireless_enter_discoverable_kb|wireless_enter_reconnecting_kb|wireless_enter_sleep_kb|wireless_exit_bluetooth_pin_code_entry_kb|wireless_post_task),"ref1011_default,ref1011_default_lto,ref1011_feat,ref1011_feat_lto,ref1011_via,ref1011_via_lto",
keyboard_post_init_user,0x0800DBC2,2,exact-ambiguous(unresolved:__aeabi_idiv0|__aeabi_ldiv0|__chibios_override_boardInit|__cpu_init|__late_init|__malloc_lock|__malloc_unlock|_fini|battery_stop|board_init|default_layer_debug|default_layer_state_set_user|dummy_cb|early_hardware_init_post|housekeeping_task_user|keyboard_post_init_user|keyboard_pre_init_user|layer_debug|layer_state_set_user|leader_start_user|led_init_ports|led_set_user|led_update_ports|matrix_init_user|matrix_power_down|matrix_power_up|matrix_print|matrix_scan_user|matrix_setup|notify_usb_device_state_change_user|oneshot_layer_changed_user|oneshot_locked_mods_changed_user|oneshot_mods_changed_user|post_process_record_user|rgb_matrix_none_indicators_user|suspend_power_down_user|suspend_wakeup_init_user|td0_reset|via_init_kb|via_set_layout_options_kb|wireless_enter_bluetooth_pin_code_entry_kb|wireless_enter_connected_kb|wireless_enter_discoverable_kb|wireless_enter_reconnecting_kb|wireless_enter_sleep_kb|wireless_exit_bluetooth_pin_code_entry_kb|wireless_post_task),"ref1011_default,ref1011_default_lto,ref1011_feat,ref1011_feat_lto,ref1011_via,ref1011_via_lto",
keyboard_post_init_user,0x08016700,2,exact-ambiguous(unresolved:__aeabi_idiv0|__aeabi_ldiv0|__chibios_override_boardInit|__cpu_init|__late_init|__malloc_lock|__malloc_unlock|_fini|battery_stop|board_init|default_layer_debug|default_layer_state_set_user|dummy_cb|early_hardware_init_post|housekeeping_task_user|keyboard_post_init_user|keyboard_pre_init_user|layer_debug|layer_state_set_user|leader_start_user|led_init_ports|led_set_user|led_update_ports|matrix_init_user|matrix_power_down|matrix_power_up|matrix_print|matrix_scan_user|matrix_setup|notify_usb_device_state_change_user|oneshot_layer_changed_user|oneshot_locked_mods_changed_user|oneshot_mods_changed_user|post_process_record_user|rgb_matrix_none_indicators_user|suspend_power_down_user|suspend_wakeup_init_user|td0_reset|via_init_kb|via_set_layout_options_kb|wireless_enter_bluetooth_pin_code_entry_kb|wireless_enter_connected_kb|wireless_enter_discoverable_kb|wireless_enter_reconnecting_kb|wireless_enter_sleep_kb|wireless_exit_bluetooth_pin_code_entry_kb|wireless_post_task),"ref1011_default,ref1011_default_lto,ref1011_feat,ref1011_feat_lto,ref1011_via,ref1011_via_lto",
keyboard_post_init_kb,0x0800CD38,80,fuzzy-anchored,ref1011_feat,keyboard_post_init_kb:bl from keyboard_init@0x0800E788+0x16
keyboard_pre_init_user,0x0800896E,2,exact-ambiguous(unresolved:__aeabi_idiv0|__aeabi_ldiv0|__chibios_override_boardInit|__cpu_init|__late_init|__malloc_lock|__malloc_unlock|_fini|battery_stop|board_init|default_layer_debug|default_layer_state_set_user|dummy_cb|early_hardware_init_post|housekeeping_task_user|keyboard_post_init_user|keyboard_pre_init_user|layer_debug|layer_state_set_user|leader_start_user|led_init_ports|led_set_user|led_update_ports|matrix_init_user|matrix_power_down|matrix_power_up|matrix_print|matrix_scan_user|matrix_setup|notify_usb_device_state_change_user|oneshot_layer_changed_user|oneshot_locked_mods_changed_user|oneshot_mods_changed_user|post_process_record_user|rgb_matrix_none_indicators_user|suspend_power_down_user|suspend_wakeup_init_user|td0_reset|via_init_kb|via_set_layout_options_kb|wireless_enter_bluetooth_pin_code_entry_kb|wireless_enter_connected_kb|wireless_enter_discoverable_kb|wireless_enter_reconnecting_kb|wireless_enter_sleep_kb|wireless_exit_bluetooth_pin_code_entry_kb|wireless_post_task),"ref1011_default,ref1011_default_lto,ref1011_feat,ref1011_feat_lto,ref1011_via,ref1011_via_lto",
keyboard_pre_init_user,0x0800E732,2,exact-ambiguous,"ref1011_default,ref1011_feat,ref1011_via",keyboard_pre_init_user:bl from keyboard_pre_init_kb@0x0800E734+0x2
keyboard_pre_init_user,0x0800ED0C,2,exact-ambiguous(unresolved:__aeabi_idiv0|__aeabi_ldiv0|__chibios_override_boardInit|__cpu_init|__late_init|__malloc_lock|__malloc_unlock|_fini|battery_stop|board_init|default_layer_debug|default_layer_state_set_user|dummy_cb|early_hardware_init_post|housekeeping_task_user|keyboard_post_init_user|keyboard_pre_init_user|layer_debug|layer_state_set_user|leader_start_user|led_init_ports|led_set_user|led_update_ports|matrix_init_user|matrix_power_down|matrix_power_up|matrix_print|matrix_scan_user|matrix_setup|notify_usb_device_state_change_user|oneshot_layer_changed_user|oneshot_locked_mods_changed_user|oneshot_mods_changed_user|post_process_record_user|rgb_matrix_none_indicators_user|suspend_power_down_user|suspend_wakeup_init_user|td0_reset|via_init_kb|via_set_layout_options_kb|wireless_enter_bluetooth_pin_code_entry_kb|wireless_enter_connected_kb|wireless_enter_discoverable_kb|wireless_enter_reconnecting_kb|wireless_enter_sleep_kb|wireless_exit_bluetooth_pin_code_entry_kb|wireless_post_task),"ref1011_default,ref1011_default_lto,ref1011_feat,ref1011_feat_lto,ref1011_via,ref1011_via_lto",
keyboard_pre_init_user,0x0800FBA8,2,exact-ambiguous(unresolved:__aeabi_idiv0|__aeabi_ldiv0|__chibios_override_boardInit|__cpu_init|__late_init|__malloc_lock|__malloc_unlock|_fini|battery_stop|board_init|default_layer_debug|default_layer_state_set_user|dummy_cb|early_hardware_init_post|housekeeping_task_user|keyboard_post_init_user|keyboard_pre_init_user|layer_debug|layer_state_set_user|leader_start_user|led_init_ports|led_set_user|led_update_ports|matrix_init_user|matrix_power_down|matrix_power_up|matrix_print|matrix_scan_user|matrix_setup|notify_usb_device_state_change_user|oneshot_layer_changed_user|oneshot_locked_mods_changed_user|oneshot_mods_changed_user|post_process_record_user|rgb_matrix_none_indicators_user|suspend_power_down_user|suspend_wakeup_init_user|td0_reset|via_init_kb|via_set_layout_options_kb|wireless_enter_bluetooth_pin_code_entry_kb|wireless_enter_connected_kb|wireless_enter_discoverable_kb|wireless_enter_reconnecting_kb|wireless_enter_sleep_kb|wireless_exit_bluetooth_pin_code_entry_kb|wireless_post_task),"ref1011_default,ref1011_default_lto,ref1011_feat,ref1011_feat_lto,ref1011_via,ref1011_via_lto",
keyboard_pre_init_user,0x080127FC,2,exact-ambiguous(unresolved:__aeabi_idiv0|__aeabi_ldiv0|__chibios_override_boardInit|__cpu_init|__late_init|__malloc_lock|__malloc_unlock|_fini|battery_stop|board_init|default_layer_debug|default_layer_state_set_user|dummy_cb|early_hardware_init_post|housekeeping_task_user|keyboard_post_init_user|keyboard_pre_init_user|layer_debug|layer_state_set_user|leader_start_user|led_init_ports|led_set_user|led_update_ports|matrix_init_user|matrix_power_down|matrix_power_up|matrix_print|matrix_scan_user|matrix_setup|notify_usb_device_state_change_user|oneshot_layer_changed_user|oneshot_locked_mods_changed_user|oneshot_mods_changed_user|post_process_record_user|rgb_matrix_none_indicators_user|suspend_power_down_user|suspend_wakeup_init_user|td0_reset|via_init_kb|via_set_layout_options_kb|wireless_enter_bluetooth_pin_code_entry_kb|wireless_enter_connected_kb|wireless_enter_discoverable_kb|wireless_enter_reconnecting_kb|wireless_enter_sleep_kb|wireless_exit_bluetooth_pin_code_entry_kb|wireless_post_task),"ref1011_default,ref1011_default_lto,ref1011_feat,ref1011_feat_lto,ref1011_via,ref1011_via_lto",
keyboard_pre_init_user,0x08013AF8,2,exact-ambiguous(unresolved:__aeabi_idiv0|__aeabi_ldiv0|__chibios_override_boardInit|__cpu_init|__late_init|__malloc_lock|__malloc_unlock|_fini|battery_stop|board_init|default_layer_debug|default_layer_state_set_user|dummy_cb|early_hardware_init_post|housekeeping_task_user|keyboard_post_init_user|keyboard_pre_init_user|layer_debug|layer_state_set_user|leader_start_user|led_init_ports|led_set_user|led_update_ports|matrix_init_user|matrix_power_down|matrix_power_up|matrix_print|matrix_scan_user|matrix_setup|notify_usb_device_state_change_user|oneshot_layer_changed_user|oneshot_locked_mods_changed_user|oneshot_mods_changed_user|post_process_record_user|rgb_matrix_none_indicators_user|suspend_power_down_user|suspend_wakeup_init_user|td0_reset|via_init_kb|via_set_layout_options_kb|wireless_enter_bluetooth_pin_code_entry_kb|wireless_enter_connected_kb|wireless_enter_discoverable_kb|wireless_enter_reconnecting_kb|wireless_enter_sleep_kb|wireless_exit_bluetooth_pin_code_entry_kb|wireless_post_task),"ref1011_default,ref1011_default_lto,ref1011_feat,ref1011_feat_lto,ref1011_via,ref1011_via_lto",
keyboard_pre_init_user,0x08014894,2,exact-ambiguous(unresolved:__aeabi_idiv0|__aeabi_ldiv0|__chibios_override_boardInit|__cpu_init|__late_init|__malloc_lock|__malloc_unlock|_fini|battery_stop|board_init|default_layer_debug|default_layer_state_set_user|dummy_cb|early_hardware_init_post|housekeeping_task_user|keyboard_post_init_user|keyboard_pre_init_user|layer_debug|layer_state_set_user|leader_start_user|led_init_ports|led_set_user|led_update_ports|matrix_init_user|matrix_power_down|matrix_power_up|matrix_print|matrix_scan_user|matrix_setup|notify_usb_device_state_change_user|oneshot_layer_changed_user|oneshot_locked_mods_changed_user|oneshot_mods_changed_user|post_process_record_user|rgb_matrix_none_indicators_user|suspend_power_down_user|suspend_wakeup_init_user|td0_reset|via_init_kb|via_set_layout_options_kb|wireless_enter_bluetooth_pin_code_entry_kb|wireless_enter_connected_kb|wireless_enter_discoverable_kb|wireless_enter_reconnecting_kb|wireless_enter_sleep_kb|wireless_exit_bluetooth_pin_code_entry_kb|wireless_post_task),"ref1011_default,ref1011_default_lto,ref1011_feat,ref1011_feat_lto,ref1011_via,ref1011_via_lto",
keyboard_pre_init_user,0x08014C76,2,exact-ambiguous(unresolved:__aeabi_idiv0|__aeabi_ldiv0|__chibios_override_boardInit|__cpu_init|__late_init|__malloc_lock|__malloc_unlock|_fini|battery_stop|board_init|default_layer_debug|default_layer_state_set_user|dummy_cb|early_hardware_init_post|housekeeping_task_user|keyboard_post_init_user|keyboard_pre_init_user|layer_debug|layer_state_set_user|leader_start_user|led_init_ports|led_set_user|led_update_ports|matrix_init_user|matrix_power_down|matrix_power_up|matrix_print|matrix_scan_user|matrix_setup|notify_usb_device_state_change_user|oneshot_layer_changed_user|oneshot_locked_mods_changed_user|oneshot_mods_changed_user|post_process_record_user|rgb_matrix_none_indicators_user|suspend_power_down_user|suspend_wakeup_init_user|td0_reset|via_init_kb|via_set_layout_options_kb|wireless_enter_bluetooth_pin_code_entry_kb|wireless_enter_connected_kb|wireless_enter_discoverable_kb|wireless_enter_reconnecting_kb|wireless_enter_sleep_kb|wireless_exit_bluetooth_pin_code_entry_kb|wireless_post_task),"ref1011_default,ref1011_default_lto,ref1011_feat,ref1011_feat_lto,ref1011_via,ref1011_via_lto",
keyboard_pre_init_user,0x0800D4AE,2,exact-ambiguous(unresolved:__aeabi_idiv0|__aeabi_ldiv0|__chibios_override_boardInit|__cpu_init|__late_init|__malloc_lock|__malloc_unlock|_fini|battery_stop|board_init|default_layer_debug|default_layer_state_set_user|dummy_cb|early_hardware_init_post|housekeeping_task_user|keyboard_post_init_user|keyboard_pre_init_user|layer_debug|layer_state_set_user|leader_start_user|led_init_ports|led_set_user|led_update_ports|matrix_init_user|matrix_power_down|matrix_power_up|matrix_print|matrix_scan_user|matrix_setup|notify_usb_device_state_change_user|oneshot_layer_changed_user|oneshot_locked_mods_changed_user|oneshot_mods_changed_user|post_process_record_user|rgb_matrix_none_indicators_user|suspend_power_down_user|suspend_wakeup_init_user|td0_reset|via_init_kb|via_set_layout_options_kb|wireless_enter_bluetooth_pin_code_entry_kb|wireless_enter_connected_kb|wireless_enter_discoverable_kb|wireless_enter_reconnecting_kb|wireless_enter_sleep_kb|wireless_exit_bluetooth_pin_code_entry_kb|wireless_post_task),"ref1011_default,ref1011_default_lto,ref1011_feat,ref1011_feat_lto,ref1011_via,ref1011_via_lto",
keyboard_pre_init_user,0x0800DBC2,2,exact-ambiguous(unresolved:__aeabi_idiv0|__aeabi_ldiv0|__chibios_override_boardInit|__cpu_init|__late_init|__malloc_lock|__malloc_unlock|_fini|battery_stop|board_init|default_layer_debug|default_layer_state_set_user|dummy_cb|early_hardware_init_post|housekeeping_task_user|keyboard_post_init_user|keyboard_pre_init_user|layer_debug|layer_state_set_user|leader_start_user|led_init_ports|led_set_user|led_update_ports|matrix_init_user|matrix_power_down|matrix_power_up|matrix_print|matrix_scan_user|matrix_setup|notify_usb_device_state_change_user|oneshot_layer_changed_user|oneshot_locked_mods_changed_user|oneshot_mods_changed_user|post_process_record_user|rgb_matrix_none_indicators_user|suspend_power_down_user|suspend_wakeup_init_user|td0_reset|via_init_kb|via_set_layout_options_kb|wireless_enter_bluetooth_pin_code_entry_kb|wireless_enter_connected_kb|wireless_enter_discoverable_kb|wireless_enter_reconnecting_kb|wireless_enter_sleep_kb|wireless_exit_bluetooth_pin_code_entry_kb|wireless_post_task),"ref1011_default,ref1011_default_lto,ref1011_feat,ref1011_feat_lto,ref1011_via,ref1011_via_lto",
keyboard_pre_init_user,0x08016700,2,exact-ambiguous(unresolved:__aeabi_idiv0|__aeabi_ldiv0|__chibios_override_boardInit|__cpu_init|__late_init|__malloc_lock|__malloc_unlock|_fini|battery_stop|board_init|default_layer_debug|default_layer_state_set_user|dummy_cb|early_hardware_init_post|housekeeping_task_user|keyboard_post_init_user|keyboard_pre_init_user|layer_debug|layer_state_set_user|leader_start_user|led_init_ports|led_set_user|led_update_ports|matrix_init_user|matrix_power_down|matrix_power_up|matrix_print|matrix_scan_user|matrix_setup|notify_usb_device_state_change_user|oneshot_layer_changed_user|oneshot_locked_mods_changed_user|oneshot_mods_changed_user|post_process_record_user|rgb_matrix_none_indicators_user|suspend_power_down_user|suspend_wakeup_init_user|td0_reset|via_init_kb|via_set_layout_options_kb|wireless_enter_bluetooth_pin_code_entry_kb|wireless_enter_connected_kb|wireless_enter_discoverable_kb|wireless_enter_reconnecting_kb|wireless_enter_sleep_kb|wireless_exit_bluetooth_pin_code_entry_kb|wireless_post_task),"ref1011_default,ref1011_default_lto,ref1011_feat,ref1011_feat_lto,ref1011_via,ref1011_via_lto",
keyboard_pre_init_kb,0x0800E38C,8,exact-ambiguous(unresolved:bootmagic|default_layer_state_set_kb|dip_switch_update_mask_kb|host_keyboard_led_state|keyboard_pre_init_kb|layer_state_set_kb|matrix_init_kb|matrix_output_unselect_delay|matrix_scan_kb|notify_usb_device_state_change_kb|oneshot_layer_changed_kb|oneshot_locked_mods_changed_kb|oneshot_mods_changed_kb|post_process_record_kb|pre_process_record_kb|rgb_matrix_indicators_advanced_kb|should_process_keypress|shutdown_kb|suspend_power_down_kb|suspend_wakeup_init_kb),"ref1011_default,ref1011_feat,ref1011_via",oneshot_locked_mods_changed_kb:bl from add_oneshot_locked_mods@0x0800E394+0x10 ; oneshot_mods_changed_kb:bl from clear_oneshot_mods@0x0800E3B0+0xC
keyboard_pre_init_kb,0x0800E734,8,exact-ambiguous,"ref1011_default,ref1011_feat,ref1011_via",keyboard_pre_init_kb:bl from keyboard_setup@0x0800E740+0x10
keyboard_pre_init_kb,0x0800ED0E,8,exact-ambiguous(unresolved:bootmagic|default_layer_state_set_kb|dip_switch_update_mask_kb|host_keyboard_led_state|keyboard_pre_init_kb|layer_state_set_kb|matrix_init_kb|matrix_output_unselect_delay|matrix_scan_kb|notify_usb_device_state_change_kb|oneshot_layer_changed_kb|oneshot_locked_mods_changed_kb|oneshot_mods_changed_kb|post_process_record_kb|pre_process_record_kb|rgb_matrix_indicators_advanced_kb|should_process_keypress|shutdown_kb|suspend_power_down_kb|suspend_wakeup_init_kb),"ref1011_default,ref1011_feat,ref1011_via",
keyboard_pre_init_kb,0x0800ED50,8,exact-ambiguous(unresolved:bootmagic|default_layer_state_set_kb|dip_switch_update_mask_kb|host_keyboard_led_state|keyboard_pre_init_kb|layer_state_set_kb|matrix_init_kb|matrix_output_unselect_delay|matrix_scan_kb|notify_usb_device_state_change_kb|oneshot_layer_changed_kb|oneshot_locked_mods_changed_kb|oneshot_mods_changed_kb|post_process_record_kb|pre_process_record_kb|rgb_matrix_indicators_advanced_kb|should_process_keypress|shutdown_kb|suspend_power_down_kb|suspend_wakeup_init_kb),"ref1011_default,ref1011_feat,ref1011_via",
layer_state_set_user,0x0800896E,2,exact-ambiguous(unresolved:__aeabi_idiv0|__aeabi_ldiv0|__chibios_override_boardInit|__cpu_init|__late_init|__malloc_lock|__malloc_unlock|_fini|battery_stop|board_init|default_layer_debug|default_layer_state_set_user|dummy_cb|early_hardware_init_post|housekeeping_task_user|keyboard_post_init_user|keyboard_pre_init_user|layer_debug|layer_state_set_user|leader_start_user|led_init_ports|led_set_user|led_update_ports|matrix_init_user|matrix_power_down|matrix_power_up|matrix_print|matrix_scan_user|matrix_setup|notify_usb_device_state_change_user|oneshot_layer_changed_user|oneshot_locked_mods_changed_user|oneshot_mods_changed_user|post_process_record_user|rgb_matrix_none_indicators_user|suspend_power_down_user|suspend_wakeup_init_user|td0_reset|via_init_kb|via_set_layout_options_kb|wireless_enter_bluetooth_pin_code_entry_kb|wireless_enter_connected_kb|wireless_enter_discoverable_kb|wireless_enter_reconnecting_kb|wireless_enter_sleep_kb|wireless_exit_bluetooth_pin_code_entry_kb|wireless_post_task),"ref1011_default,ref1011_default_lto,ref1011_feat,ref1011_feat_lto,ref1011_via,ref1011_via_lto",
layer_state_set_user,0x0800DC18,2,exact-ambiguous,"ref1011_default,ref1011_feat,ref1011_via",layer_state_set_user:bl from layer_state_set_kb@0x0800DC1A+0x2
layer_state_set_user,0x0800ED0C,2,exact-ambiguous(unresolved:__aeabi_idiv0|__aeabi_ldiv0|__chibios_override_boardInit|__cpu_init|__late_init|__malloc_lock|__malloc_unlock|_fini|battery_stop|board_init|default_layer_debug|default_layer_state_set_user|dummy_cb|early_hardware_init_post|housekeeping_task_user|keyboard_post_init_user|keyboard_pre_init_user|layer_debug|layer_state_set_user|leader_start_user|led_init_ports|led_set_user|led_update_ports|matrix_init_user|matrix_power_down|matrix_power_up|matrix_print|matrix_scan_user|matrix_setup|notify_usb_device_state_change_user|oneshot_layer_changed_user|oneshot_locked_mods_changed_user|oneshot_mods_changed_user|post_process_record_user|rgb_matrix_none_indicators_user|suspend_power_down_user|suspend_wakeup_init_user|td0_reset|via_init_kb|via_set_layout_options_kb|wireless_enter_bluetooth_pin_code_entry_kb|wireless_enter_connected_kb|wireless_enter_discoverable_kb|wireless_enter_reconnecting_kb|wireless_enter_sleep_kb|wireless_exit_bluetooth_pin_code_entry_kb|wireless_post_task),"ref1011_default,ref1011_default_lto,ref1011_feat,ref1011_feat_lto,ref1011_via,ref1011_via_lto",
layer_state_set_user,0x0800FBA8,2,exact-ambiguous(unresolved:__aeabi_idiv0|__aeabi_ldiv0|__chibios_override_boardInit|__cpu_init|__late_init|__malloc_lock|__malloc_unlock|_fini|battery_stop|board_init|default_layer_debug|default_layer_state_set_user|dummy_cb|early_hardware_init_post|housekeeping_task_user|keyboard_post_init_user|keyboard_pre_init_user|layer_debug|layer_state_set_user|leader_start_user|led_init_ports|led_set_user|led_update_ports|matrix_init_user|matrix_power_down|matrix_power_up|matrix_print|matrix_scan_user|matrix_setup|notify_usb_device_state_change_user|oneshot_layer_changed_user|oneshot_locked_mods_changed_user|oneshot_mods_changed_user|post_process_record_user|rgb_matrix_none_indicators_user|suspend_power_down_user|suspend_wakeup_init_user|td0_reset|via_init_kb|via_set_layout_options_kb|wireless_enter_bluetooth_pin_code_entry_kb|wireless_enter_connected_kb|wireless_enter_discoverable_kb|wireless_enter_reconnecting_kb|wireless_enter_sleep_kb|wireless_exit_bluetooth_pin_code_entry_kb|wireless_post_task),"ref1011_default,ref1011_default_lto,ref1011_feat,ref1011_feat_lto,ref1011_via,ref1011_via_lto",
layer_state_set_user,0x080127FC,2,exact-ambiguous(unresolved:__aeabi_idiv0|__aeabi_ldiv0|__chibios_override_boardInit|__cpu_init|__late_init|__malloc_lock|__malloc_unlock|_fini|battery_stop|board_init|default_layer_debug|default_layer_state_set_user|dummy_cb|early_hardware_init_post|housekeeping_task_user|keyboard_post_init_user|keyboard_pre_init_user|layer_debug|layer_state_set_user|leader_start_user|led_init_ports|led_set_user|led_update_ports|matrix_init_user|matrix_power_down|matrix_power_up|matrix_print|matrix_scan_user|matrix_setup|notify_usb_device_state_change_user|oneshot_layer_changed_user|oneshot_locked_mods_changed_user|oneshot_mods_changed_user|post_process_record_user|rgb_matrix_none_indicators_user|suspend_power_down_user|suspend_wakeup_init_user|td0_reset|via_init_kb|via_set_layout_options_kb|wireless_enter_bluetooth_pin_code_entry_kb|wireless_enter_connected_kb|wireless_enter_discoverable_kb|wireless_enter_reconnecting_kb|wireless_enter_sleep_kb|wireless_exit_bluetooth_pin_code_entry_kb|wireless_post_task),"ref1011_default,ref1011_default_lto,ref1011_feat,ref1011_feat_lto,ref1011_via,ref1011_via_lto",
layer_state_set_user,0x08013AF8,2,exact-ambiguous(unresolved:__aeabi_idiv0|__aeabi_ldiv0|__chibios_override_boardInit|__cpu_init|__late_init|__malloc_lock|__malloc_unlock|_fini|battery_stop|board_init|default_layer_debug|default_layer_state_set_user|dummy_cb|early_hardware_init_post|housekeeping_task_user|keyboard_post_init_user|keyboard_pre_init_user|layer_debug|layer_state_set_user|leader_start_user|led_init_ports|led_set_user|led_update_ports|matrix_init_user|matrix_power_down|matrix_power_up|matrix_print|matrix_scan_user|matrix_setup|notify_usb_device_state_change_user|oneshot_layer_changed_user|oneshot_locked_mods_changed_user|oneshot_mods_changed_user|post_process_record_user|rgb_matrix_none_indicators_user|suspend_power_down_user|suspend_wakeup_init_user|td0_reset|via_init_kb|via_set_layout_options_kb|wireless_enter_bluetooth_pin_code_entry_kb|wireless_enter_connected_kb|wireless_enter_discoverable_kb|wireless_enter_reconnecting_kb|wireless_enter_sleep_kb|wireless_exit_bluetooth_pin_code_entry_kb|wireless_post_task),"ref1011_default,ref1011_default_lto,ref1011_feat,ref1011_feat_lto,ref1011_via,ref1011_via_lto",
layer_state_set_user,0x08014894,2,exact-ambiguous(unresolved:__aeabi_idiv0|__aeabi_ldiv0|__chibios_override_boardInit|__cpu_init|__late_init|__malloc_lock|__malloc_unlock|_fini|battery_stop|board_init|default_layer_debug|default_layer_state_set_user|dummy_cb|early_hardware_init_post|housekeeping_task_user|keyboard_post_init_user|keyboard_pre_init_user|layer_debug|layer_state_set_user|leader_start_user|led_init_ports|led_set_user|led_update_ports|matrix_init_user|matrix_power_down|matrix_power_up|matrix_print|matrix_scan_user|matrix_setup|notify_usb_device_state_change_user|oneshot_layer_changed_user|oneshot_locked_mods_changed_user|oneshot_mods_changed_user|post_process_record_user|rgb_matrix_none_indicators_user|suspend_power_down_user|suspend_wakeup_init_user|td0_reset|via_init_kb|via_set_layout_options_kb|wireless_enter_bluetooth_pin_code_entry_kb|wireless_enter_connected_kb|wireless_enter_discoverable_kb|wireless_enter_reconnecting_kb|wireless_enter_sleep_kb|wireless_exit_bluetooth_pin_code_entry_kb|wireless_post_task),"ref1011_default,ref1011_default_lto,ref1011_feat,ref1011_feat_lto,ref1011_via,ref1011_via_lto",
layer_state_set_user,0x08014C76,2,exact-ambiguous(unresolved:__aeabi_idiv0|__aeabi_ldiv0|__chibios_override_boardInit|__cpu_init|__late_init|__malloc_lock|__malloc_unlock|_fini|battery_stop|board_init|default_layer_debug|default_layer_state_set_user|dummy_cb|early_hardware_init_post|housekeeping_task_user|keyboard_post_init_user|keyboard_pre_init_user|layer_debug|layer_state_set_user|leader_start_user|led_init_ports|led_set_user|led_update_ports|matrix_init_user|matrix_power_down|matrix_power_up|matrix_print|matrix_scan_user|matrix_setup|notify_usb_device_state_change_user|oneshot_layer_changed_user|oneshot_locked_mods_changed_user|oneshot_mods_changed_user|post_process_record_user|rgb_matrix_none_indicators_user|suspend_power_down_user|suspend_wakeup_init_user|td0_reset|via_init_kb|via_set_layout_options_kb|wireless_enter_bluetooth_pin_code_entry_kb|wireless_enter_connected_kb|wireless_enter_discoverable_kb|wireless_enter_reconnecting_kb|wireless_enter_sleep_kb|wireless_exit_bluetooth_pin_code_entry_kb|wireless_post_task),"ref1011_default,ref1011_default_lto,ref1011_feat,ref1011_feat_lto,ref1011_via,ref1011_via_lto",
layer_state_set_user,0x0800D4AE,2,exact-ambiguous(unresolved:__aeabi_idiv0|__aeabi_ldiv0|__chibios_override_boardInit|__cpu_init|__late_init|__malloc_lock|__malloc_unlock|_fini|battery_stop|board_init|default_layer_debug|default_layer_state_set_user|dummy_cb|early_hardware_init_post|housekeeping_task_user|keyboard_post_init_user|keyboard_pre_init_user|layer_debug|layer_state_set_user|leader_start_user|led_init_ports|led_set_user|led_update_ports|matrix_init_user|matrix_power_down|matrix_power_up|matrix_print|matrix_scan_user|matrix_setup|notify_usb_device_state_change_user|oneshot_layer_changed_user|oneshot_locked_mods_changed_user|oneshot_mods_changed_user|post_process_record_user|rgb_matrix_none_indicators_user|suspend_power_down_user|suspend_wakeup_init_user|td0_reset|via_init_kb|via_set_layout_options_kb|wireless_enter_bluetooth_pin_code_entry_kb|wireless_enter_connected_kb|wireless_enter_discoverable_kb|wireless_enter_reconnecting_kb|wireless_enter_sleep_kb|wireless_exit_bluetooth_pin_code_entry_kb|wireless_post_task),"ref1011_default,ref1011_default_lto,ref1011_feat,ref1011_feat_lto,ref1011_via,ref1011_via_lto",
layer_state_set_user,0x0800DBC2,2,exact-ambiguous(unresolved:__aeabi_idiv0|__aeabi_ldiv0|__chibios_override_boardInit|__cpu_init|__late_init|__malloc_lock|__malloc_unlock|_fini|battery_stop|board_init|default_layer_debug|default_layer_state_set_user|dummy_cb|early_hardware_init_post|housekeeping_task_user|keyboard_post_init_user|keyboard_pre_init_user|layer_debug|layer_state_set_user|leader_start_user|led_init_ports|led_set_user|led_update_ports|matrix_init_user|matrix_power_down|matrix_power_up|matrix_print|matrix_scan_user|matrix_setup|notify_usb_device_state_change_user|oneshot_layer_changed_user|oneshot_locked_mods_changed_user|oneshot_mods_changed_user|post_process_record_user|rgb_matrix_none_indicators_user|suspend_power_down_user|suspend_wakeup_init_user|td0_reset|via_init_kb|via_set_layout_options_kb|wireless_enter_bluetooth_pin_code_entry_kb|wireless_enter_connected_kb|wireless_enter_discoverable_kb|wireless_enter_reconnecting_kb|wireless_enter_sleep_kb|wireless_exit_bluetooth_pin_code_entry_kb|wireless_post_task),"ref1011_default,ref1011_default_lto,ref1011_feat,ref1011_feat_lto,ref1011_via,ref1011_via_lto",
layer_state_set_user,0x08016700,2,exact-ambiguous(unresolved:__aeabi_idiv0|__aeabi_ldiv0|__chibios_override_boardInit|__cpu_init|__late_init|__malloc_lock|__malloc_unlock|_fini|battery_stop|board_init|default_layer_debug|default_layer_state_set_user|dummy_cb|early_hardware_init_post|housekeeping_task_user|keyboard_post_init_user|keyboard_pre_init_user|layer_debug|layer_state_set_user|leader_start_user|led_init_ports|led_set_user|led_update_ports|matrix_init_user|matrix_power_down|matrix_power_up|matrix_print|matrix_scan_user|matrix_setup|notify_usb_device_state_change_user|oneshot_layer_changed_user|oneshot_locked_mods_changed_user|oneshot_mods_changed_user|post_process_record_user|rgb_matrix_none_indicators_user|suspend_power_down_user|suspend_wakeup_init_user|td0_reset|via_init_kb|via_set_layout_options_kb|wireless_enter_bluetooth_pin_code_entry_kb|wireless_enter_connected_kb|wireless_enter_discoverable_kb|wireless_enter_reconnecting_kb|wireless_enter_sleep_kb|wireless_exit_bluetooth_pin_code_entry_kb|wireless_post_task),"ref1011_default,ref1011_default_lto,ref1011_feat,ref1011_feat_lto,ref1011_via,ref1011_via_lto",
layer_state_set_kb,0x0800DC1A,8,exact-ambiguous,"ref1011_default,ref1011_feat,ref1011_via",layer_state_set_kb:b.w from magic@0x0800ECCC+0x30
layer_state_set_kb,0x0800E38C,8,exact-ambiguous(unresolved:bootmagic|default_layer_state_set_kb|dip_switch_update_mask_kb|host_keyboard_led_state|keyboard_pre_init_kb|layer_state_set_kb|matrix_init_kb|matrix_output_unselect_delay|matrix_scan_kb|notify_usb_device_state_change_kb|oneshot_layer_changed_kb|oneshot_locked_mods_changed_kb|oneshot_mods_changed_kb|post_process_record_kb|pre_process_record_kb|rgb_matrix_indicators_advanced_kb|should_process_keypress|shutdown_kb|suspend_power_down_kb|suspend_wakeup_init_kb),"ref1011_default,ref1011_feat,ref1011_via",oneshot_locked_mods_changed_kb:bl from add_oneshot_locked_mods@0x0800E394+0x10 ; oneshot_mods_changed_kb:bl from clear_oneshot_mods@0x0800E3B0+0xC
layer_state_set_kb,0x0800ED0E,8,exact-ambiguous(unresolved:bootmagic|default_layer_state_set_kb|dip_switch_update_mask_kb|host_keyboard_led_state|keyboard_pre_init_kb|layer_state_set_kb|matrix_init_kb|matrix_output_unselect_delay|matrix_scan_kb|notify_usb_device_state_change_kb|oneshot_layer_changed_kb|oneshot_locked_mods_changed_kb|oneshot_mods_changed_kb|post_process_record_kb|pre_process_record_kb|rgb_matrix_indicators_advanced_kb|should_process_keypress|shutdown_kb|suspend_power_down_kb|suspend_wakeup_init_kb),"ref1011_default,ref1011_feat,ref1011_via",
layer_state_set_kb,0x0800ED50,8,exact-ambiguous(unresolved:bootmagic|default_layer_state_set_kb|dip_switch_update_mask_kb|host_keyboard_led_state|keyboard_pre_init_kb|layer_state_set_kb|matrix_init_kb|matrix_output_unselect_delay|matrix_scan_kb|notify_usb_device_state_change_kb|oneshot_layer_changed_kb|oneshot_locked_mods_changed_kb|oneshot_mods_changed_kb|post_process_record_kb|pre_process_record_kb|rgb_matrix_indicators_advanced_kb|should_process_keypress|shutdown_kb|suspend_power_down_kb|suspend_wakeup_init_kb),"ref1011_default,ref1011_feat,ref1011_via",
default_layer_state_set_user,0x0800896E,2,exact-ambiguous(unresolved:__aeabi_idiv0|__aeabi_ldiv0|__chibios_override_boardInit|__cpu_init|__late_init|__malloc_lock|__malloc_unlock|_fini|battery_stop|board_init|default_layer_debug|default_layer_state_set_user|dummy_cb|early_hardware_init_post|housekeeping_task_user|keyboard_post_init_user|keyboard_pre_init_user|layer_debug|layer_state_set_user|leader_start_user|led_init_ports|led_set_user|led_update_ports|matrix_init_user|matrix_power_down|matrix_power_up|matrix_print|matrix_scan_user|matrix_setup|notify_usb_device_state_change_user|oneshot_layer_changed_user|oneshot_locked_mods_changed_user|oneshot_mods_changed_user|post_process_record_user|rgb_matrix_none_indicators_user|suspend_power_down_user|suspend_wakeup_init_user|td0_reset|via_init_kb|via_set_layout_options_kb|wireless_enter_bluetooth_pin_code_entry_kb|wireless_enter_connected_kb|wireless_enter_discoverable_kb|wireless_enter_reconnecting_kb|wireless_enter_sleep_kb|wireless_exit_bluetooth_pin_code_entry_kb|wireless_post_task),"ref1011_default,ref1011_default_lto,ref1011_feat,ref1011_feat_lto,ref1011_via,ref1011_via_lto",
default_layer_state_set_user,0x0800DBC4,2,exact-ambiguous,"ref1011_default,ref1011_feat,ref1011_via",default_layer_state_set_user:bl from default_layer_state_set_kb@0x0800DBC6+0x2
default_layer_state_set_user,0x0800ED0C,2,exact-ambiguous(unresolved:__aeabi_idiv0|__aeabi_ldiv0|__chibios_override_boardInit|__cpu_init|__late_init|__malloc_lock|__malloc_unlock|_fini|battery_stop|board_init|default_layer_debug|default_layer_state_set_user|dummy_cb|early_hardware_init_post|housekeeping_task_user|keyboard_post_init_user|keyboard_pre_init_user|layer_debug|layer_state_set_user|leader_start_user|led_init_ports|led_set_user|led_update_ports|matrix_init_user|matrix_power_down|matrix_power_up|matrix_print|matrix_scan_user|matrix_setup|notify_usb_device_state_change_user|oneshot_layer_changed_user|oneshot_locked_mods_changed_user|oneshot_mods_changed_user|post_process_record_user|rgb_matrix_none_indicators_user|suspend_power_down_user|suspend_wakeup_init_user|td0_reset|via_init_kb|via_set_layout_options_kb|wireless_enter_bluetooth_pin_code_entry_kb|wireless_enter_connected_kb|wireless_enter_discoverable_kb|wireless_enter_reconnecting_kb|wireless_enter_sleep_kb|wireless_exit_bluetooth_pin_code_entry_kb|wireless_post_task),"ref1011_default,ref1011_default_lto,ref1011_feat,ref1011_feat_lto,ref1011_via,ref1011_via_lto",
default_layer_state_set_user,0x0800FBA8,2,exact-ambiguous(unresolved:__aeabi_idiv0|__aeabi_ldiv0|__chibios_override_boardInit|__cpu_init|__late_init|__malloc_lock|__malloc_unlock|_fini|battery_stop|board_init|default_layer_debug|default_layer_state_set_user|dummy_cb|early_hardware_init_post|housekeeping_task_user|keyboard_post_init_user|keyboard_pre_init_user|layer_debug|layer_state_set_user|leader_start_user|led_init_ports|led_set_user|led_update_ports|matrix_init_user|matrix_power_down|matrix_power_up|matrix_print|matrix_scan_user|matrix_setup|notify_usb_device_state_change_user|oneshot_layer_changed_user|oneshot_locked_mods_changed_user|oneshot_mods_changed_user|post_process_record_user|rgb_matrix_none_indicators_user|suspend_power_down_user|suspend_wakeup_init_user|td0_reset|via_init_kb|via_set_layout_options_kb|wireless_enter_bluetooth_pin_code_entry_kb|wireless_enter_connected_kb|wireless_enter_discoverable_kb|wireless_enter_reconnecting_kb|wireless_enter_sleep_kb|wireless_exit_bluetooth_pin_code_entry_kb|wireless_post_task),"ref1011_default,ref1011_default_lto,ref1011_feat,ref1011_feat_lto,ref1011_via,ref1011_via_lto",
default_layer_state_set_user,0x080127FC,2,exact-ambiguous(unresolved:__aeabi_idiv0|__aeabi_ldiv0|__chibios_override_boardInit|__cpu_init|__late_init|__malloc_lock|__malloc_unlock|_fini|battery_stop|board_init|default_layer_debug|default_layer_state_set_user|dummy_cb|early_hardware_init_post|housekeeping_task_user|keyboard_post_init_user|keyboard_pre_init_user|layer_debug|layer_state_set_user|leader_start_user|led_init_ports|led_set_user|led_update_ports|matrix_init_user|matrix_power_down|matrix_power_up|matrix_print|matrix_scan_user|matrix_setup|notify_usb_device_state_change_user|oneshot_layer_changed_user|oneshot_locked_mods_changed_user|oneshot_mods_changed_user|post_process_record_user|rgb_matrix_none_indicators_user|suspend_power_down_user|suspend_wakeup_init_user|td0_reset|via_init_kb|via_set_layout_options_kb|wireless_enter_bluetooth_pin_code_entry_kb|wireless_enter_connected_kb|wireless_enter_discoverable_kb|wireless_enter_reconnecting_kb|wireless_enter_sleep_kb|wireless_exit_bluetooth_pin_code_entry_kb|wireless_post_task),"ref1011_default,ref1011_default_lto,ref1011_feat,ref1011_feat_lto,ref1011_via,ref1011_via_lto",
default_layer_state_set_user,0x08013AF8,2,exact-ambiguous(unresolved:__aeabi_idiv0|__aeabi_ldiv0|__chibios_override_boardInit|__cpu_init|__late_init|__malloc_lock|__malloc_unlock|_fini|battery_stop|board_init|default_layer_debug|default_layer_state_set_user|dummy_cb|early_hardware_init_post|housekeeping_task_user|keyboard_post_init_user|keyboard_pre_init_user|layer_debug|layer_state_set_user|leader_start_user|led_init_ports|led_set_user|led_update_ports|matrix_init_user|matrix_power_down|matrix_power_up|matrix_print|matrix_scan_user|matrix_setup|notify_usb_device_state_change_user|oneshot_layer_changed_user|oneshot_locked_mods_changed_user|oneshot_mods_changed_user|post_process_record_user|rgb_matrix_none_indicators_user|suspend_power_down_user|suspend_wakeup_init_user|td0_reset|via_init_kb|via_set_layout_options_kb|wireless_enter_bluetooth_pin_code_entry_kb|wireless_enter_connected_kb|wireless_enter_discoverable_kb|wireless_enter_reconnecting_kb|wireless_enter_sleep_kb|wireless_exit_bluetooth_pin_code_entry_kb|wireless_post_task),"ref1011_default,ref1011_default_lto,ref1011_feat,ref1011_feat_lto,ref1011_via,ref1011_via_lto",
default_layer_state_set_user,0x08014894,2,exact-ambiguous(unresolved:__aeabi_idiv0|__aeabi_ldiv0|__chibios_override_boardInit|__cpu_init|__late_init|__malloc_lock|__malloc_unlock|_fini|battery_stop|board_init|default_layer_debug|default_layer_state_set_user|dummy_cb|early_hardware_init_post|housekeeping_task_user|keyboard_post_init_user|keyboard_pre_init_user|layer_debug|layer_state_set_user|leader_start_user|led_init_ports|led_set_user|led_update_ports|matrix_init_user|matrix_power_down|matrix_power_up|matrix_print|matrix_scan_user|matrix_setup|notify_usb_device_state_change_user|oneshot_layer_changed_user|oneshot_locked_mods_changed_user|oneshot_mods_changed_user|post_process_record_user|rgb_matrix_none_indicators_user|suspend_power_down_user|suspend_wakeup_init_user|td0_reset|via_init_kb|via_set_layout_options_kb|wireless_enter_bluetooth_pin_code_entry_kb|wireless_enter_connected_kb|wireless_enter_discoverable_kb|wireless_enter_reconnecting_kb|wireless_enter_sleep_kb|wireless_exit_bluetooth_pin_code_entry_kb|wireless_post_task),"ref1011_default,ref1011_default_lto,ref1011_feat,ref1011_feat_lto,ref1011_via,ref1011_via_lto",
default_layer_state_set_user,0x08014C76,2,exact-ambiguous(unresolved:__aeabi_idiv0|__aeabi_ldiv0|__chibios_override_boardInit|__cpu_init|__late_init|__malloc_lock|__malloc_unlock|_fini|battery_stop|board_init|default_layer_debug|default_layer_state_set_user|dummy_cb|early_hardware_init_post|housekeeping_task_user|keyboard_post_init_user|keyboard_pre_init_user|layer_debug|layer_state_set_user|leader_start_user|led_init_ports|led_set_user|led_update_ports|matrix_init_user|matrix_power_down|matrix_power_up|matrix_print|matrix_scan_user|matrix_setup|notify_usb_device_state_change_user|oneshot_layer_changed_user|oneshot_locked_mods_changed_user|oneshot_mods_changed_user|post_process_record_user|rgb_matrix_none_indicators_user|suspend_power_down_user|suspend_wakeup_init_user|td0_reset|via_init_kb|via_set_layout_options_kb|wireless_enter_bluetooth_pin_code_entry_kb|wireless_enter_connected_kb|wireless_enter_discoverable_kb|wireless_enter_reconnecting_kb|wireless_enter_sleep_kb|wireless_exit_bluetooth_pin_code_entry_kb|wireless_post_task),"ref1011_default,ref1011_default_lto,ref1011_feat,ref1011_feat_lto,ref1011_via,ref1011_via_lto",
default_layer_state_set_user,0x0800D4AE,2,exact-ambiguous(unresolved:__aeabi_idiv0|__aeabi_ldiv0|__chibios_override_boardInit|__cpu_init|__late_init|__malloc_lock|__malloc_unlock|_fini|battery_stop|board_init|default_layer_debug|default_layer_state_set_user|dummy_cb|early_hardware_init_post|housekeeping_task_user|keyboard_post_init_user|keyboard_pre_init_user|layer_debug|layer_state_set_user|leader_start_user|led_init_ports|led_set_user|led_update_ports|matrix_init_user|matrix_power_down|matrix_power_up|matrix_print|matrix_scan_user|matrix_setup|notify_usb_device_state_change_user|oneshot_layer_changed_user|oneshot_locked_mods_changed_user|oneshot_mods_changed_user|post_process_record_user|rgb_matrix_none_indicators_user|suspend_power_down_user|suspend_wakeup_init_user|td0_reset|via_init_kb|via_set_layout_options_kb|wireless_enter_bluetooth_pin_code_entry_kb|wireless_enter_connected_kb|wireless_enter_discoverable_kb|wireless_enter_reconnecting_kb|wireless_enter_sleep_kb|wireless_exit_bluetooth_pin_code_entry_kb|wireless_post_task),"ref1011_default,ref1011_default_lto,ref1011_feat,ref1011_feat_lto,ref1011_via,ref1011_via_lto",
default_layer_state_set_user,0x0800DBC2,2,exact-ambiguous(unresolved:__aeabi_idiv0|__aeabi_ldiv0|__chibios_override_boardInit|__cpu_init|__late_init|__malloc_lock|__malloc_unlock|_fini|battery_stop|board_init|default_layer_debug|default_layer_state_set_user|dummy_cb|early_hardware_init_post|housekeeping_task_user|keyboard_post_init_user|keyboard_pre_init_user|layer_debug|layer_state_set_user|leader_start_user|led_init_ports|led_set_user|led_update_ports|matrix_init_user|matrix_power_down|matrix_power_up|matrix_print|matrix_scan_user|matrix_setup|notify_usb_device_state_change_user|oneshot_layer_changed_user|oneshot_locked_mods_changed_user|oneshot_mods_changed_user|post_process_record_user|rgb_matrix_none_indicators_user|suspend_power_down_user|suspend_wakeup_init_user|td0_reset|via_init_kb|via_set_layout_options_kb|wireless_enter_bluetooth_pin_code_entry_kb|wireless_enter_connected_kb|wireless_enter_discoverable_kb|wireless_enter_reconnecting_kb|wireless_enter_sleep_kb|wireless_exit_bluetooth_pin_code_entry_kb|wireless_post_task),"ref1011_default,ref1011_default_lto,ref1011_feat,ref1011_feat_lto,ref1011_via,ref1011_via_lto",
default_layer_state_set_user,0x08016700,2,exact-ambiguous(unresolved:__aeabi_idiv0|__aeabi_ldiv0|__chibios_override_boardInit|__cpu_init|__late_init|__malloc_lock|__malloc_unlock|_fini|battery_stop|board_init|default_layer_debug|default_layer_state_set_user|dummy_cb|early_hardware_init_post|housekeeping_task_user|keyboard_post_init_user|keyboard_pre_init_user|layer_debug|layer_state_set_user|leader_start_user|led_init_ports|led_set_user|led_update_ports|matrix_init_user|matrix_power_down|matrix_power_up|matrix_print|matrix_scan_user|matrix_setup|notify_usb_device_state_change_user|oneshot_layer_changed_user|oneshot_locked_mods_changed_user|oneshot_mods_changed_user|post_process_record_user|rgb_matrix_none_indicators_user|suspend_power_down_user|suspend_wakeup_init_user|td0_reset|via_init_kb|via_set_layout_options_kb|wireless_enter_bluetooth_pin_code_entry_kb|wireless_enter_connected_kb|wireless_enter_discoverable_kb|wireless_enter_reconnecting_kb|wireless_enter_sleep_kb|wireless_exit_bluetooth_pin_code_entry_kb|wireless_post_task),"ref1011_default,ref1011_default_lto,ref1011_feat,ref1011_feat_lto,ref1011_via,ref1011_via_lto",
default_layer_state_set_kb,0x0800DBC6,8,exact-ambiguous,"ref1011_default,ref1011_feat,ref1011_via",default_layer_state_set_kb:bl from default_layer_state_set@0x0800DBD0+0x2
default_layer_state_set_kb,0x0800E38C,8,exact-ambiguous(unresolved:bootmagic|default_layer_state_set_kb|dip_switch_update_mask_kb|host_keyboard_led_state|keyboard_pre_init_kb|layer_state_set_kb|matrix_init_kb|matrix_output_unselect_delay|matrix_scan_kb|notify_usb_device_state_change_kb|oneshot_layer_changed_kb|oneshot_locked_mods_changed_kb|oneshot_mods_changed_kb|post_process_record_kb|pre_process_record_kb|rgb_matrix_indicators_advanced_kb|should_process_keypress|shutdown_kb|suspend_power_down_kb|suspend_wakeup_init_kb),"ref1011_default,ref1011_feat,ref1011_via",oneshot_locked_mods_changed_kb:bl from add_oneshot_locked_mods@0x0800E394+0x10 ; oneshot_mods_changed_kb:bl from clear_oneshot_mods@0x0800E3B0+0xC
default_layer_state_set_kb,0x0800ED0E,8,exact-ambiguous(unresolved:bootmagic|default_layer_state_set_kb|dip_switch_update_mask_kb|host_keyboard_led_state|keyboard_pre_init_kb|layer_state_set_kb|matrix_init_kb|matrix_output_unselect_delay|matrix_scan_kb|notify_usb_device_state_change_kb|oneshot_layer_changed_kb|oneshot_locked_mods_changed_kb|oneshot_mods_changed_kb|post_process_record_kb|pre_process_record_kb|rgb_matrix_indicators_advanced_kb|should_process_keypress|shutdown_kb|suspend_power_down_kb|suspend_wakeup_init_kb),"ref1011_default,ref1011_feat,ref1011_via",
default_layer_state_set_kb,0x0800ED50,8,exact-ambiguous(unresolved:bootmagic|default_layer_state_set_kb|dip_switch_update_mask_kb|host_keyboard_led_state|keyboard_pre_init_kb|layer_state_set_kb|matrix_init_kb|matrix_output_unselect_delay|matrix_scan_kb|notify_usb_device_state_change_kb|oneshot_layer_changed_kb|oneshot_locked_mods_changed_kb|oneshot_mods_changed_kb|post_process_record_kb|pre_process_record_kb|rgb_matrix_indicators_advanced_kb|should_process_keypress|shutdown_kb|suspend_power_down_kb|suspend_wakeup_init_kb),"ref1011_default,ref1011_feat,ref1011_via",
rgb_matrix_indicators_user,0x0800D2D8,4,exact-ambiguous(unresolved:_getpid|_isatty_r|dip_switch_update_mask_user|is_keyboard_master|led_update_user|matrix_can_read|pre_process_record_user|process_action_kb|process_record_keychron_kb|rgb_matrix_indicators_advanced_user|rgb_matrix_indicators_user|shutdown_user),"ref1011_default,ref1011_default_lto,ref1011_feat,ref1011_feat_lto,ref1011_via,ref1011_via_lto",
rgb_matrix_indicators_user,0x0801017A,4,exact-ambiguous(unresolved:_getpid|_isatty_r|dip_switch_update_mask_user|is_keyboard_master|led_update_user|matrix_can_read|pre_process_record_user|process_action_kb|process_record_keychron_kb|rgb_matrix_indicators_advanced_user|rgb_matrix_indicators_user|shutdown_user),"ref1011_default,ref1011_default_lto,ref1011_feat,ref1011_feat_lto,ref1011_via,ref1011_via_lto",
rgb_matrix_indicators_user,0x08014E38,4,exact-ambiguous(unresolved:_getpid|_isatty_r|dip_switch_update_mask_user|is_keyboard_master|led_update_user|matrix_can_read|pre_process_record_user|process_action_kb|process_record_keychron_kb|rgb_matrix_indicators_advanced_user|rgb_matrix_indicators_user|shutdown_user),"ref1011_default,ref1011_default_lto,ref1011_feat,ref1011_feat_lto,ref1011_via,ref1011_via_lto",
rgb_matrix_indicators_user,0x080166FC,4,exact-ambiguous(unresolved:_getpid|_isatty_r|dip_switch_update_mask_user|is_keyboard_master|led_update_user|matrix_can_read|pre_process_record_user|process_action_kb|process_record_keychron_kb|rgb_matrix_indicators_advanced_user|rgb_matrix_indicators_user|shutdown_user),"ref1011_default,ref1011_default_lto,ref1011_feat,ref1011_feat_lto,ref1011_via,ref1011_via_lto",
rgb_matrix_indicators_kb,0x0800C702,18,UNMATCHED-custom-code-candidate,,bl(fuzzy-paired) from rgb_matrix_task@0x08011058+0xC8
rgb_matrix_indicators_advanced_user,0x0800D2D8,4,exact-ambiguous(unresolved:_getpid|_isatty_r|dip_switch_update_mask_user|is_keyboard_master|led_update_user|matrix_can_read|pre_process_record_user|process_action_kb|process_record_keychron_kb|rgb_matrix_indicators_advanced_user|rgb_matrix_indicators_user|shutdown_user),"ref1011_default,ref1011_default_lto,ref1011_feat,ref1011_feat_lto,ref1011_via,ref1011_via_lto",
rgb_matrix_indicators_advanced_user,0x0801017A,4,exact-ambiguous(unresolved:_getpid|_isatty_r|dip_switch_update_mask_user|is_keyboard_master|led_update_user|matrix_can_read|pre_process_record_user|process_action_kb|process_record_keychron_kb|rgb_matrix_indicators_advanced_user|rgb_matrix_indicators_user|shutdown_user),"ref1011_default,ref1011_default_lto,ref1011_feat,ref1011_feat_lto,ref1011_via,ref1011_via_lto",
rgb_matrix_indicators_advanced_user,0x08014E38,4,exact-ambiguous(unresolved:_getpid|_isatty_r|dip_switch_update_mask_user|is_keyboard_master|led_update_user|matrix_can_read|pre_process_record_user|process_action_kb|process_record_keychron_kb|rgb_matrix_indicators_advanced_user|rgb_matrix_indicators_user|shutdown_user),"ref1011_default,ref1011_default_lto,ref1011_feat,ref1011_feat_lto,ref1011_via,ref1011_via_lto",
rgb_matrix_indicators_advanced_user,0x080166FC,4,exact-ambiguous(unresolved:_getpid|_isatty_r|dip_switch_update_mask_user|is_keyboard_master|led_update_user|matrix_can_read|pre_process_record_user|process_action_kb|process_record_keychron_kb|rgb_matrix_indicators_advanced_user|rgb_matrix_indicators_user|shutdown_user),"ref1011_default,ref1011_default_lto,ref1011_feat,ref1011_feat_lto,ref1011_via,ref1011_via_lto",
rgb_matrix_indicators_advanced_user,0x0800CF74,816,UNMATCHED-custom-code-candidate,,bl from rgb_matrix_indicators_advanced_kb@0x08010C4C+0x2
rgb_matrix_indicators_advanced_kb,0x0800E38C,8,exact-ambiguous(unresolved:bootmagic|default_layer_state_set_kb|dip_switch_update_mask_kb|host_keyboard_led_state|keyboard_pre_init_kb|layer_state_set_kb|matrix_init_kb|matrix_output_unselect_delay|matrix_scan_kb|notify_usb_device_state_change_kb|oneshot_layer_changed_kb|oneshot_locked_mods_changed_kb|oneshot_mods_changed_kb|post_process_record_kb|pre_process_record_kb|rgb_matrix_indicators_advanced_kb|should_process_keypress|shutdown_kb|suspend_power_down_kb|suspend_wakeup_init_kb),"ref1011_default,ref1011_feat,ref1011_via",oneshot_locked_mods_changed_kb:bl from add_oneshot_locked_mods@0x0800E394+0x10 ; oneshot_mods_changed_kb:bl from clear_oneshot_mods@0x0800E3B0+0xC
rgb_matrix_indicators_advanced_kb,0x0800ED0E,8,exact-ambiguous(unresolved:bootmagic|default_layer_state_set_kb|dip_switch_update_mask_kb|host_keyboard_led_state|keyboard_pre_init_kb|layer_state_set_kb|matrix_init_kb|matrix_output_unselect_delay|matrix_scan_kb|notify_usb_device_state_change_kb|oneshot_layer_changed_kb|oneshot_locked_mods_changed_kb|oneshot_mods_changed_kb|post_process_record_kb|pre_process_record_kb|rgb_matrix_indicators_advanced_kb|should_process_keypress|shutdown_kb|suspend_power_down_kb|suspend_wakeup_init_kb),"ref1011_default,ref1011_feat,ref1011_via",
rgb_matrix_indicators_advanced_kb,0x0800ED50,8,exact-ambiguous(unresolved:bootmagic|default_layer_state_set_kb|dip_switch_update_mask_kb|host_keyboard_led_state|keyboard_pre_init_kb|layer_state_set_kb|matrix_init_kb|matrix_output_unselect_delay|matrix_scan_kb|notify_usb_device_state_change_kb|oneshot_layer_changed_kb|oneshot_locked_mods_changed_kb|oneshot_mods_changed_kb|post_process_record_kb|pre_process_record_kb|rgb_matrix_indicators_advanced_kb|should_process_keypress|shutdown_kb|suspend_power_down_kb|suspend_wakeup_init_kb),"ref1011_default,ref1011_feat,ref1011_via",
rgb_matrix_indicators_advanced_kb,0x08010C4C,8,exact-ambiguous,"ref1011_default,ref1011_feat,ref1011_via",rgb_matrix_indicators_advanced_kb:bl(fuzzy-paired) from rgb_matrix_indicators_advanced@0x08010C54+0x12
dip_switch_update_kb,0x0800CD18,32,UNMATCHED-custom-code-candidate,,bl(fuzzy-paired) from dip_switch_read@0x0801189C+0x20
dip_switch_update_user,,,not-found,,"no body match, no caller vote"
dip_switch_update_mask_kb,0x0800E38C,8,exact-ambiguous(unresolved:bootmagic|default_layer_state_set_kb|dip_switch_update_mask_kb|host_keyboard_led_state|keyboard_pre_init_kb|layer_state_set_kb|matrix_init_kb|matrix_output_unselect_delay|matrix_scan_kb|notify_usb_device_state_change_kb|oneshot_layer_changed_kb|oneshot_locked_mods_changed_kb|oneshot_mods_changed_kb|post_process_record_kb|pre_process_record_kb|rgb_matrix_indicators_advanced_kb|should_process_keypress|shutdown_kb|suspend_power_down_kb|suspend_wakeup_init_kb),"ref1011_default,ref1011_feat,ref1011_via",oneshot_locked_mods_changed_kb:bl from add_oneshot_locked_mods@0x0800E394+0x10 ; oneshot_mods_changed_kb:bl from clear_oneshot_mods@0x0800E3B0+0xC
dip_switch_update_mask_kb,0x0800ED0E,8,exact-ambiguous(unresolved:bootmagic|default_layer_state_set_kb|dip_switch_update_mask_kb|host_keyboard_led_state|keyboard_pre_init_kb|layer_state_set_kb|matrix_init_kb|matrix_output_unselect_delay|matrix_scan_kb|notify_usb_device_state_change_kb|oneshot_layer_changed_kb|oneshot_locked_mods_changed_kb|oneshot_mods_changed_kb|post_process_record_kb|pre_process_record_kb|rgb_matrix_indicators_advanced_kb|should_process_keypress|shutdown_kb|suspend_power_down_kb|suspend_wakeup_init_kb),"ref1011_default,ref1011_feat,ref1011_via",
dip_switch_update_mask_kb,0x0800ED50,8,exact-ambiguous(unresolved:bootmagic|default_layer_state_set_kb|dip_switch_update_mask_kb|host_keyboard_led_state|keyboard_pre_init_kb|layer_state_set_kb|matrix_init_kb|matrix_output_unselect_delay|matrix_scan_kb|notify_usb_device_state_change_kb|oneshot_layer_changed_kb|oneshot_locked_mods_changed_kb|oneshot_mods_changed_kb|post_process_record_kb|pre_process_record_kb|rgb_matrix_indicators_advanced_kb|should_process_keypress|shutdown_kb|suspend_power_down_kb|suspend_wakeup_init_kb),"ref1011_default,ref1011_feat,ref1011_via",
dip_switch_update_mask_kb,0x08011894,8,exact-ambiguous,"ref1011_default,ref1011_feat,ref1011_via",dip_switch_update_mask_kb:bl(fuzzy-paired) from dip_switch_read@0x0801189C+0x26
dip_switch_update_mask_user,0x0800D2D8,4,exact-ambiguous(unresolved:_getpid|_isatty_r|dip_switch_update_mask_user|is_keyboard_master|led_update_user|matrix_can_read|pre_process_record_user|process_action_kb|process_record_keychron_kb|rgb_matrix_indicators_advanced_user|rgb_matrix_indicators_user|shutdown_user),"ref1011_default,ref1011_default_lto,ref1011_feat,ref1011_feat_lto,ref1011_via,ref1011_via_lto",
dip_switch_update_mask_user,0x0801017A,4,exact-ambiguous(unresolved:_getpid|_isatty_r|dip_switch_update_mask_user|is_keyboard_master|led_update_user|matrix_can_read|pre_process_record_user|process_action_kb|process_record_keychron_kb|rgb_matrix_indicators_advanced_user|rgb_matrix_indicators_user|shutdown_user),"ref1011_default,ref1011_default_lto,ref1011_feat,ref1011_feat_lto,ref1011_via,ref1011_via_lto",
dip_switch_update_mask_user,0x08011890,4,exact-ambiguous,"ref1011_default,ref1011_feat,ref1011_via",dip_switch_update_mask_user:bl from dip_switch_update_mask_kb@0x08011894+0x2
dip_switch_update_mask_user,0x08014E38,4,exact-ambiguous(unresolved:_getpid|_isatty_r|dip_switch_update_mask_user|is_keyboard_master|led_update_user|matrix_can_read|pre_process_record_user|process_action_kb|process_record_keychron_kb|rgb_matrix_indicators_advanced_user|rgb_matrix_indicators_user|shutdown_user),"ref1011_default,ref1011_default_lto,ref1011_feat,ref1011_feat_lto,ref1011_via,ref1011_via_lto",
dip_switch_update_mask_user,0x080166FC,4,exact-ambiguous(unresolved:_getpid|_isatty_r|dip_switch_update_mask_user|is_keyboard_master|led_update_user|matrix_can_read|pre_process_record_user|process_action_kb|process_record_keychron_kb|rgb_matrix_indicators_advanced_user|rgb_matrix_indicators_user|shutdown_user),"ref1011_default,ref1011_default_lto,ref1011_feat,ref1011_feat_lto,ref1011_via,ref1011_via_lto",
encoder_update_user,,,not-found,,"no body match, no caller vote"
encoder_update_kb,,,not-found,,"no body match, no caller vote"
keycode_at_encodermap_location_raw,0x0800D2A8,32,fuzzy-anchored,ref1011_feat,keycode_at_encodermap_location_raw:b.w from keycode_at_encodermap_location@0x0800D2C8+0x0
keycode_at_keymap_location_raw,0x0800D27C,40,UNMATCHED-custom-code-candidate,,b.w from keycode_at_keymap_location@0x0800D2A4+0x0
leader_start_user,0x0800896E,2,exact-ambiguous(unresolved:__aeabi_idiv0|__aeabi_ldiv0|__chibios_override_boardInit|__cpu_init|__late_init|__malloc_lock|__malloc_unlock|_fini|battery_stop|board_init|default_layer_debug|default_layer_state_set_user|dummy_cb|early_hardware_init_post|housekeeping_task_user|keyboard_post_init_user|keyboard_pre_init_user|layer_debug|layer_state_set_user|leader_start_user|led_init_ports|led_set_user|led_update_ports|matrix_init_user|matrix_power_down|matrix_power_up|matrix_print|matrix_scan_user|matrix_setup|notify_usb_device_state_change_user|oneshot_layer_changed_user|oneshot_locked_mods_changed_user|oneshot_mods_changed_user|post_process_record_user|rgb_matrix_none_indicators_user|suspend_power_down_user|suspend_wakeup_init_user|td0_reset|via_init_kb|via_set_layout_options_kb|wireless_enter_bluetooth_pin_code_entry_kb|wireless_enter_connected_kb|wireless_enter_discoverable_kb|wireless_enter_reconnecting_kb|wireless_enter_sleep_kb|wireless_exit_bluetooth_pin_code_entry_kb|wireless_post_task),"ref1011_default,ref1011_default_lto,ref1011_feat,ref1011_feat_lto,ref1011_via,ref1011_via_lto",
leader_start_user,0x0800ED0C,2,exact-ambiguous(unresolved:__aeabi_idiv0|__aeabi_ldiv0|__chibios_override_boardInit|__cpu_init|__late_init|__malloc_lock|__malloc_unlock|_fini|battery_stop|board_init|default_layer_debug|default_layer_state_set_user|dummy_cb|early_hardware_init_post|housekeeping_task_user|keyboard_post_init_user|keyboard_pre_init_user|layer_debug|layer_state_set_user|leader_start_user|led_init_ports|led_set_user|led_update_ports|matrix_init_user|matrix_power_down|matrix_power_up|matrix_print|matrix_scan_user|matrix_setup|notify_usb_device_state_change_user|oneshot_layer_changed_user|oneshot_locked_mods_changed_user|oneshot_mods_changed_user|post_process_record_user|rgb_matrix_none_indicators_user|suspend_power_down_user|suspend_wakeup_init_user|td0_reset|via_init_kb|via_set_layout_options_kb|wireless_enter_bluetooth_pin_code_entry_kb|wireless_enter_connected_kb|wireless_enter_discoverable_kb|wireless_enter_reconnecting_kb|wireless_enter_sleep_kb|wireless_exit_bluetooth_pin_code_entry_kb|wireless_post_task),"ref1011_default,ref1011_default_lto,ref1011_feat,ref1011_feat_lto,ref1011_via,ref1011_via_lto",
leader_start_user,0x0800FBA8,2,exact-ambiguous(unresolved:__aeabi_idiv0|__aeabi_ldiv0|__chibios_override_boardInit|__cpu_init|__late_init|__malloc_lock|__malloc_unlock|_fini|battery_stop|board_init|default_layer_debug|default_layer_state_set_user|dummy_cb|early_hardware_init_post|housekeeping_task_user|keyboard_post_init_user|keyboard_pre_init_user|layer_debug|layer_state_set_user|leader_start_user|led_init_ports|led_set_user|led_update_ports|matrix_init_user|matrix_power_down|matrix_power_up|matrix_print|matrix_scan_user|matrix_setup|notify_usb_device_state_change_user|oneshot_layer_changed_user|oneshot_locked_mods_changed_user|oneshot_mods_changed_user|post_process_record_user|rgb_matrix_none_indicators_user|suspend_power_down_user|suspend_wakeup_init_user|td0_reset|via_init_kb|via_set_layout_options_kb|wireless_enter_bluetooth_pin_code_entry_kb|wireless_enter_connected_kb|wireless_enter_discoverable_kb|wireless_enter_reconnecting_kb|wireless_enter_sleep_kb|wireless_exit_bluetooth_pin_code_entry_kb|wireless_post_task),"ref1011_default,ref1011_default_lto,ref1011_feat,ref1011_feat_lto,ref1011_via,ref1011_via_lto",
leader_start_user,0x080127FC,2,exact-ambiguous(unresolved:__aeabi_idiv0|__aeabi_ldiv0|__chibios_override_boardInit|__cpu_init|__late_init|__malloc_lock|__malloc_unlock|_fini|battery_stop|board_init|default_layer_debug|default_layer_state_set_user|dummy_cb|early_hardware_init_post|housekeeping_task_user|keyboard_post_init_user|keyboard_pre_init_user|layer_debug|layer_state_set_user|leader_start_user|led_init_ports|led_set_user|led_update_ports|matrix_init_user|matrix_power_down|matrix_power_up|matrix_print|matrix_scan_user|matrix_setup|notify_usb_device_state_change_user|oneshot_layer_changed_user|oneshot_locked_mods_changed_user|oneshot_mods_changed_user|post_process_record_user|rgb_matrix_none_indicators_user|suspend_power_down_user|suspend_wakeup_init_user|td0_reset|via_init_kb|via_set_layout_options_kb|wireless_enter_bluetooth_pin_code_entry_kb|wireless_enter_connected_kb|wireless_enter_discoverable_kb|wireless_enter_reconnecting_kb|wireless_enter_sleep_kb|wireless_exit_bluetooth_pin_code_entry_kb|wireless_post_task),"ref1011_default,ref1011_default_lto,ref1011_feat,ref1011_feat_lto,ref1011_via,ref1011_via_lto",
leader_start_user,0x08013AF8,2,exact-ambiguous(unresolved:__aeabi_idiv0|__aeabi_ldiv0|__chibios_override_boardInit|__cpu_init|__late_init|__malloc_lock|__malloc_unlock|_fini|battery_stop|board_init|default_layer_debug|default_layer_state_set_user|dummy_cb|early_hardware_init_post|housekeeping_task_user|keyboard_post_init_user|keyboard_pre_init_user|layer_debug|layer_state_set_user|leader_start_user|led_init_ports|led_set_user|led_update_ports|matrix_init_user|matrix_power_down|matrix_power_up|matrix_print|matrix_scan_user|matrix_setup|notify_usb_device_state_change_user|oneshot_layer_changed_user|oneshot_locked_mods_changed_user|oneshot_mods_changed_user|post_process_record_user|rgb_matrix_none_indicators_user|suspend_power_down_user|suspend_wakeup_init_user|td0_reset|via_init_kb|via_set_layout_options_kb|wireless_enter_bluetooth_pin_code_entry_kb|wireless_enter_connected_kb|wireless_enter_discoverable_kb|wireless_enter_reconnecting_kb|wireless_enter_sleep_kb|wireless_exit_bluetooth_pin_code_entry_kb|wireless_post_task),"ref1011_default,ref1011_default_lto,ref1011_feat,ref1011_feat_lto,ref1011_via,ref1011_via_lto",
leader_start_user,0x08014894,2,exact-ambiguous(unresolved:__aeabi_idiv0|__aeabi_ldiv0|__chibios_override_boardInit|__cpu_init|__late_init|__malloc_lock|__malloc_unlock|_fini|battery_stop|board_init|default_layer_debug|default_layer_state_set_user|dummy_cb|early_hardware_init_post|housekeeping_task_user|keyboard_post_init_user|keyboard_pre_init_user|layer_debug|layer_state_set_user|leader_start_user|led_init_ports|led_set_user|led_update_ports|matrix_init_user|matrix_power_down|matrix_power_up|matrix_print|matrix_scan_user|matrix_setup|notify_usb_device_state_change_user|oneshot_layer_changed_user|oneshot_locked_mods_changed_user|oneshot_mods_changed_user|post_process_record_user|rgb_matrix_none_indicators_user|suspend_power_down_user|suspend_wakeup_init_user|td0_reset|via_init_kb|via_set_layout_options_kb|wireless_enter_bluetooth_pin_code_entry_kb|wireless_enter_connected_kb|wireless_enter_discoverable_kb|wireless_enter_reconnecting_kb|wireless_enter_sleep_kb|wireless_exit_bluetooth_pin_code_entry_kb|wireless_post_task),"ref1011_default,ref1011_default_lto,ref1011_feat,ref1011_feat_lto,ref1011_via,ref1011_via_lto",
leader_start_user,0x08014C76,2,exact-ambiguous(unresolved:__aeabi_idiv0|__aeabi_ldiv0|__chibios_override_boardInit|__cpu_init|__late_init|__malloc_lock|__malloc_unlock|_fini|battery_stop|board_init|default_layer_debug|default_layer_state_set_user|dummy_cb|early_hardware_init_post|housekeeping_task_user|keyboard_post_init_user|keyboard_pre_init_user|layer_debug|layer_state_set_user|leader_start_user|led_init_ports|led_set_user|led_update_ports|matrix_init_user|matrix_power_down|matrix_power_up|matrix_print|matrix_scan_user|matrix_setup|notify_usb_device_state_change_user|oneshot_layer_changed_user|oneshot_locked_mods_changed_user|oneshot_mods_changed_user|post_process_record_user|rgb_matrix_none_indicators_user|suspend_power_down_user|suspend_wakeup_init_user|td0_reset|via_init_kb|via_set_layout_options_kb|wireless_enter_bluetooth_pin_code_entry_kb|wireless_enter_connected_kb|wireless_enter_discoverable_kb|wireless_enter_reconnecting_kb|wireless_enter_sleep_kb|wireless_exit_bluetooth_pin_code_entry_kb|wireless_post_task),"ref1011_default,ref1011_default_lto,ref1011_feat,ref1011_feat_lto,ref1011_via,ref1011_via_lto",
leader_start_user,0x0800D4AE,2,exact-ambiguous(unresolved:__aeabi_idiv0|__aeabi_ldiv0|__chibios_override_boardInit|__cpu_init|__late_init|__malloc_lock|__malloc_unlock|_fini|battery_stop|board_init|default_layer_debug|default_layer_state_set_user|dummy_cb|early_hardware_init_post|housekeeping_task_user|keyboard_post_init_user|keyboard_pre_init_user|layer_debug|layer_state_set_user|leader_start_user|led_init_ports|led_set_user|led_update_ports|matrix_init_user|matrix_power_down|matrix_power_up|matrix_print|matrix_scan_user|matrix_setup|notify_usb_device_state_change_user|oneshot_layer_changed_user|oneshot_locked_mods_changed_user|oneshot_mods_changed_user|post_process_record_user|rgb_matrix_none_indicators_user|suspend_power_down_user|suspend_wakeup_init_user|td0_reset|via_init_kb|via_set_layout_options_kb|wireless_enter_bluetooth_pin_code_entry_kb|wireless_enter_connected_kb|wireless_enter_discoverable_kb|wireless_enter_reconnecting_kb|wireless_enter_sleep_kb|wireless_exit_bluetooth_pin_code_entry_kb|wireless_post_task),"ref1011_default,ref1011_default_lto,ref1011_feat,ref1011_feat_lto,ref1011_via,ref1011_via_lto",
leader_start_user,0x0800DBC2,2,exact-ambiguous(unresolved:__aeabi_idiv0|__aeabi_ldiv0|__chibios_override_boardInit|__cpu_init|__late_init|__malloc_lock|__malloc_unlock|_fini|battery_stop|board_init|default_layer_debug|default_layer_state_set_user|dummy_cb|early_hardware_init_post|housekeeping_task_user|keyboard_post_init_user|keyboard_pre_init_user|layer_debug|layer_state_set_user|leader_start_user|led_init_ports|led_set_user|led_update_ports|matrix_init_user|matrix_power_down|matrix_power_up|matrix_print|matrix_scan_user|matrix_setup|notify_usb_device_state_change_user|oneshot_layer_changed_user|oneshot_locked_mods_changed_user|oneshot_mods_changed_user|post_process_record_user|rgb_matrix_none_indicators_user|suspend_power_down_user|suspend_wakeup_init_user|td0_reset|via_init_kb|via_set_layout_options_kb|wireless_enter_bluetooth_pin_code_entry_kb|wireless_enter_connected_kb|wireless_enter_discoverable_kb|wireless_enter_reconnecting_kb|wireless_enter_sleep_kb|wireless_exit_bluetooth_pin_code_entry_kb|wireless_post_task),"ref1011_default,ref1011_default_lto,ref1011_feat,ref1011_feat_lto,ref1011_via,ref1011_via_lto",
leader_start_user,0x08016700,2,exact-ambiguous(unresolved:__aeabi_idiv0|__aeabi_ldiv0|__chibios_override_boardInit|__cpu_init|__late_init|__malloc_lock|__malloc_unlock|_fini|battery_stop|board_init|default_layer_debug|default_layer_state_set_user|dummy_cb|early_hardware_init_post|housekeeping_task_user|keyboard_post_init_user|keyboard_pre_init_user|layer_debug|layer_state_set_user|leader_start_user|led_init_ports|led_set_user|led_update_ports|matrix_init_user|matrix_power_down|matrix_power_up|matrix_print|matrix_scan_user|matrix_setup|notify_usb_device_state_change_user|oneshot_layer_changed_user|oneshot_locked_mods_changed_user|oneshot_mods_changed_user|post_process_record_user|rgb_matrix_none_indicators_user|suspend_power_down_user|suspend_wakeup_init_user|td0_reset|via_init_kb|via_set_layout_options_kb|wireless_enter_bluetooth_pin_code_entry_kb|wireless_enter_connected_kb|wireless_enter_discoverable_kb|wireless_enter_reconnecting_kb|wireless_enter_sleep_kb|wireless_exit_bluetooth_pin_code_entry_kb|wireless_post_task),"ref1011_default,ref1011_default_lto,ref1011_feat,ref1011_feat_lto,ref1011_via,ref1011_via_lto",
leader_start_user,0x0800CDF4,1200,UNMATCHED-custom-code-candidate,,bl from leader_start@0x08011940+0x8
leader_end_user,0x0800CDFE,1190,UNMATCHED-custom-code-candidate,,bl from leader_end@0x0801197C+0x8
raw_hid_receive,0x0800C908,14,exact,"ref1011_default,ref1011_feat",raw_hid_receive:bl(fuzzy-paired) from raw_hid_task@0x08012C1C+0x1C
raw_hid_receive_kb,,,not-found,,"no body match, no caller vote"
eeconfig_init_user,0x0800A1BA,6,exact-ambiguous(unresolved:eeconfig_init_user|encoder0_pad_cb|layer_clear|oneshot_disable|quantum_task|rgb_matrix_toggle_noeeprom),"ref1011_default,ref1011_feat,ref1011_via",
eeconfig_init_user,0x0800DC34,6,exact-ambiguous(unresolved:eeconfig_init_user|encoder0_pad_cb|layer_clear|oneshot_disable|quantum_task|rgb_matrix_toggle_noeeprom),"ref1011_default,ref1011_feat,ref1011_via",
eeconfig_init_user,0x0800E5C6,6,exact-ambiguous(unresolved:eeconfig_init_user|encoder0_pad_cb|layer_clear|oneshot_disable|quantum_task|rgb_matrix_toggle_noeeprom),"ref1011_default,ref1011_feat,ref1011_via",
eeconfig_init_user,0x0800E61E,6,exact-ambiguous,"ref1011_default,ref1011_feat,ref1011_via",eeconfig_init_user:bl from eeconfig_init_kb@0x0800E624+0x8
eeconfig_init_user,0x0800C718,6,exact-ambiguous(unresolved:eeconfig_init_user|encoder0_pad_cb|layer_clear|oneshot_disable|quantum_task|rgb_matrix_toggle_noeeprom),"ref1011_default,ref1011_feat,ref1011_via",
eeconfig_init_kb,0x0800E624,14,exact,"ref1011_default,ref1011_feat,ref1011_via",
get_tapping_term,,,not-found,,"no body match, no caller vote"
process_tap_dance,0x08012040,144,exact,ref1011_feat,
tap_dance_task,0x080120D0,68,fuzzy-anchored,ref1011_feat,tap_dance_task:bl from quantum_task@0x0800E7A4+0x2
preprocess_tap_dance,0x08012000,64,fuzzy,ref1011_feat,
process_leader,,,not-found,,"no body match, no caller vote"
leader_task,0x080119DC,28,exact,ref1011_feat,leader_task:bl from quantum_task@0x0800E7A4+0x6
shutdown_user,0x0800D2D8,4,exact-ambiguous(unresolved:_getpid|_isatty_r|dip_switch_update_mask_user|is_keyboard_master|led_update_user|matrix_can_read|pre_process_record_user|process_action_kb|process_record_keychron_kb|rgb_matrix_indicators_advanced_user|rgb_matrix_indicators_user|shutdown_user),"ref1011_default,ref1011_default_lto,ref1011_feat,ref1011_feat_lto,ref1011_via,ref1011_via_lto",
shutdown_user,0x0800D370,4,exact-ambiguous,"ref1011_default,ref1011_feat,ref1011_via",shutdown_user:bl from shutdown_kb@0x0800D374+0x2
shutdown_user,0x0801017A,4,exact-ambiguous(unresolved:_getpid|_isatty_r|dip_switch_update_mask_user|is_keyboard_master|led_update_user|matrix_can_read|pre_process_record_user|process_action_kb|process_record_keychron_kb|rgb_matrix_indicators_advanced_user|rgb_matrix_indicators_user|shutdown_user),"ref1011_default,ref1011_default_lto,ref1011_feat,ref1011_feat_lto,ref1011_via,ref1011_via_lto",
shutdown_user,0x08014E38,4,exact-ambiguous(unresolved:_getpid|_isatty_r|dip_switch_update_mask_user|is_keyboard_master|led_update_user|matrix_can_read|pre_process_record_user|process_action_kb|process_record_keychron_kb|rgb_matrix_indicators_advanced_user|rgb_matrix_indicators_user|shutdown_user),"ref1011_default,ref1011_default_lto,ref1011_feat,ref1011_feat_lto,ref1011_via,ref1011_via_lto",
shutdown_user,0x080166FC,4,exact-ambiguous(unresolved:_getpid|_isatty_r|dip_switch_update_mask_user|is_keyboard_master|led_update_user|matrix_can_read|pre_process_record_user|process_action_kb|process_record_keychron_kb|rgb_matrix_indicators_advanced_user|rgb_matrix_indicators_user|shutdown_user),"ref1011_default,ref1011_default_lto,ref1011_feat,ref1011_feat_lto,ref1011_via,ref1011_via_lto",
shutdown_kb,0x0800D374,8,exact-ambiguous,"ref1011_default,ref1011_feat,ref1011_via",shutdown_kb:bl from shutdown_quantum@0x0800D37C+0xA
shutdown_kb,0x0800E38C,8,exact-ambiguous(unresolved:bootmagic|default_layer_state_set_kb|dip_switch_update_mask_kb|host_keyboard_led_state|keyboard_pre_init_kb|layer_state_set_kb|matrix_init_kb|matrix_output_unselect_delay|matrix_scan_kb|notify_usb_device_state_change_kb|oneshot_layer_changed_kb|oneshot_locked_mods_changed_kb|oneshot_mods_changed_kb|post_process_record_kb|pre_process_record_kb|rgb_matrix_indicators_advanced_kb|should_process_keypress|shutdown_kb|suspend_power_down_kb|suspend_wakeup_init_kb),"ref1011_default,ref1011_feat,ref1011_via",oneshot_locked_mods_changed_kb:bl from add_oneshot_locked_mods@0x0800E394+0x10 ; oneshot_mods_changed_kb:bl from clear_oneshot_mods@0x0800E3B0+0xC
shutdown_kb,0x0800ED0E,8,exact-ambiguous(unresolved:bootmagic|default_layer_state_set_kb|dip_switch_update_mask_kb|host_keyboard_led_state|keyboard_pre_init_kb|layer_state_set_kb|matrix_init_kb|matrix_output_unselect_delay|matrix_scan_kb|notify_usb_device_state_change_kb|oneshot_layer_changed_kb|oneshot_locked_mods_changed_kb|oneshot_mods_changed_kb|post_process_record_kb|pre_process_record_kb|rgb_matrix_indicators_advanced_kb|should_process_keypress|shutdown_kb|suspend_power_down_kb|suspend_wakeup_init_kb),"ref1011_default,ref1011_feat,ref1011_via",
shutdown_kb,0x0800ED50,8,exact-ambiguous(unresolved:bootmagic|default_layer_state_set_kb|dip_switch_update_mask_kb|host_keyboard_led_state|keyboard_pre_init_kb|layer_state_set_kb|matrix_init_kb|matrix_output_unselect_delay|matrix_scan_kb|notify_usb_device_state_change_kb|oneshot_layer_changed_kb|oneshot_locked_mods_changed_kb|oneshot_mods_changed_kb|post_process_record_kb|pre_process_record_kb|rgb_matrix_indicators_advanced_kb|should_process_keypress|shutdown_kb|suspend_power_down_kb|suspend_wakeup_init_kb),"ref1011_default,ref1011_feat,ref1011_via",
suspend_power_down_user,0x0800896E,2,exact-ambiguous(unresolved:__aeabi_idiv0|__aeabi_ldiv0|__chibios_override_boardInit|__cpu_init|__late_init|__malloc_lock|__malloc_unlock|_fini|battery_stop|board_init|default_layer_debug|default_layer_state_set_user|dummy_cb|early_hardware_init_post|housekeeping_task_user|keyboard_post_init_user|keyboard_pre_init_user|layer_debug|layer_state_set_user|leader_start_user|led_init_ports|led_set_user|led_update_ports|matrix_init_user|matrix_power_down|matrix_power_up|matrix_print|matrix_scan_user|matrix_setup|notify_usb_device_state_change_user|oneshot_layer_changed_user|oneshot_locked_mods_changed_user|oneshot_mods_changed_user|post_process_record_user|rgb_matrix_none_indicators_user|suspend_power_down_user|suspend_wakeup_init_user|td0_reset|via_init_kb|via_set_layout_options_kb|wireless_enter_bluetooth_pin_code_entry_kb|wireless_enter_connected_kb|wireless_enter_discoverable_kb|wireless_enter_reconnecting_kb|wireless_enter_sleep_kb|wireless_exit_bluetooth_pin_code_entry_kb|wireless_post_task),"ref1011_default,ref1011_default_lto,ref1011_feat,ref1011_feat_lto,ref1011_via,ref1011_via_lto",
suspend_power_down_user,0x0800ED0C,2,exact-ambiguous(unresolved:__aeabi_idiv0|__aeabi_ldiv0|__chibios_override_boardInit|__cpu_init|__late_init|__malloc_lock|__malloc_unlock|_fini|battery_stop|board_init|default_layer_debug|default_layer_state_set_user|dummy_cb|early_hardware_init_post|housekeeping_task_user|keyboard_post_init_user|keyboard_pre_init_user|layer_debug|layer_state_set_user|leader_start_user|led_init_ports|led_set_user|led_update_ports|matrix_init_user|matrix_power_down|matrix_power_up|matrix_print|matrix_scan_user|matrix_setup|notify_usb_device_state_change_user|oneshot_layer_changed_user|oneshot_locked_mods_changed_user|oneshot_mods_changed_user|post_process_record_user|rgb_matrix_none_indicators_user|suspend_power_down_user|suspend_wakeup_init_user|td0_reset|via_init_kb|via_set_layout_options_kb|wireless_enter_bluetooth_pin_code_entry_kb|wireless_enter_connected_kb|wireless_enter_discoverable_kb|wireless_enter_reconnecting_kb|wireless_enter_sleep_kb|wireless_exit_bluetooth_pin_code_entry_kb|wireless_post_task),"ref1011_default,ref1011_default_lto,ref1011_feat,ref1011_feat_lto,ref1011_via,ref1011_via_lto",
suspend_power_down_user,0x0800FBA8,2,exact-ambiguous(unresolved:__aeabi_idiv0|__aeabi_ldiv0|__chibios_override_boardInit|__cpu_init|__late_init|__malloc_lock|__malloc_unlock|_fini|battery_stop|board_init|default_layer_debug|default_layer_state_set_user|dummy_cb|early_hardware_init_post|housekeeping_task_user|keyboard_post_init_user|keyboard_pre_init_user|layer_debug|layer_state_set_user|leader_start_user|led_init_ports|led_set_user|led_update_ports|matrix_init_user|matrix_power_down|matrix_power_up|matrix_print|matrix_scan_user|matrix_setup|notify_usb_device_state_change_user|oneshot_layer_changed_user|oneshot_locked_mods_changed_user|oneshot_mods_changed_user|post_process_record_user|rgb_matrix_none_indicators_user|suspend_power_down_user|suspend_wakeup_init_user|td0_reset|via_init_kb|via_set_layout_options_kb|wireless_enter_bluetooth_pin_code_entry_kb|wireless_enter_connected_kb|wireless_enter_discoverable_kb|wireless_enter_reconnecting_kb|wireless_enter_sleep_kb|wireless_exit_bluetooth_pin_code_entry_kb|wireless_post_task),"ref1011_default,ref1011_default_lto,ref1011_feat,ref1011_feat_lto,ref1011_via,ref1011_via_lto",
suspend_power_down_user,0x08012458,2,exact-ambiguous,"ref1011_default,ref1011_feat,ref1011_via",suspend_power_down_user:bl from suspend_power_down_kb@0x0801245A+0x2
suspend_power_down_user,0x080127FC,2,exact-ambiguous(unresolved:__aeabi_idiv0|__aeabi_ldiv0|__chibios_override_boardInit|__cpu_init|__late_init|__malloc_lock|__malloc_unlock|_fini|battery_stop|board_init|default_layer_debug|default_layer_state_set_user|dummy_cb|early_hardware_init_post|housekeeping_task_user|keyboard_post_init_user|keyboard_pre_init_user|layer_debug|layer_state_set_user|leader_start_user|led_init_ports|led_set_user|led_update_ports|matrix_init_user|matrix_power_down|matrix_power_up|matrix_print|matrix_scan_user|matrix_setup|notify_usb_device_state_change_user|oneshot_layer_changed_user|oneshot_locked_mods_changed_user|oneshot_mods_changed_user|post_process_record_user|rgb_matrix_none_indicators_user|suspend_power_down_user|suspend_wakeup_init_user|td0_reset|via_init_kb|via_set_layout_options_kb|wireless_enter_bluetooth_pin_code_entry_kb|wireless_enter_connected_kb|wireless_enter_discoverable_kb|wireless_enter_reconnecting_kb|wireless_enter_sleep_kb|wireless_exit_bluetooth_pin_code_entry_kb|wireless_post_task),"ref1011_default,ref1011_default_lto,ref1011_feat,ref1011_feat_lto,ref1011_via,ref1011_via_lto",
suspend_power_down_user,0x08013AF8,2,exact-ambiguous(unresolved:__aeabi_idiv0|__aeabi_ldiv0|__chibios_override_boardInit|__cpu_init|__late_init|__malloc_lock|__malloc_unlock|_fini|battery_stop|board_init|default_layer_debug|default_layer_state_set_user|dummy_cb|early_hardware_init_post|housekeeping_task_user|keyboard_post_init_user|keyboard_pre_init_user|layer_debug|layer_state_set_user|leader_start_user|led_init_ports|led_set_user|led_update_ports|matrix_init_user|matrix_power_down|matrix_power_up|matrix_print|matrix_scan_user|matrix_setup|notify_usb_device_state_change_user|oneshot_layer_changed_user|oneshot_locked_mods_changed_user|oneshot_mods_changed_user|post_process_record_user|rgb_matrix_none_indicators_user|suspend_power_down_user|suspend_wakeup_init_user|td0_reset|via_init_kb|via_set_layout_options_kb|wireless_enter_bluetooth_pin_code_entry_kb|wireless_enter_connected_kb|wireless_enter_discoverable_kb|wireless_enter_reconnecting_kb|wireless_enter_sleep_kb|wireless_exit_bluetooth_pin_code_entry_kb|wireless_post_task),"ref1011_default,ref1011_default_lto,ref1011_feat,ref1011_feat_lto,ref1011_via,ref1011_via_lto",
suspend_power_down_user,0x08014894,2,exact-ambiguous(unresolved:__aeabi_idiv0|__aeabi_ldiv0|__chibios_override_boardInit|__cpu_init|__late_init|__malloc_lock|__malloc_unlock|_fini|battery_stop|board_init|default_layer_debug|default_layer_state_set_user|dummy_cb|early_hardware_init_post|housekeeping_task_user|keyboard_post_init_user|keyboard_pre_init_user|layer_debug|layer_state_set_user|leader_start_user|led_init_ports|led_set_user|led_update_ports|matrix_init_user|matrix_power_down|matrix_power_up|matrix_print|matrix_scan_user|matrix_setup|notify_usb_device_state_change_user|oneshot_layer_changed_user|oneshot_locked_mods_changed_user|oneshot_mods_changed_user|post_process_record_user|rgb_matrix_none_indicators_user|suspend_power_down_user|suspend_wakeup_init_user|td0_reset|via_init_kb|via_set_layout_options_kb|wireless_enter_bluetooth_pin_code_entry_kb|wireless_enter_connected_kb|wireless_enter_discoverable_kb|wireless_enter_reconnecting_kb|wireless_enter_sleep_kb|wireless_exit_bluetooth_pin_code_entry_kb|wireless_post_task),"ref1011_default,ref1011_default_lto,ref1011_feat,ref1011_feat_lto,ref1011_via,ref1011_via_lto",
suspend_power_down_user,0x08014C76,2,exact-ambiguous(unresolved:__aeabi_idiv0|__aeabi_ldiv0|__chibios_override_boardInit|__cpu_init|__late_init|__malloc_lock|__malloc_unlock|_fini|battery_stop|board_init|default_layer_debug|default_layer_state_set_user|dummy_cb|early_hardware_init_post|housekeeping_task_user|keyboard_post_init_user|keyboard_pre_init_user|layer_debug|layer_state_set_user|leader_start_user|led_init_ports|led_set_user|led_update_ports|matrix_init_user|matrix_power_down|matrix_power_up|matrix_print|matrix_scan_user|matrix_setup|notify_usb_device_state_change_user|oneshot_layer_changed_user|oneshot_locked_mods_changed_user|oneshot_mods_changed_user|post_process_record_user|rgb_matrix_none_indicators_user|suspend_power_down_user|suspend_wakeup_init_user|td0_reset|via_init_kb|via_set_layout_options_kb|wireless_enter_bluetooth_pin_code_entry_kb|wireless_enter_connected_kb|wireless_enter_discoverable_kb|wireless_enter_reconnecting_kb|wireless_enter_sleep_kb|wireless_exit_bluetooth_pin_code_entry_kb|wireless_post_task),"ref1011_default,ref1011_default_lto,ref1011_feat,ref1011_feat_lto,ref1011_via,ref1011_via_lto",
suspend_power_down_user,0x0800D4AE,2,exact-ambiguous(unresolved:__aeabi_idiv0|__aeabi_ldiv0|__chibios_override_boardInit|__cpu_init|__late_init|__malloc_lock|__malloc_unlock|_fini|battery_stop|board_init|default_layer_debug|default_layer_state_set_user|dummy_cb|early_hardware_init_post|housekeeping_task_user|keyboard_post_init_user|keyboard_pre_init_user|layer_debug|layer_state_set_user|leader_start_user|led_init_ports|led_set_user|led_update_ports|matrix_init_user|matrix_power_down|matrix_power_up|matrix_print|matrix_scan_user|matrix_setup|notify_usb_device_state_change_user|oneshot_layer_changed_user|oneshot_locked_mods_changed_user|oneshot_mods_changed_user|post_process_record_user|rgb_matrix_none_indicators_user|suspend_power_down_user|suspend_wakeup_init_user|td0_reset|via_init_kb|via_set_layout_options_kb|wireless_enter_bluetooth_pin_code_entry_kb|wireless_enter_connected_kb|wireless_enter_discoverable_kb|wireless_enter_reconnecting_kb|wireless_enter_sleep_kb|wireless_exit_bluetooth_pin_code_entry_kb|wireless_post_task),"ref1011_default,ref1011_default_lto,ref1011_feat,ref1011_feat_lto,ref1011_via,ref1011_via_lto",
suspend_power_down_user,0x0800DBC2,2,exact-ambiguous(unresolved:__aeabi_idiv0|__aeabi_ldiv0|__chibios_override_boardInit|__cpu_init|__late_init|__malloc_lock|__malloc_unlock|_fini|battery_stop|board_init|default_layer_debug|default_layer_state_set_user|dummy_cb|early_hardware_init_post|housekeeping_task_user|keyboard_post_init_user|keyboard_pre_init_user|layer_debug|layer_state_set_user|leader_start_user|led_init_ports|led_set_user|led_update_ports|matrix_init_user|matrix_power_down|matrix_power_up|matrix_print|matrix_scan_user|matrix_setup|notify_usb_device_state_change_user|oneshot_layer_changed_user|oneshot_locked_mods_changed_user|oneshot_mods_changed_user|post_process_record_user|rgb_matrix_none_indicators_user|suspend_power_down_user|suspend_wakeup_init_user|td0_reset|via_init_kb|via_set_layout_options_kb|wireless_enter_bluetooth_pin_code_entry_kb|wireless_enter_connected_kb|wireless_enter_discoverable_kb|wireless_enter_reconnecting_kb|wireless_enter_sleep_kb|wireless_exit_bluetooth_pin_code_entry_kb|wireless_post_task),"ref1011_default,ref1011_default_lto,ref1011_feat,ref1011_feat_lto,ref1011_via,ref1011_via_lto",
suspend_power_down_user,0x08016700,2,exact-ambiguous(unresolved:__aeabi_idiv0|__aeabi_ldiv0|__chibios_override_boardInit|__cpu_init|__late_init|__malloc_lock|__malloc_unlock|_fini|battery_stop|board_init|default_layer_debug|default_layer_state_set_user|dummy_cb|early_hardware_init_post|housekeeping_task_user|keyboard_post_init_user|keyboard_pre_init_user|layer_debug|layer_state_set_user|leader_start_user|led_init_ports|led_set_user|led_update_ports|matrix_init_user|matrix_power_down|matrix_power_up|matrix_print|matrix_scan_user|matrix_setup|notify_usb_device_state_change_user|oneshot_layer_changed_user|oneshot_locked_mods_changed_user|oneshot_mods_changed_user|post_process_record_user|rgb_matrix_none_indicators_user|suspend_power_down_user|suspend_wakeup_init_user|td0_reset|via_init_kb|via_set_layout_options_kb|wireless_enter_bluetooth_pin_code_entry_kb|wireless_enter_connected_kb|wireless_enter_discoverable_kb|wireless_enter_reconnecting_kb|wireless_enter_sleep_kb|wireless_exit_bluetooth_pin_code_entry_kb|wireless_post_task),"ref1011_default,ref1011_default_lto,ref1011_feat,ref1011_feat_lto,ref1011_via,ref1011_via_lto",
suspend_power_down_kb,0x0800E38C,8,exact-ambiguous(unresolved:bootmagic|default_layer_state_set_kb|dip_switch_update_mask_kb|host_keyboard_led_state|keyboard_pre_init_kb|layer_state_set_kb|matrix_init_kb|matrix_output_unselect_delay|matrix_scan_kb|notify_usb_device_state_change_kb|oneshot_layer_changed_kb|oneshot_locked_mods_changed_kb|oneshot_mods_changed_kb|post_process_record_kb|pre_process_record_kb|rgb_matrix_indicators_advanced_kb|should_process_keypress|shutdown_kb|suspend_power_down_kb|suspend_wakeup_init_kb),"ref1011_default,ref1011_feat,ref1011_via",oneshot_locked_mods_changed_kb:bl from add_oneshot_locked_mods@0x0800E394+0x10 ; oneshot_mods_changed_kb:bl from clear_oneshot_mods@0x0800E3B0+0xC
suspend_power_down_kb,0x0800ED0E,8,exact-ambiguous(unresolved:bootmagic|default_layer_state_set_kb|dip_switch_update_mask_kb|host_keyboard_led_state|keyboard_pre_init_kb|layer_state_set_kb|matrix_init_kb|matrix_output_unselect_delay|matrix_scan_kb|notify_usb_device_state_change_kb|oneshot_layer_changed_kb|oneshot_locked_mods_changed_kb|oneshot_mods_changed_kb|post_process_record_kb|pre_process_record_kb|rgb_matrix_indicators_advanced_kb|should_process_keypress|shutdown_kb|suspend_power_down_kb|suspend_wakeup_init_kb),"ref1011_default,ref1011_feat,ref1011_via",
suspend_power_down_kb,0x0800ED50,8,exact-ambiguous(unresolved:bootmagic|default_layer_state_set_kb|dip_switch_update_mask_kb|host_keyboard_led_state|keyboard_pre_init_kb|layer_state_set_kb|matrix_init_kb|matrix_output_unselect_delay|matrix_scan_kb|notify_usb_device_state_change_kb|oneshot_layer_changed_kb|oneshot_locked_mods_changed_kb|oneshot_mods_changed_kb|post_process_record_kb|pre_process_record_kb|rgb_matrix_indicators_advanced_kb|should_process_keypress|shutdown_kb|suspend_power_down_kb|suspend_wakeup_init_kb),"ref1011_default,ref1011_feat,ref1011_via",
suspend_power_down_kb,0x0801245A,8,exact-ambiguous,"ref1011_default,ref1011_feat,ref1011_via",suspend_power_down_kb:bl from suspend_power_down_quantum@0x0800D45C+0x2
suspend_wakeup_init_user,0x0800896E,2,exact-ambiguous(unresolved:__aeabi_idiv0|__aeabi_ldiv0|__chibios_override_boardInit|__cpu_init|__late_init|__malloc_lock|__malloc_unlock|_fini|battery_stop|board_init|default_layer_debug|default_layer_state_set_user|dummy_cb|early_hardware_init_post|housekeeping_task_user|keyboard_post_init_user|keyboard_pre_init_user|layer_debug|layer_state_set_user|leader_start_user|led_init_ports|led_set_user|led_update_ports|matrix_init_user|matrix_power_down|matrix_power_up|matrix_print|matrix_scan_user|matrix_setup|notify_usb_device_state_change_user|oneshot_layer_changed_user|oneshot_locked_mods_changed_user|oneshot_mods_changed_user|post_process_record_user|rgb_matrix_none_indicators_user|suspend_power_down_user|suspend_wakeup_init_user|td0_reset|via_init_kb|via_set_layout_options_kb|wireless_enter_bluetooth_pin_code_entry_kb|wireless_enter_connected_kb|wireless_enter_discoverable_kb|wireless_enter_reconnecting_kb|wireless_enter_sleep_kb|wireless_exit_bluetooth_pin_code_entry_kb|wireless_post_task),"ref1011_default,ref1011_default_lto,ref1011_feat,ref1011_feat_lto,ref1011_via,ref1011_via_lto",
suspend_wakeup_init_user,0x0800ED0C,2,exact-ambiguous(unresolved:__aeabi_idiv0|__aeabi_ldiv0|__chibios_override_boardInit|__cpu_init|__late_init|__malloc_lock|__malloc_unlock|_fini|battery_stop|board_init|default_layer_debug|default_layer_state_set_user|dummy_cb|early_hardware_init_post|housekeeping_task_user|keyboard_post_init_user|keyboard_pre_init_user|layer_debug|layer_state_set_user|leader_start_user|led_init_ports|led_set_user|led_update_ports|matrix_init_user|matrix_power_down|matrix_power_up|matrix_print|matrix_scan_user|matrix_setup|notify_usb_device_state_change_user|oneshot_layer_changed_user|oneshot_locked_mods_changed_user|oneshot_mods_changed_user|post_process_record_user|rgb_matrix_none_indicators_user|suspend_power_down_user|suspend_wakeup_init_user|td0_reset|via_init_kb|via_set_layout_options_kb|wireless_enter_bluetooth_pin_code_entry_kb|wireless_enter_connected_kb|wireless_enter_discoverable_kb|wireless_enter_reconnecting_kb|wireless_enter_sleep_kb|wireless_exit_bluetooth_pin_code_entry_kb|wireless_post_task),"ref1011_default,ref1011_default_lto,ref1011_feat,ref1011_feat_lto,ref1011_via,ref1011_via_lto",
suspend_wakeup_init_user,0x0800FBA8,2,exact-ambiguous(unresolved:__aeabi_idiv0|__aeabi_ldiv0|__chibios_override_boardInit|__cpu_init|__late_init|__malloc_lock|__malloc_unlock|_fini|battery_stop|board_init|default_layer_debug|default_layer_state_set_user|dummy_cb|early_hardware_init_post|housekeeping_task_user|keyboard_post_init_user|keyboard_pre_init_user|layer_debug|layer_state_set_user|leader_start_user|led_init_ports|led_set_user|led_update_ports|matrix_init_user|matrix_power_down|matrix_power_up|matrix_print|matrix_scan_user|matrix_setup|notify_usb_device_state_change_user|oneshot_layer_changed_user|oneshot_locked_mods_changed_user|oneshot_mods_changed_user|post_process_record_user|rgb_matrix_none_indicators_user|suspend_power_down_user|suspend_wakeup_init_user|td0_reset|via_init_kb|via_set_layout_options_kb|wireless_enter_bluetooth_pin_code_entry_kb|wireless_enter_connected_kb|wireless_enter_discoverable_kb|wireless_enter_reconnecting_kb|wireless_enter_sleep_kb|wireless_exit_bluetooth_pin_code_entry_kb|wireless_post_task),"ref1011_default,ref1011_default_lto,ref1011_feat,ref1011_feat_lto,ref1011_via,ref1011_via_lto",
suspend_wakeup_init_user,0x08012462,2,exact-ambiguous,"ref1011_default,ref1011_feat,ref1011_via",suspend_wakeup_init_user:bl from suspend_wakeup_init_kb@0x08012464+0x2
suspend_wakeup_init_user,0x080127FC,2,exact-ambiguous(unresolved:__aeabi_idiv0|__aeabi_ldiv0|__chibios_override_boardInit|__cpu_init|__late_init|__malloc_lock|__malloc_unlock|_fini|battery_stop|board_init|default_layer_debug|default_layer_state_set_user|dummy_cb|early_hardware_init_post|housekeeping_task_user|keyboard_post_init_user|keyboard_pre_init_user|layer_debug|layer_state_set_user|leader_start_user|led_init_ports|led_set_user|led_update_ports|matrix_init_user|matrix_power_down|matrix_power_up|matrix_print|matrix_scan_user|matrix_setup|notify_usb_device_state_change_user|oneshot_layer_changed_user|oneshot_locked_mods_changed_user|oneshot_mods_changed_user|post_process_record_user|rgb_matrix_none_indicators_user|suspend_power_down_user|suspend_wakeup_init_user|td0_reset|via_init_kb|via_set_layout_options_kb|wireless_enter_bluetooth_pin_code_entry_kb|wireless_enter_connected_kb|wireless_enter_discoverable_kb|wireless_enter_reconnecting_kb|wireless_enter_sleep_kb|wireless_exit_bluetooth_pin_code_entry_kb|wireless_post_task),"ref1011_default,ref1011_default_lto,ref1011_feat,ref1011_feat_lto,ref1011_via,ref1011_via_lto",
suspend_wakeup_init_user,0x08013AF8,2,exact-ambiguous(unresolved:__aeabi_idiv0|__aeabi_ldiv0|__chibios_override_boardInit|__cpu_init|__late_init|__malloc_lock|__malloc_unlock|_fini|battery_stop|board_init|default_layer_debug|default_layer_state_set_user|dummy_cb|early_hardware_init_post|housekeeping_task_user|keyboard_post_init_user|keyboard_pre_init_user|layer_debug|layer_state_set_user|leader_start_user|led_init_ports|led_set_user|led_update_ports|matrix_init_user|matrix_power_down|matrix_power_up|matrix_print|matrix_scan_user|matrix_setup|notify_usb_device_state_change_user|oneshot_layer_changed_user|oneshot_locked_mods_changed_user|oneshot_mods_changed_user|post_process_record_user|rgb_matrix_none_indicators_user|suspend_power_down_user|suspend_wakeup_init_user|td0_reset|via_init_kb|via_set_layout_options_kb|wireless_enter_bluetooth_pin_code_entry_kb|wireless_enter_connected_kb|wireless_enter_discoverable_kb|wireless_enter_reconnecting_kb|wireless_enter_sleep_kb|wireless_exit_bluetooth_pin_code_entry_kb|wireless_post_task),"ref1011_default,ref1011_default_lto,ref1011_feat,ref1011_feat_lto,ref1011_via,ref1011_via_lto",
suspend_wakeup_init_user,0x08014894,2,exact-ambiguous(unresolved:__aeabi_idiv0|__aeabi_ldiv0|__chibios_override_boardInit|__cpu_init|__late_init|__malloc_lock|__malloc_unlock|_fini|battery_stop|board_init|default_layer_debug|default_layer_state_set_user|dummy_cb|early_hardware_init_post|housekeeping_task_user|keyboard_post_init_user|keyboard_pre_init_user|layer_debug|layer_state_set_user|leader_start_user|led_init_ports|led_set_user|led_update_ports|matrix_init_user|matrix_power_down|matrix_power_up|matrix_print|matrix_scan_user|matrix_setup|notify_usb_device_state_change_user|oneshot_layer_changed_user|oneshot_locked_mods_changed_user|oneshot_mods_changed_user|post_process_record_user|rgb_matrix_none_indicators_user|suspend_power_down_user|suspend_wakeup_init_user|td0_reset|via_init_kb|via_set_layout_options_kb|wireless_enter_bluetooth_pin_code_entry_kb|wireless_enter_connected_kb|wireless_enter_discoverable_kb|wireless_enter_reconnecting_kb|wireless_enter_sleep_kb|wireless_exit_bluetooth_pin_code_entry_kb|wireless_post_task),"ref1011_default,ref1011_default_lto,ref1011_feat,ref1011_feat_lto,ref1011_via,ref1011_via_lto",
suspend_wakeup_init_user,0x08014C76,2,exact-ambiguous(unresolved:__aeabi_idiv0|__aeabi_ldiv0|__chibios_override_boardInit|__cpu_init|__late_init|__malloc_lock|__malloc_unlock|_fini|battery_stop|board_init|default_layer_debug|default_layer_state_set_user|dummy_cb|early_hardware_init_post|housekeeping_task_user|keyboard_post_init_user|keyboard_pre_init_user|layer_debug|layer_state_set_user|leader_start_user|led_init_ports|led_set_user|led_update_ports|matrix_init_user|matrix_power_down|matrix_power_up|matrix_print|matrix_scan_user|matrix_setup|notify_usb_device_state_change_user|oneshot_layer_changed_user|oneshot_locked_mods_changed_user|oneshot_mods_changed_user|post_process_record_user|rgb_matrix_none_indicators_user|suspend_power_down_user|suspend_wakeup_init_user|td0_reset|via_init_kb|via_set_layout_options_kb|wireless_enter_bluetooth_pin_code_entry_kb|wireless_enter_connected_kb|wireless_enter_discoverable_kb|wireless_enter_reconnecting_kb|wireless_enter_sleep_kb|wireless_exit_bluetooth_pin_code_entry_kb|wireless_post_task),"ref1011_default,ref1011_default_lto,ref1011_feat,ref1011_feat_lto,ref1011_via,ref1011_via_lto",
suspend_wakeup_init_user,0x0800D4AE,2,exact-ambiguous(unresolved:__aeabi_idiv0|__aeabi_ldiv0|__chibios_override_boardInit|__cpu_init|__late_init|__malloc_lock|__malloc_unlock|_fini|battery_stop|board_init|default_layer_debug|default_layer_state_set_user|dummy_cb|early_hardware_init_post|housekeeping_task_user|keyboard_post_init_user|keyboard_pre_init_user|layer_debug|layer_state_set_user|leader_start_user|led_init_ports|led_set_user|led_update_ports|matrix_init_user|matrix_power_down|matrix_power_up|matrix_print|matrix_scan_user|matrix_setup|notify_usb_device_state_change_user|oneshot_layer_changed_user|oneshot_locked_mods_changed_user|oneshot_mods_changed_user|post_process_record_user|rgb_matrix_none_indicators_user|suspend_power_down_user|suspend_wakeup_init_user|td0_reset|via_init_kb|via_set_layout_options_kb|wireless_enter_bluetooth_pin_code_entry_kb|wireless_enter_connected_kb|wireless_enter_discoverable_kb|wireless_enter_reconnecting_kb|wireless_enter_sleep_kb|wireless_exit_bluetooth_pin_code_entry_kb|wireless_post_task),"ref1011_default,ref1011_default_lto,ref1011_feat,ref1011_feat_lto,ref1011_via,ref1011_via_lto",
suspend_wakeup_init_user,0x0800DBC2,2,exact-ambiguous(unresolved:__aeabi_idiv0|__aeabi_ldiv0|__chibios_override_boardInit|__cpu_init|__late_init|__malloc_lock|__malloc_unlock|_fini|battery_stop|board_init|default_layer_debug|default_layer_state_set_user|dummy_cb|early_hardware_init_post|housekeeping_task_user|keyboard_post_init_user|keyboard_pre_init_user|layer_debug|layer_state_set_user|leader_start_user|led_init_ports|led_set_user|led_update_ports|matrix_init_user|matrix_power_down|matrix_power_up|matrix_print|matrix_scan_user|matrix_setup|notify_usb_device_state_change_user|oneshot_layer_changed_user|oneshot_locked_mods_changed_user|oneshot_mods_changed_user|post_process_record_user|rgb_matrix_none_indicators_user|suspend_power_down_user|suspend_wakeup_init_user|td0_reset|via_init_kb|via_set_layout_options_kb|wireless_enter_bluetooth_pin_code_entry_kb|wireless_enter_connected_kb|wireless_enter_discoverable_kb|wireless_enter_reconnecting_kb|wireless_enter_sleep_kb|wireless_exit_bluetooth_pin_code_entry_kb|wireless_post_task),"ref1011_default,ref1011_default_lto,ref1011_feat,ref1011_feat_lto,ref1011_via,ref1011_via_lto",
suspend_wakeup_init_user,0x08016700,2,exact-ambiguous(unresolved:__aeabi_idiv0|__aeabi_ldiv0|__chibios_override_boardInit|__cpu_init|__late_init|__malloc_lock|__malloc_unlock|_fini|battery_stop|board_init|default_layer_debug|default_layer_state_set_user|dummy_cb|early_hardware_init_post|housekeeping_task_user|keyboard_post_init_user|keyboard_pre_init_user|layer_debug|layer_state_set_user|leader_start_user|led_init_ports|led_set_user|led_update_ports|matrix_init_user|matrix_power_down|matrix_power_up|matrix_print|matrix_scan_user|matrix_setup|notify_usb_device_state_change_user|oneshot_layer_changed_user|oneshot_locked_mods_changed_user|oneshot_mods_changed_user|post_process_record_user|rgb_matrix_none_indicators_user|suspend_power_down_user|suspend_wakeup_init_user|td0_reset|via_init_kb|via_set_layout_options_kb|wireless_enter_bluetooth_pin_code_entry_kb|wireless_enter_connected_kb|wireless_enter_discoverable_kb|wireless_enter_reconnecting_kb|wireless_enter_sleep_kb|wireless_exit_bluetooth_pin_code_entry_kb|wireless_post_task),"ref1011_default,ref1011_default_lto,ref1011_feat,ref1011_feat_lto,ref1011_via,ref1011_via_lto",
suspend_wakeup_init_kb,0x0800E38C,8,exact-ambiguous(unresolved:bootmagic|default_layer_state_set_kb|dip_switch_update_mask_kb|host_keyboard_led_state|keyboard_pre_init_kb|layer_state_set_kb|matrix_init_kb|matrix_output_unselect_delay|matrix_scan_kb|notify_usb_device_state_change_kb|oneshot_layer_changed_kb|oneshot_locked_mods_changed_kb|oneshot_mods_changed_kb|post_process_record_kb|pre_process_record_kb|rgb_matrix_indicators_advanced_kb|should_process_keypress|shutdown_kb|suspend_power_down_kb|suspend_wakeup_init_kb),"ref1011_default,ref1011_feat,ref1011_via",oneshot_locked_mods_changed_kb:bl from add_oneshot_locked_mods@0x0800E394+0x10 ; oneshot_mods_changed_kb:bl from clear_oneshot_mods@0x0800E3B0+0xC
suspend_wakeup_init_kb,0x0800ED0E,8,exact-ambiguous(unresolved:bootmagic|default_layer_state_set_kb|dip_switch_update_mask_kb|host_keyboard_led_state|keyboard_pre_init_kb|layer_state_set_kb|matrix_init_kb|matrix_output_unselect_delay|matrix_scan_kb|notify_usb_device_state_change_kb|oneshot_layer_changed_kb|oneshot_locked_mods_changed_kb|oneshot_mods_changed_kb|post_process_record_kb|pre_process_record_kb|rgb_matrix_indicators_advanced_kb|should_process_keypress|shutdown_kb|suspend_power_down_kb|suspend_wakeup_init_kb),"ref1011_default,ref1011_feat,ref1011_via",
suspend_wakeup_init_kb,0x0800ED50,8,exact-ambiguous(unresolved:bootmagic|default_layer_state_set_kb|dip_switch_update_mask_kb|host_keyboard_led_state|keyboard_pre_init_kb|layer_state_set_kb|matrix_init_kb|matrix_output_unselect_delay|matrix_scan_kb|notify_usb_device_state_change_kb|oneshot_layer_changed_kb|oneshot_locked_mods_changed_kb|oneshot_mods_changed_kb|post_process_record_kb|pre_process_record_kb|rgb_matrix_indicators_advanced_kb|should_process_keypress|shutdown_kb|suspend_power_down_kb|suspend_wakeup_init_kb),"ref1011_default,ref1011_feat,ref1011_via",
suspend_wakeup_init_kb,0x08012464,8,exact-ambiguous,"ref1011_default,ref1011_feat,ref1011_via",suspend_wakeup_init_kb:b.w from suspend_wakeup_init_quantum@0x0800D474+0x10
led_update_user,0x0800D2D8,4,exact-ambiguous(unresolved:_getpid|_isatty_r|dip_switch_update_mask_user|is_keyboard_master|led_update_user|matrix_can_read|pre_process_record_user|process_action_kb|process_record_keychron_kb|rgb_matrix_indicators_advanced_user|rgb_matrix_indicators_user|shutdown_user),"ref1011_default,ref1011_default_lto,ref1011_feat,ref1011_feat_lto,ref1011_via,ref1011_via_lto",
led_update_user,0x0800D4B2,4,exact-ambiguous,"ref1011_default,ref1011_feat,ref1011_via",led_update_user:bl from led_update_kb@0x0800B91C+0x4
led_update_user,0x0801017A,4,exact-ambiguous(unresolved:_getpid|_isatty_r|dip_switch_update_mask_user|is_keyboard_master|led_update_user|matrix_can_read|pre_process_record_user|process_action_kb|process_record_keychron_kb|rgb_matrix_indicators_advanced_user|rgb_matrix_indicators_user|shutdown_user),"ref1011_default,ref1011_default_lto,ref1011_feat,ref1011_feat_lto,ref1011_via,ref1011_via_lto",
led_update_user,0x08014E38,4,exact-ambiguous(unresolved:_getpid|_isatty_r|dip_switch_update_mask_user|is_keyboard_master|led_update_user|matrix_can_read|pre_process_record_user|process_action_kb|process_record_keychron_kb|rgb_matrix_indicators_advanced_user|rgb_matrix_indicators_user|shutdown_user),"ref1011_default,ref1011_default_lto,ref1011_feat,ref1011_feat_lto,ref1011_via,ref1011_via_lto",
led_update_user,0x080166FC,4,exact-ambiguous(unresolved:_getpid|_isatty_r|dip_switch_update_mask_user|is_keyboard_master|led_update_user|matrix_can_read|pre_process_record_user|process_action_kb|process_record_keychron_kb|rgb_matrix_indicators_advanced_user|rgb_matrix_indicators_user|shutdown_user),"ref1011_default,ref1011_default_lto,ref1011_feat,ref1011_feat_lto,ref1011_via,ref1011_via_lto",
led_update_kb,0x0800B91C,84,exact,"ref1011_default,ref1011_feat,ref1011_via",led_update_kb:bl from led_set@0x0800D4BA+0xA
via_custom_value_command_kb,,,not-found,,"no body match, no caller vote"
process_record_via,,,not-found,,"no body match, no caller vote"
get_hold_on_other_key_press,,,not-found,,"no body match, no caller vote"
get_permissive_hold,,,not-found,,"no body match, no caller vote"
get_retro_tapping,,,not-found,,"no body match, no caller vote"
pre_process_record_user,0x0800D2CC,4,exact-ambiguous,"ref1011_default,ref1011_feat,ref1011_via",pre_process_record_user:bl from pre_process_record_kb@0x0800D2D0+0x2
pre_process_record_user,0x0800D2D8,4,exact-ambiguous(unresolved:_getpid|_isatty_r|dip_switch_update_mask_user|is_keyboard_master|led_update_user|matrix_can_read|pre_process_record_user|process_action_kb|process_record_keychron_kb|rgb_matrix_indicators_advanced_user|rgb_matrix_indicators_user|shutdown_user),"ref1011_default,ref1011_default_lto,ref1011_feat,ref1011_feat_lto,ref1011_via,ref1011_via_lto",
pre_process_record_user,0x0801017A,4,exact-ambiguous(unresolved:_getpid|_isatty_r|dip_switch_update_mask_user|is_keyboard_master|led_update_user|matrix_can_read|pre_process_record_user|process_action_kb|process_record_keychron_kb|rgb_matrix_indicators_advanced_user|rgb_matrix_indicators_user|shutdown_user),"ref1011_default,ref1011_default_lto,ref1011_feat,ref1011_feat_lto,ref1011_via,ref1011_via_lto",
pre_process_record_user,0x08014E38,4,exact-ambiguous(unresolved:_getpid|_isatty_r|dip_switch_update_mask_user|is_keyboard_master|led_update_user|matrix_can_read|pre_process_record_user|process_action_kb|process_record_keychron_kb|rgb_matrix_indicators_advanced_user|rgb_matrix_indicators_user|shutdown_user),"ref1011_default,ref1011_default_lto,ref1011_feat,ref1011_feat_lto,ref1011_via,ref1011_via_lto",
pre_process_record_user,0x080166FC,4,exact-ambiguous(unresolved:_getpid|_isatty_r|dip_switch_update_mask_user|is_keyboard_master|led_update_user|matrix_can_read|pre_process_record_user|process_action_kb|process_record_keychron_kb|rgb_matrix_indicators_advanced_user|rgb_matrix_indicators_user|shutdown_user),"ref1011_default,ref1011_default_lto,ref1011_feat,ref1011_feat_lto,ref1011_via,ref1011_via_lto",
pre_process_record_kb,0x0800D2D0,8,exact-ambiguous,"ref1011_default,ref1011_feat,ref1011_via",pre_process_record_kb:bl from pre_process_record_quantum@0x0800D34C+0xC
pre_process_record_kb,0x0800E38C,8,exact-ambiguous(unresolved:bootmagic|default_layer_state_set_kb|dip_switch_update_mask_kb|host_keyboard_led_state|keyboard_pre_init_kb|layer_state_set_kb|matrix_init_kb|matrix_output_unselect_delay|matrix_scan_kb|notify_usb_device_state_change_kb|oneshot_layer_changed_kb|oneshot_locked_mods_changed_kb|oneshot_mods_changed_kb|post_process_record_kb|pre_process_record_kb|rgb_matrix_indicators_advanced_kb|should_process_keypress|shutdown_kb|suspend_power_down_kb|suspend_wakeup_init_kb),"ref1011_default,ref1011_feat,ref1011_via",oneshot_locked_mods_changed_kb:bl from add_oneshot_locked_mods@0x0800E394+0x10 ; oneshot_mods_changed_kb:bl from clear_oneshot_mods@0x0800E3B0+0xC
pre_process_record_kb,0x0800ED0E,8,exact-ambiguous(unresolved:bootmagic|default_layer_state_set_kb|dip_switch_update_mask_kb|host_keyboard_led_state|keyboard_pre_init_kb|layer_state_set_kb|matrix_init_kb|matrix_output_unselect_delay|matrix_scan_kb|notify_usb_device_state_change_kb|oneshot_layer_changed_kb|oneshot_locked_mods_changed_kb|oneshot_mods_changed_kb|post_process_record_kb|pre_process_record_kb|rgb_matrix_indicators_advanced_kb|should_process_keypress|shutdown_kb|suspend_power_down_kb|suspend_wakeup_init_kb),"ref1011_default,ref1011_feat,ref1011_via",
pre_process_record_kb,0x0800ED50,8,exact-ambiguous(unresolved:bootmagic|default_layer_state_set_kb|dip_switch_update_mask_kb|host_keyboard_led_state|keyboard_pre_init_kb|layer_state_set_kb|matrix_init_kb|matrix_output_unselect_delay|matrix_scan_kb|notify_usb_device_state_change_kb|oneshot_layer_changed_kb|oneshot_locked_mods_changed_kb|oneshot_mods_changed_kb|post_process_record_kb|pre_process_record_kb|rgb_matrix_indicators_advanced_kb|should_process_keypress|shutdown_kb|suspend_power_down_kb|suspend_wakeup_init_kb),"ref1011_default,ref1011_feat,ref1011_via",
post_process_record_user,0x0800896E,2,exact-ambiguous(unresolved:__aeabi_idiv0|__aeabi_ldiv0|__chibios_override_boardInit|__cpu_init|__late_init|__malloc_lock|__malloc_unlock|_fini|battery_stop|board_init|default_layer_debug|default_layer_state_set_user|dummy_cb|early_hardware_init_post|housekeeping_task_user|keyboard_post_init_user|keyboard_pre_init_user|layer_debug|layer_state_set_user|leader_start_user|led_init_ports|led_set_user|led_update_ports|matrix_init_user|matrix_power_down|matrix_power_up|matrix_print|matrix_scan_user|matrix_setup|notify_usb_device_state_change_user|oneshot_layer_changed_user|oneshot_locked_mods_changed_user|oneshot_mods_changed_user|post_process_record_user|rgb_matrix_none_indicators_user|suspend_power_down_user|suspend_wakeup_init_user|td0_reset|via_init_kb|via_set_layout_options_kb|wireless_enter_bluetooth_pin_code_entry_kb|wireless_enter_connected_kb|wireless_enter_discoverable_kb|wireless_enter_reconnecting_kb|wireless_enter_sleep_kb|wireless_exit_bluetooth_pin_code_entry_kb|wireless_post_task),"ref1011_default,ref1011_default_lto,ref1011_feat,ref1011_feat_lto,ref1011_via,ref1011_via_lto",
post_process_record_user,0x0800D2DC,2,exact-ambiguous,"ref1011_default,ref1011_feat,ref1011_via",post_process_record_user:bl from post_process_record_kb@0x0800D2DE+0x2
post_process_record_user,0x0800ED0C,2,exact-ambiguous(unresolved:__aeabi_idiv0|__aeabi_ldiv0|__chibios_override_boardInit|__cpu_init|__late_init|__malloc_lock|__malloc_unlock|_fini|battery_stop|board_init|default_layer_debug|default_layer_state_set_user|dummy_cb|early_hardware_init_post|housekeeping_task_user|keyboard_post_init_user|keyboard_pre_init_user|layer_debug|layer_state_set_user|leader_start_user|led_init_ports|led_set_user|led_update_ports|matrix_init_user|matrix_power_down|matrix_power_up|matrix_print|matrix_scan_user|matrix_setup|notify_usb_device_state_change_user|oneshot_layer_changed_user|oneshot_locked_mods_changed_user|oneshot_mods_changed_user|post_process_record_user|rgb_matrix_none_indicators_user|suspend_power_down_user|suspend_wakeup_init_user|td0_reset|via_init_kb|via_set_layout_options_kb|wireless_enter_bluetooth_pin_code_entry_kb|wireless_enter_connected_kb|wireless_enter_discoverable_kb|wireless_enter_reconnecting_kb|wireless_enter_sleep_kb|wireless_exit_bluetooth_pin_code_entry_kb|wireless_post_task),"ref1011_default,ref1011_default_lto,ref1011_feat,ref1011_feat_lto,ref1011_via,ref1011_via_lto",
post_process_record_user,0x0800FBA8,2,exact-ambiguous(unresolved:__aeabi_idiv0|__aeabi_ldiv0|__chibios_override_boardInit|__cpu_init|__late_init|__malloc_lock|__malloc_unlock|_fini|battery_stop|board_init|default_layer_debug|default_layer_state_set_user|dummy_cb|early_hardware_init_post|housekeeping_task_user|keyboard_post_init_user|keyboard_pre_init_user|layer_debug|layer_state_set_user|leader_start_user|led_init_ports|led_set_user|led_update_ports|matrix_init_user|matrix_power_down|matrix_power_up|matrix_print|matrix_scan_user|matrix_setup|notify_usb_device_state_change_user|oneshot_layer_changed_user|oneshot_locked_mods_changed_user|oneshot_mods_changed_user|post_process_record_user|rgb_matrix_none_indicators_user|suspend_power_down_user|suspend_wakeup_init_user|td0_reset|via_init_kb|via_set_layout_options_kb|wireless_enter_bluetooth_pin_code_entry_kb|wireless_enter_connected_kb|wireless_enter_discoverable_kb|wireless_enter_reconnecting_kb|wireless_enter_sleep_kb|wireless_exit_bluetooth_pin_code_entry_kb|wireless_post_task),"ref1011_default,ref1011_default_lto,ref1011_feat,ref1011_feat_lto,ref1011_via,ref1011_via_lto",
post_process_record_user,0x080127FC,2,exact-ambiguous(unresolved:__aeabi_idiv0|__aeabi_ldiv0|__chibios_override_boardInit|__cpu_init|__late_init|__malloc_lock|__malloc_unlock|_fini|battery_stop|board_init|default_layer_debug|default_layer_state_set_user|dummy_cb|early_hardware_init_post|housekeeping_task_user|keyboard_post_init_user|keyboard_pre_init_user|layer_debug|layer_state_set_user|leader_start_user|led_init_ports|led_set_user|led_update_ports|matrix_init_user|matrix_power_down|matrix_power_up|matrix_print|matrix_scan_user|matrix_setup|notify_usb_device_state_change_user|oneshot_layer_changed_user|oneshot_locked_mods_changed_user|oneshot_mods_changed_user|post_process_record_user|rgb_matrix_none_indicators_user|suspend_power_down_user|suspend_wakeup_init_user|td0_reset|via_init_kb|via_set_layout_options_kb|wireless_enter_bluetooth_pin_code_entry_kb|wireless_enter_connected_kb|wireless_enter_discoverable_kb|wireless_enter_reconnecting_kb|wireless_enter_sleep_kb|wireless_exit_bluetooth_pin_code_entry_kb|wireless_post_task),"ref1011_default,ref1011_default_lto,ref1011_feat,ref1011_feat_lto,ref1011_via,ref1011_via_lto",
post_process_record_user,0x08013AF8,2,exact-ambiguous(unresolved:__aeabi_idiv0|__aeabi_ldiv0|__chibios_override_boardInit|__cpu_init|__late_init|__malloc_lock|__malloc_unlock|_fini|battery_stop|board_init|default_layer_debug|default_layer_state_set_user|dummy_cb|early_hardware_init_post|housekeeping_task_user|keyboard_post_init_user|keyboard_pre_init_user|layer_debug|layer_state_set_user|leader_start_user|led_init_ports|led_set_user|led_update_ports|matrix_init_user|matrix_power_down|matrix_power_up|matrix_print|matrix_scan_user|matrix_setup|notify_usb_device_state_change_user|oneshot_layer_changed_user|oneshot_locked_mods_changed_user|oneshot_mods_changed_user|post_process_record_user|rgb_matrix_none_indicators_user|suspend_power_down_user|suspend_wakeup_init_user|td0_reset|via_init_kb|via_set_layout_options_kb|wireless_enter_bluetooth_pin_code_entry_kb|wireless_enter_connected_kb|wireless_enter_discoverable_kb|wireless_enter_reconnecting_kb|wireless_enter_sleep_kb|wireless_exit_bluetooth_pin_code_entry_kb|wireless_post_task),"ref1011_default,ref1011_default_lto,ref1011_feat,ref1011_feat_lto,ref1011_via,ref1011_via_lto",
post_process_record_user,0x08014894,2,exact-ambiguous(unresolved:__aeabi_idiv0|__aeabi_ldiv0|__chibios_override_boardInit|__cpu_init|__late_init|__malloc_lock|__malloc_unlock|_fini|battery_stop|board_init|default_layer_debug|default_layer_state_set_user|dummy_cb|early_hardware_init_post|housekeeping_task_user|keyboard_post_init_user|keyboard_pre_init_user|layer_debug|layer_state_set_user|leader_start_user|led_init_ports|led_set_user|led_update_ports|matrix_init_user|matrix_power_down|matrix_power_up|matrix_print|matrix_scan_user|matrix_setup|notify_usb_device_state_change_user|oneshot_layer_changed_user|oneshot_locked_mods_changed_user|oneshot_mods_changed_user|post_process_record_user|rgb_matrix_none_indicators_user|suspend_power_down_user|suspend_wakeup_init_user|td0_reset|via_init_kb|via_set_layout_options_kb|wireless_enter_bluetooth_pin_code_entry_kb|wireless_enter_connected_kb|wireless_enter_discoverable_kb|wireless_enter_reconnecting_kb|wireless_enter_sleep_kb|wireless_exit_bluetooth_pin_code_entry_kb|wireless_post_task),"ref1011_default,ref1011_default_lto,ref1011_feat,ref1011_feat_lto,ref1011_via,ref1011_via_lto",
post_process_record_user,0x08014C76,2,exact-ambiguous(unresolved:__aeabi_idiv0|__aeabi_ldiv0|__chibios_override_boardInit|__cpu_init|__late_init|__malloc_lock|__malloc_unlock|_fini|battery_stop|board_init|default_layer_debug|default_layer_state_set_user|dummy_cb|early_hardware_init_post|housekeeping_task_user|keyboard_post_init_user|keyboard_pre_init_user|layer_debug|layer_state_set_user|leader_start_user|led_init_ports|led_set_user|led_update_ports|matrix_init_user|matrix_power_down|matrix_power_up|matrix_print|matrix_scan_user|matrix_setup|notify_usb_device_state_change_user|oneshot_layer_changed_user|oneshot_locked_mods_changed_user|oneshot_mods_changed_user|post_process_record_user|rgb_matrix_none_indicators_user|suspend_power_down_user|suspend_wakeup_init_user|td0_reset|via_init_kb|via_set_layout_options_kb|wireless_enter_bluetooth_pin_code_entry_kb|wireless_enter_connected_kb|wireless_enter_discoverable_kb|wireless_enter_reconnecting_kb|wireless_enter_sleep_kb|wireless_exit_bluetooth_pin_code_entry_kb|wireless_post_task),"ref1011_default,ref1011_default_lto,ref1011_feat,ref1011_feat_lto,ref1011_via,ref1011_via_lto",
post_process_record_user,0x0800D4AE,2,exact-ambiguous(unresolved:__aeabi_idiv0|__aeabi_ldiv0|__chibios_override_boardInit|__cpu_init|__late_init|__malloc_lock|__malloc_unlock|_fini|battery_stop|board_init|default_layer_debug|default_layer_state_set_user|dummy_cb|early_hardware_init_post|housekeeping_task_user|keyboard_post_init_user|keyboard_pre_init_user|layer_debug|layer_state_set_user|leader_start_user|led_init_ports|led_set_user|led_update_ports|matrix_init_user|matrix_power_down|matrix_power_up|matrix_print|matrix_scan_user|matrix_setup|notify_usb_device_state_change_user|oneshot_layer_changed_user|oneshot_locked_mods_changed_user|oneshot_mods_changed_user|post_process_record_user|rgb_matrix_none_indicators_user|suspend_power_down_user|suspend_wakeup_init_user|td0_reset|via_init_kb|via_set_layout_options_kb|wireless_enter_bluetooth_pin_code_entry_kb|wireless_enter_connected_kb|wireless_enter_discoverable_kb|wireless_enter_reconnecting_kb|wireless_enter_sleep_kb|wireless_exit_bluetooth_pin_code_entry_kb|wireless_post_task),"ref1011_default,ref1011_default_lto,ref1011_feat,ref1011_feat_lto,ref1011_via,ref1011_via_lto",
post_process_record_user,0x0800DBC2,2,exact-ambiguous(unresolved:__aeabi_idiv0|__aeabi_ldiv0|__chibios_override_boardInit|__cpu_init|__late_init|__malloc_lock|__malloc_unlock|_fini|battery_stop|board_init|default_layer_debug|default_layer_state_set_user|dummy_cb|early_hardware_init_post|housekeeping_task_user|keyboard_post_init_user|keyboard_pre_init_user|layer_debug|layer_state_set_user|leader_start_user|led_init_ports|led_set_user|led_update_ports|matrix_init_user|matrix_power_down|matrix_power_up|matrix_print|matrix_scan_user|matrix_setup|notify_usb_device_state_change_user|oneshot_layer_changed_user|oneshot_locked_mods_changed_user|oneshot_mods_changed_user|post_process_record_user|rgb_matrix_none_indicators_user|suspend_power_down_user|suspend_wakeup_init_user|td0_reset|via_init_kb|via_set_layout_options_kb|wireless_enter_bluetooth_pin_code_entry_kb|wireless_enter_connected_kb|wireless_enter_discoverable_kb|wireless_enter_reconnecting_kb|wireless_enter_sleep_kb|wireless_exit_bluetooth_pin_code_entry_kb|wireless_post_task),"ref1011_default,ref1011_default_lto,ref1011_feat,ref1011_feat_lto,ref1011_via,ref1011_via_lto",
post_process_record_user,0x08016700,2,exact-ambiguous(unresolved:__aeabi_idiv0|__aeabi_ldiv0|__chibios_override_boardInit|__cpu_init|__late_init|__malloc_lock|__malloc_unlock|_fini|battery_stop|board_init|default_layer_debug|default_layer_state_set_user|dummy_cb|early_hardware_init_post|housekeeping_task_user|keyboard_post_init_user|keyboard_pre_init_user|layer_debug|layer_state_set_user|leader_start_user|led_init_ports|led_set_user|led_update_ports|matrix_init_user|matrix_power_down|matrix_power_up|matrix_print|matrix_scan_user|matrix_setup|notify_usb_device_state_change_user|oneshot_layer_changed_user|oneshot_locked_mods_changed_user|oneshot_mods_changed_user|post_process_record_user|rgb_matrix_none_indicators_user|suspend_power_down_user|suspend_wakeup_init_user|td0_reset|via_init_kb|via_set_layout_options_kb|wireless_enter_bluetooth_pin_code_entry_kb|wireless_enter_connected_kb|wireless_enter_discoverable_kb|wireless_enter_reconnecting_kb|wireless_enter_sleep_kb|wireless_exit_bluetooth_pin_code_entry_kb|wireless_post_task),"ref1011_default,ref1011_default_lto,ref1011_feat,ref1011_feat_lto,ref1011_via,ref1011_via_lto",
post_process_record_kb,0x0800D2DE,8,exact-ambiguous,"ref1011_default,ref1011_feat,ref1011_via",post_process_record_kb:bl from post_process_record_quantum@0x0800D35E+0xC
post_process_record_kb,0x0800E38C,8,exact-ambiguous(unresolved:bootmagic|default_layer_state_set_kb|dip_switch_update_mask_kb|host_keyboard_led_state|keyboard_pre_init_kb|layer_state_set_kb|matrix_init_kb|matrix_output_unselect_delay|matrix_scan_kb|notify_usb_device_state_change_kb|oneshot_layer_changed_kb|oneshot_locked_mods_changed_kb|oneshot_mods_changed_kb|post_process_record_kb|pre_process_record_kb|rgb_matrix_indicators_advanced_kb|should_process_keypress|shutdown_kb|suspend_power_down_kb|suspend_wakeup_init_kb),"ref1011_default,ref1011_feat,ref1011_via",oneshot_locked_mods_changed_kb:bl from add_oneshot_locked_mods@0x0800E394+0x10 ; oneshot_mods_changed_kb:bl from clear_oneshot_mods@0x0800E3B0+0xC
post_process_record_kb,0x0800ED0E,8,exact-ambiguous(unresolved:bootmagic|default_layer_state_set_kb|dip_switch_update_mask_kb|host_keyboard_led_state|keyboard_pre_init_kb|layer_state_set_kb|matrix_init_kb|matrix_output_unselect_delay|matrix_scan_kb|notify_usb_device_state_change_kb|oneshot_layer_changed_kb|oneshot_locked_mods_changed_kb|oneshot_mods_changed_kb|post_process_record_kb|pre_process_record_kb|rgb_matrix_indicators_advanced_kb|should_process_keypress|shutdown_kb|suspend_power_down_kb|suspend_wakeup_init_kb),"ref1011_default,ref1011_feat,ref1011_via",
post_process_record_kb,0x0800ED50,8,exact-ambiguous(unresolved:bootmagic|default_layer_state_set_kb|dip_switch_update_mask_kb|host_keyboard_led_state|keyboard_pre_init_kb|layer_state_set_kb|matrix_init_kb|matrix_output_unselect_delay|matrix_scan_kb|notify_usb_device_state_change_kb|oneshot_layer_changed_kb|oneshot_locked_mods_changed_kb|oneshot_mods_changed_kb|post_process_record_kb|pre_process_record_kb|rgb_matrix_indicators_advanced_kb|should_process_keypress|shutdown_kb|suspend_power_down_kb|suspend_wakeup_init_kb),"ref1011_default,ref1011_feat,ref1011_via",
battery_low_user,,,not-found,,"no body match, no caller vote"
wireless_pre_task,0x0800C5EC,180,fuzzy-anchored,ref1011_feat,wireless_pre_task:bl from wireless_tasks@0x0800B972+0x2
wireless_post_task,0x0800896E,2,exact-ambiguous(unresolved:__aeabi_idiv0|__aeabi_ldiv0|__chibios_override_boardInit|__cpu_init|__late_init|__malloc_lock|__malloc_unlock|_fini|battery_stop|board_init|default_layer_debug|default_layer_state_set_user|dummy_cb|early_hardware_init_post|housekeeping_task_user|keyboard_post_init_user|keyboard_pre_init_user|layer_debug|layer_state_set_user|leader_start_user|led_init_ports|led_set_user|led_update_ports|matrix_init_user|matrix_power_down|matrix_power_up|matrix_print|matrix_scan_user|matrix_setup|notify_usb_device_state_change_user|oneshot_layer_changed_user|oneshot_locked_mods_changed_user|oneshot_mods_changed_user|post_process_record_user|rgb_matrix_none_indicators_user|suspend_power_down_user|suspend_wakeup_init_user|td0_reset|via_init_kb|via_set_layout_options_kb|wireless_enter_bluetooth_pin_code_entry_kb|wireless_enter_connected_kb|wireless_enter_discoverable_kb|wireless_enter_reconnecting_kb|wireless_enter_sleep_kb|wireless_exit_bluetooth_pin_code_entry_kb|wireless_post_task),"ref1011_default,ref1011_default_lto,ref1011_feat,ref1011_feat_lto,ref1011_via,ref1011_via_lto",
wireless_post_task,0x0800B970,2,exact-ambiguous,"ref1011_default,ref1011_feat,ref1011_via",wireless_post_task:bl from wireless_tasks@0x0800B972+0xA
wireless_post_task,0x0800ED0C,2,exact-ambiguous(unresolved:__aeabi_idiv0|__aeabi_ldiv0|__chibios_override_boardInit|__cpu_init|__late_init|__malloc_lock|__malloc_unlock|_fini|battery_stop|board_init|default_layer_debug|default_layer_state_set_user|dummy_cb|early_hardware_init_post|housekeeping_task_user|keyboard_post_init_user|keyboard_pre_init_user|layer_debug|layer_state_set_user|leader_start_user|led_init_ports|led_set_user|led_update_ports|matrix_init_user|matrix_power_down|matrix_power_up|matrix_print|matrix_scan_user|matrix_setup|notify_usb_device_state_change_user|oneshot_layer_changed_user|oneshot_locked_mods_changed_user|oneshot_mods_changed_user|post_process_record_user|rgb_matrix_none_indicators_user|suspend_power_down_user|suspend_wakeup_init_user|td0_reset|via_init_kb|via_set_layout_options_kb|wireless_enter_bluetooth_pin_code_entry_kb|wireless_enter_connected_kb|wireless_enter_discoverable_kb|wireless_enter_reconnecting_kb|wireless_enter_sleep_kb|wireless_exit_bluetooth_pin_code_entry_kb|wireless_post_task),"ref1011_default,ref1011_default_lto,ref1011_feat,ref1011_feat_lto,ref1011_via,ref1011_via_lto",
wireless_post_task,0x0800FBA8,2,exact-ambiguous(unresolved:__aeabi_idiv0|__aeabi_ldiv0|__chibios_override_boardInit|__cpu_init|__late_init|__malloc_lock|__malloc_unlock|_fini|battery_stop|board_init|default_layer_debug|default_layer_state_set_user|dummy_cb|early_hardware_init_post|housekeeping_task_user|keyboard_post_init_user|keyboard_pre_init_user|layer_debug|layer_state_set_user|leader_start_user|led_init_ports|led_set_user|led_update_ports|matrix_init_user|matrix_power_down|matrix_power_up|matrix_print|matrix_scan_user|matrix_setup|notify_usb_device_state_change_user|oneshot_layer_changed_user|oneshot_locked_mods_changed_user|oneshot_mods_changed_user|post_process_record_user|rgb_matrix_none_indicators_user|suspend_power_down_user|suspend_wakeup_init_user|td0_reset|via_init_kb|via_set_layout_options_kb|wireless_enter_bluetooth_pin_code_entry_kb|wireless_enter_connected_kb|wireless_enter_discoverable_kb|wireless_enter_reconnecting_kb|wireless_enter_sleep_kb|wireless_exit_bluetooth_pin_code_entry_kb|wireless_post_task),"ref1011_default,ref1011_default_lto,ref1011_feat,ref1011_feat_lto,ref1011_via,ref1011_via_lto",
wireless_post_task,0x080127FC,2,exact-ambiguous(unresolved:__aeabi_idiv0|__aeabi_ldiv0|__chibios_override_boardInit|__cpu_init|__late_init|__malloc_lock|__malloc_unlock|_fini|battery_stop|board_init|default_layer_debug|default_layer_state_set_user|dummy_cb|early_hardware_init_post|housekeeping_task_user|keyboard_post_init_user|keyboard_pre_init_user|layer_debug|layer_state_set_user|leader_start_user|led_init_ports|led_set_user|led_update_ports|matrix_init_user|matrix_power_down|matrix_power_up|matrix_print|matrix_scan_user|matrix_setup|notify_usb_device_state_change_user|oneshot_layer_changed_user|oneshot_locked_mods_changed_user|oneshot_mods_changed_user|post_process_record_user|rgb_matrix_none_indicators_user|suspend_power_down_user|suspend_wakeup_init_user|td0_reset|via_init_kb|via_set_layout_options_kb|wireless_enter_bluetooth_pin_code_entry_kb|wireless_enter_connected_kb|wireless_enter_discoverable_kb|wireless_enter_reconnecting_kb|wireless_enter_sleep_kb|wireless_exit_bluetooth_pin_code_entry_kb|wireless_post_task),"ref1011_default,ref1011_default_lto,ref1011_feat,ref1011_feat_lto,ref1011_via,ref1011_via_lto",
wireless_post_task,0x08013AF8,2,exact-ambiguous(unresolved:__aeabi_idiv0|__aeabi_ldiv0|__chibios_override_boardInit|__cpu_init|__late_init|__malloc_lock|__malloc_unlock|_fini|battery_stop|board_init|default_layer_debug|default_layer_state_set_user|dummy_cb|early_hardware_init_post|housekeeping_task_user|keyboard_post_init_user|keyboard_pre_init_user|layer_debug|layer_state_set_user|leader_start_user|led_init_ports|led_set_user|led_update_ports|matrix_init_user|matrix_power_down|matrix_power_up|matrix_print|matrix_scan_user|matrix_setup|notify_usb_device_state_change_user|oneshot_layer_changed_user|oneshot_locked_mods_changed_user|oneshot_mods_changed_user|post_process_record_user|rgb_matrix_none_indicators_user|suspend_power_down_user|suspend_wakeup_init_user|td0_reset|via_init_kb|via_set_layout_options_kb|wireless_enter_bluetooth_pin_code_entry_kb|wireless_enter_connected_kb|wireless_enter_discoverable_kb|wireless_enter_reconnecting_kb|wireless_enter_sleep_kb|wireless_exit_bluetooth_pin_code_entry_kb|wireless_post_task),"ref1011_default,ref1011_default_lto,ref1011_feat,ref1011_feat_lto,ref1011_via,ref1011_via_lto",
wireless_post_task,0x08014894,2,exact-ambiguous(unresolved:__aeabi_idiv0|__aeabi_ldiv0|__chibios_override_boardInit|__cpu_init|__late_init|__malloc_lock|__malloc_unlock|_fini|battery_stop|board_init|default_layer_debug|default_layer_state_set_user|dummy_cb|early_hardware_init_post|housekeeping_task_user|keyboard_post_init_user|keyboard_pre_init_user|layer_debug|layer_state_set_user|leader_start_user|led_init_ports|led_set_user|led_update_ports|matrix_init_user|matrix_power_down|matrix_power_up|matrix_print|matrix_scan_user|matrix_setup|notify_usb_device_state_change_user|oneshot_layer_changed_user|oneshot_locked_mods_changed_user|oneshot_mods_changed_user|post_process_record_user|rgb_matrix_none_indicators_user|suspend_power_down_user|suspend_wakeup_init_user|td0_reset|via_init_kb|via_set_layout_options_kb|wireless_enter_bluetooth_pin_code_entry_kb|wireless_enter_connected_kb|wireless_enter_discoverable_kb|wireless_enter_reconnecting_kb|wireless_enter_sleep_kb|wireless_exit_bluetooth_pin_code_entry_kb|wireless_post_task),"ref1011_default,ref1011_default_lto,ref1011_feat,ref1011_feat_lto,ref1011_via,ref1011_via_lto",
wireless_post_task,0x08014C76,2,exact-ambiguous(unresolved:__aeabi_idiv0|__aeabi_ldiv0|__chibios_override_boardInit|__cpu_init|__late_init|__malloc_lock|__malloc_unlock|_fini|battery_stop|board_init|default_layer_debug|default_layer_state_set_user|dummy_cb|early_hardware_init_post|housekeeping_task_user|keyboard_post_init_user|keyboard_pre_init_user|layer_debug|layer_state_set_user|leader_start_user|led_init_ports|led_set_user|led_update_ports|matrix_init_user|matrix_power_down|matrix_power_up|matrix_print|matrix_scan_user|matrix_setup|notify_usb_device_state_change_user|oneshot_layer_changed_user|oneshot_locked_mods_changed_user|oneshot_mods_changed_user|post_process_record_user|rgb_matrix_none_indicators_user|suspend_power_down_user|suspend_wakeup_init_user|td0_reset|via_init_kb|via_set_layout_options_kb|wireless_enter_bluetooth_pin_code_entry_kb|wireless_enter_connected_kb|wireless_enter_discoverable_kb|wireless_enter_reconnecting_kb|wireless_enter_sleep_kb|wireless_exit_bluetooth_pin_code_entry_kb|wireless_post_task),"ref1011_default,ref1011_default_lto,ref1011_feat,ref1011_feat_lto,ref1011_via,ref1011_via_lto",
wireless_post_task,0x0800D4AE,2,exact-ambiguous(unresolved:__aeabi_idiv0|__aeabi_ldiv0|__chibios_override_boardInit|__cpu_init|__late_init|__malloc_lock|__malloc_unlock|_fini|battery_stop|board_init|default_layer_debug|default_layer_state_set_user|dummy_cb|early_hardware_init_post|housekeeping_task_user|keyboard_post_init_user|keyboard_pre_init_user|layer_debug|layer_state_set_user|leader_start_user|led_init_ports|led_set_user|led_update_ports|matrix_init_user|matrix_power_down|matrix_power_up|matrix_print|matrix_scan_user|matrix_setup|notify_usb_device_state_change_user|oneshot_layer_changed_user|oneshot_locked_mods_changed_user|oneshot_mods_changed_user|post_process_record_user|rgb_matrix_none_indicators_user|suspend_power_down_user|suspend_wakeup_init_user|td0_reset|via_init_kb|via_set_layout_options_kb|wireless_enter_bluetooth_pin_code_entry_kb|wireless_enter_connected_kb|wireless_enter_discoverable_kb|wireless_enter_reconnecting_kb|wireless_enter_sleep_kb|wireless_exit_bluetooth_pin_code_entry_kb|wireless_post_task),"ref1011_default,ref1011_default_lto,ref1011_feat,ref1011_feat_lto,ref1011_via,ref1011_via_lto",
wireless_post_task,0x0800DBC2,2,exact-ambiguous(unresolved:__aeabi_idiv0|__aeabi_ldiv0|__chibios_override_boardInit|__cpu_init|__late_init|__malloc_lock|__malloc_unlock|_fini|battery_stop|board_init|default_layer_debug|default_layer_state_set_user|dummy_cb|early_hardware_init_post|housekeeping_task_user|keyboard_post_init_user|keyboard_pre_init_user|layer_debug|layer_state_set_user|leader_start_user|led_init_ports|led_set_user|led_update_ports|matrix_init_user|matrix_power_down|matrix_power_up|matrix_print|matrix_scan_user|matrix_setup|notify_usb_device_state_change_user|oneshot_layer_changed_user|oneshot_locked_mods_changed_user|oneshot_mods_changed_user|post_process_record_user|rgb_matrix_none_indicators_user|suspend_power_down_user|suspend_wakeup_init_user|td0_reset|via_init_kb|via_set_layout_options_kb|wireless_enter_bluetooth_pin_code_entry_kb|wireless_enter_connected_kb|wireless_enter_discoverable_kb|wireless_enter_reconnecting_kb|wireless_enter_sleep_kb|wireless_exit_bluetooth_pin_code_entry_kb|wireless_post_task),"ref1011_default,ref1011_default_lto,ref1011_feat,ref1011_feat_lto,ref1011_via,ref1011_via_lto",
wireless_post_task,0x08016700,2,exact-ambiguous(unresolved:__aeabi_idiv0|__aeabi_ldiv0|__chibios_override_boardInit|__cpu_init|__late_init|__malloc_lock|__malloc_unlock|_fini|battery_stop|board_init|default_layer_debug|default_layer_state_set_user|dummy_cb|early_hardware_init_post|housekeeping_task_user|keyboard_post_init_user|keyboard_pre_init_user|layer_debug|layer_state_set_user|leader_start_user|led_init_ports|led_set_user|led_update_ports|matrix_init_user|matrix_power_down|matrix_power_up|matrix_print|matrix_scan_user|matrix_setup|notify_usb_device_state_change_user|oneshot_layer_changed_user|oneshot_locked_mods_changed_user|oneshot_mods_changed_user|post_process_record_user|rgb_matrix_none_indicators_user|suspend_power_down_user|suspend_wakeup_init_user|td0_reset|via_init_kb|via_set_layout_options_kb|wireless_enter_bluetooth_pin_code_entry_kb|wireless_enter_connected_kb|wireless_enter_discoverable_kb|wireless_enter_reconnecting_kb|wireless_enter_sleep_kb|wireless_exit_bluetooth_pin_code_entry_kb|wireless_post_task),"ref1011_default,ref1011_default_lto,ref1011_feat,ref1011_feat_lto,ref1011_via,ref1011_via_lto",
keyboard_init,0x0800E788,28,exact,"ref1011_default,ref1011_feat",keyboard_init:bl from protocol_init@0x0800F060+0x6
keyboard_task,0x0800E7B8,248,fuzzy-anchored,ref1011_feat,keyboard_task:bl from protocol_task@0x0800F072+0x6
main,0x0800F084,28,exact,"ref1011_default,ref1011_feat,ref1011_via",main:bl from endinitloop@0x080080C8+0x0
rgb_matrix_map_row_column_to_led_kb,0x08009344,4,exact-ambiguous(unresolved:_close_r|_lseek_r|null_sendchar_func|rgb_matrix_map_row_column_to_led_kb|sendchar),"ref1011_default,ref1011_default_lto,ref1011_feat,ref1011_feat_lto,ref1011_via,ref1011_via_lto",
rgb_matrix_map_row_column_to_led_kb,0x0800EC84,4,exact-ambiguous(unresolved:_close_r|_lseek_r|null_sendchar_func|rgb_matrix_map_row_column_to_led_kb|sendchar),"ref1011_default,ref1011_default_lto,ref1011_feat,ref1011_feat_lto,ref1011_via,ref1011_via_lto",
rgb_matrix_map_row_column_to_led_kb,0x0800FE40,4,exact-ambiguous,"ref1011_default,ref1011_feat,ref1011_via",rgb_matrix_map_row_column_to_led_kb:bl from rgb_matrix_map_row_column_to_led@0x0800FE44+0x8
rgb_matrix_map_row_column_to_led_kb,0x0801016A,4,exact-ambiguous(unresolved:_close_r|_lseek_r|null_sendchar_func|rgb_matrix_map_row_column_to_led_kb|sendchar),"ref1011_default,ref1011_default_lto,ref1011_feat,ref1011_feat_lto,ref1011_via,ref1011_via_lto",
rgb_matrix_map_row_column_to_led_kb,0x08016698,4,exact-ambiguous(unresolved:_close_r|_lseek_r|null_sendchar_func|rgb_matrix_map_row_column_to_led_kb|sendchar),"ref1011_default,ref1011_default_lto,ref1011_feat,ref1011_feat_lto,ref1011_via,ref1011_via_lto",
rgb_matrix_map_row_column_to_led_kb,0x08014E34,4,exact-ambiguous(unresolved:_close_r|_lseek_r|null_sendchar_func|rgb_matrix_map_row_column_to_led_kb|sendchar),"ref1011_default,ref1011_default_lto,ref1011_feat,ref1011_feat_lto,ref1011_via,ref1011_via_lto",
oneshot_locked_mods_changed_kb,0x0800E38C,8,exact-ambiguous(unresolved:bootmagic|default_layer_state_set_kb|dip_switch_update_mask_kb|host_keyboard_led_state|keyboard_pre_init_kb|layer_state_set_kb|matrix_init_kb|matrix_output_unselect_delay|matrix_scan_kb|notify_usb_device_state_change_kb|oneshot_layer_changed_kb|oneshot_locked_mods_changed_kb|oneshot_mods_changed_kb|post_process_record_kb|pre_process_record_kb|rgb_matrix_indicators_advanced_kb|should_process_keypress|shutdown_kb|suspend_power_down_kb|suspend_wakeup_init_kb),"ref1011_default,ref1011_feat,ref1011_via",oneshot_locked_mods_changed_kb:bl from add_oneshot_locked_mods@0x0800E394+0x10 ; oneshot_mods_changed_kb:bl from clear_oneshot_mods@0x0800E3B0+0xC
oneshot_locked_mods_changed_kb,0x0800ED0E,8,exact-ambiguous(unresolved:bootmagic|default_layer_state_set_kb|dip_switch_update_mask_kb|host_keyboard_led_state|keyboard_pre_init_kb|layer_state_set_kb|matrix_init_kb|matrix_output_unselect_delay|matrix_scan_kb|notify_usb_device_state_change_kb|oneshot_layer_changed_kb|oneshot_locked_mods_changed_kb|oneshot_mods_changed_kb|post_process_record_kb|pre_process_record_kb|rgb_matrix_indicators_advanced_kb|should_process_keypress|shutdown_kb|suspend_power_down_kb|suspend_wakeup_init_kb),"ref1011_default,ref1011_feat,ref1011_via",
oneshot_locked_mods_changed_kb,0x0800ED50,8,exact-ambiguous(unresolved:bootmagic|default_layer_state_set_kb|dip_switch_update_mask_kb|host_keyboard_led_state|keyboard_pre_init_kb|layer_state_set_kb|matrix_init_kb|matrix_output_unselect_delay|matrix_scan_kb|notify_usb_device_state_change_kb|oneshot_layer_changed_kb|oneshot_locked_mods_changed_kb|oneshot_mods_changed_kb|post_process_record_kb|pre_process_record_kb|rgb_matrix_indicators_advanced_kb|should_process_keypress|shutdown_kb|suspend_power_down_kb|suspend_wakeup_init_kb),"ref1011_default,ref1011_feat,ref1011_via",
oneshot_mods_changed_kb,0x0800E38C,8,exact-ambiguous(unresolved:bootmagic|default_layer_state_set_kb|dip_switch_update_mask_kb|host_keyboard_led_state|keyboard_pre_init_kb|layer_state_set_kb|matrix_init_kb|matrix_output_unselect_delay|matrix_scan_kb|notify_usb_device_state_change_kb|oneshot_layer_changed_kb|oneshot_locked_mods_changed_kb|oneshot_mods_changed_kb|post_process_record_kb|pre_process_record_kb|rgb_matrix_indicators_advanced_kb|should_process_keypress|shutdown_kb|suspend_power_down_kb|suspend_wakeup_init_kb),"ref1011_default,ref1011_feat,ref1011_via",oneshot_locked_mods_changed_kb:bl from add_oneshot_locked_mods@0x0800E394+0x10 ; oneshot_mods_changed_kb:bl from clear_oneshot_mods@0x0800E3B0+0xC
oneshot_mods_changed_kb,0x0800E3E4,8,exact-ambiguous,"ref1011_default,ref1011_feat,ref1011_via",oneshot_mods_changed_kb:bl from clear_oneshot_mods@0x0800E424+0xC
oneshot_mods_changed_kb,0x0800ED0E,8,exact-ambiguous(unresolved:bootmagic|default_layer_state_set_kb|dip_switch_update_mask_kb|host_keyboard_led_state|keyboard_pre_init_kb|layer_state_set_kb|matrix_init_kb|matrix_output_unselect_delay|matrix_scan_kb|notify_usb_device_state_change_kb|oneshot_layer_changed_kb|oneshot_locked_mods_changed_kb|oneshot_mods_changed_kb|post_process_record_kb|pre_process_record_kb|rgb_matrix_indicators_advanced_kb|should_process_keypress|shutdown_kb|suspend_power_down_kb|suspend_wakeup_init_kb),"ref1011_default,ref1011_feat,ref1011_via",
oneshot_mods_changed_kb,0x0800ED50,8,exact-ambiguous(unresolved:bootmagic|default_layer_state_set_kb|dip_switch_update_mask_kb|host_keyboard_led_state|keyboard_pre_init_kb|layer_state_set_kb|matrix_init_kb|matrix_output_unselect_delay|matrix_scan_kb|notify_usb_device_state_change_kb|oneshot_layer_changed_kb|oneshot_locked_mods_changed_kb|oneshot_mods_changed_kb|post_process_record_kb|pre_process_record_kb|rgb_matrix_indicators_advanced_kb|should_process_keypress|shutdown_kb|suspend_power_down_kb|suspend_wakeup_init_kb),"ref1011_default,ref1011_feat,ref1011_via",
keychron_task_kb,0x0800CD88,48,exact,"ref1011_default,ref1011_feat,ref1011_via",keychron_task_kb:bl from keychron_task@0x0800C6D4+0xE
oneshot_layer_changed_kb,0x0800E38C,8,exact-ambiguous(unresolved:bootmagic|default_layer_state_set_kb|dip_switch_update_mask_kb|host_keyboard_led_state|keyboard_pre_init_kb|layer_state_set_kb|matrix_init_kb|matrix_output_unselect_delay|matrix_scan_kb|notify_usb_device_state_change_kb|oneshot_layer_changed_kb|oneshot_locked_mods_changed_kb|oneshot_mods_changed_kb|post_process_record_kb|pre_process_record_kb|rgb_matrix_indicators_advanced_kb|should_process_keypress|shutdown_kb|suspend_power_down_kb|suspend_wakeup_init_kb),"ref1011_default,ref1011_feat,ref1011_via",oneshot_locked_mods_changed_kb:bl from add_oneshot_locked_mods@0x0800E394+0x10 ; oneshot_mods_changed_kb:bl from clear_oneshot_mods@0x0800E3B0+0xC
oneshot_layer_changed_kb,0x0800E4FC,8,exact-ambiguous,"ref1011_default,ref1011_feat,ref1011_via",oneshot_layer_changed_kb:bl from reset_oneshot_layer@0x0800E534+0x8
oneshot_layer_changed_kb,0x0800ED0E,8,exact-ambiguous(unresolved:bootmagic|default_layer_state_set_kb|dip_switch_update_mask_kb|host_keyboard_led_state|keyboard_pre_init_kb|layer_state_set_kb|matrix_init_kb|matrix_output_unselect_delay|matrix_scan_kb|notify_usb_device_state_change_kb|oneshot_layer_changed_kb|oneshot_locked_mods_changed_kb|oneshot_mods_changed_kb|post_process_record_kb|pre_process_record_kb|rgb_matrix_indicators_advanced_kb|should_process_keypress|shutdown_kb|suspend_power_down_kb|suspend_wakeup_init_kb),"ref1011_default,ref1011_feat,ref1011_via",
oneshot_layer_changed_kb,0x0800ED50,8,exact-ambiguous(unresolved:bootmagic|default_layer_state_set_kb|dip_switch_update_mask_kb|host_keyboard_led_state|keyboard_pre_init_kb|layer_state_set_kb|matrix_init_kb|matrix_output_unselect_delay|matrix_scan_kb|notify_usb_device_state_change_kb|oneshot_layer_changed_kb|oneshot_locked_mods_changed_kb|oneshot_mods_changed_kb|post_process_record_kb|pre_process_record_kb|rgb_matrix_indicators_advanced_kb|should_process_keypress|shutdown_kb|suspend_power_down_kb|suspend_wakeup_init_kb),"ref1011_default,ref1011_feat,ref1011_via",
notify_usb_device_state_change_kb,0x0800E38C,8,exact-ambiguous(unresolved:bootmagic|default_layer_state_set_kb|dip_switch_update_mask_kb|host_keyboard_led_state|keyboard_pre_init_kb|layer_state_set_kb|matrix_init_kb|matrix_output_unselect_delay|matrix_scan_kb|notify_usb_device_state_change_kb|oneshot_layer_changed_kb|oneshot_locked_mods_changed_kb|oneshot_mods_changed_kb|post_process_record_kb|pre_process_record_kb|rgb_matrix_indicators_advanced_kb|should_process_keypress|shutdown_kb|suspend_power_down_kb|suspend_wakeup_init_kb),"ref1011_default,ref1011_feat,ref1011_via",oneshot_locked_mods_changed_kb:bl from add_oneshot_locked_mods@0x0800E394+0x10 ; oneshot_mods_changed_kb:bl from clear_oneshot_mods@0x0800E3B0+0xC
notify_usb_device_state_change_kb,0x0800ED0E,8,exact-ambiguous(unresolved:bootmagic|default_layer_state_set_kb|dip_switch_update_mask_kb|host_keyboard_led_state|keyboard_pre_init_kb|layer_state_set_kb|matrix_init_kb|matrix_output_unselect_delay|matrix_scan_kb|notify_usb_device_state_change_kb|oneshot_layer_changed_kb|oneshot_locked_mods_changed_kb|oneshot_mods_changed_kb|post_process_record_kb|pre_process_record_kb|rgb_matrix_indicators_advanced_kb|should_process_keypress|shutdown_kb|suspend_power_down_kb|suspend_wakeup_init_kb),"ref1011_default,ref1011_feat,ref1011_via",
notify_usb_device_state_change_kb,0x0800ED50,8,exact-ambiguous(unresolved:bootmagic|default_layer_state_set_kb|dip_switch_update_mask_kb|host_keyboard_led_state|keyboard_pre_init_kb|layer_state_set_kb|matrix_init_kb|matrix_output_unselect_delay|matrix_scan_kb|notify_usb_device_state_change_kb|oneshot_layer_changed_kb|oneshot_locked_mods_changed_kb|oneshot_mods_changed_kb|post_process_record_kb|pre_process_record_kb|rgb_matrix_indicators_advanced_kb|should_process_keypress|shutdown_kb|suspend_power_down_kb|suspend_wakeup_init_kb),"ref1011_default,ref1011_feat,ref1011_via",
notify_usb_device_state_change_kb,0x08012406,8,exact-ambiguous,"ref1011_default,ref1011_feat,ref1011_via",notify_usb_device_state_change_kb:bl from usb_device_state_set_configuration@0x08012410+0xA
led_set_user,0x0800896E,2,exact-ambiguous(unresolved:__aeabi_idiv0|__aeabi_ldiv0|__chibios_override_boardInit|__cpu_init|__late_init|__malloc_lock|__malloc_unlock|_fini|battery_stop|board_init|default_layer_debug|default_layer_state_set_user|dummy_cb|early_hardware_init_post|housekeeping_task_user|keyboard_post_init_user|keyboard_pre_init_user|layer_debug|layer_state_set_user|leader_start_user|led_init_ports|led_set_user|led_update_ports|matrix_init_user|matrix_power_down|matrix_power_up|matrix_print|matrix_scan_user|matrix_setup|notify_usb_device_state_change_user|oneshot_layer_changed_user|oneshot_locked_mods_changed_user|oneshot_mods_changed_user|post_process_record_user|rgb_matrix_none_indicators_user|suspend_power_down_user|suspend_wakeup_init_user|td0_reset|via_init_kb|via_set_layout_options_kb|wireless_enter_bluetooth_pin_code_entry_kb|wireless_enter_connected_kb|wireless_enter_discoverable_kb|wireless_enter_reconnecting_kb|wireless_enter_sleep_kb|wireless_exit_bluetooth_pin_code_entry_kb|wireless_post_task),"ref1011_default,ref1011_default_lto,ref1011_feat,ref1011_feat_lto,ref1011_via,ref1011_via_lto",
led_set_user,0x0800D4B0,2,exact-ambiguous,"ref1011_default,ref1011_feat,ref1011_via",led_set_user:bl from led_set@0x0800D4BA+0x4
led_set_user,0x0800ED0C,2,exact-ambiguous(unresolved:__aeabi_idiv0|__aeabi_ldiv0|__chibios_override_boardInit|__cpu_init|__late_init|__malloc_lock|__malloc_unlock|_fini|battery_stop|board_init|default_layer_debug|default_layer_state_set_user|dummy_cb|early_hardware_init_post|housekeeping_task_user|keyboard_post_init_user|keyboard_pre_init_user|layer_debug|layer_state_set_user|leader_start_user|led_init_ports|led_set_user|led_update_ports|matrix_init_user|matrix_power_down|matrix_power_up|matrix_print|matrix_scan_user|matrix_setup|notify_usb_device_state_change_user|oneshot_layer_changed_user|oneshot_locked_mods_changed_user|oneshot_mods_changed_user|post_process_record_user|rgb_matrix_none_indicators_user|suspend_power_down_user|suspend_wakeup_init_user|td0_reset|via_init_kb|via_set_layout_options_kb|wireless_enter_bluetooth_pin_code_entry_kb|wireless_enter_connected_kb|wireless_enter_discoverable_kb|wireless_enter_reconnecting_kb|wireless_enter_sleep_kb|wireless_exit_bluetooth_pin_code_entry_kb|wireless_post_task),"ref1011_default,ref1011_default_lto,ref1011_feat,ref1011_feat_lto,ref1011_via,ref1011_via_lto",
led_set_user,0x0800FBA8,2,exact-ambiguous(unresolved:__aeabi_idiv0|__aeabi_ldiv0|__chibios_override_boardInit|__cpu_init|__late_init|__malloc_lock|__malloc_unlock|_fini|battery_stop|board_init|default_layer_debug|default_layer_state_set_user|dummy_cb|early_hardware_init_post|housekeeping_task_user|keyboard_post_init_user|keyboard_pre_init_user|layer_debug|layer_state_set_user|leader_start_user|led_init_ports|led_set_user|led_update_ports|matrix_init_user|matrix_power_down|matrix_power_up|matrix_print|matrix_scan_user|matrix_setup|notify_usb_device_state_change_user|oneshot_layer_changed_user|oneshot_locked_mods_changed_user|oneshot_mods_changed_user|post_process_record_user|rgb_matrix_none_indicators_user|suspend_power_down_user|suspend_wakeup_init_user|td0_reset|via_init_kb|via_set_layout_options_kb|wireless_enter_bluetooth_pin_code_entry_kb|wireless_enter_connected_kb|wireless_enter_discoverable_kb|wireless_enter_reconnecting_kb|wireless_enter_sleep_kb|wireless_exit_bluetooth_pin_code_entry_kb|wireless_post_task),"ref1011_default,ref1011_default_lto,ref1011_feat,ref1011_feat_lto,ref1011_via,ref1011_via_lto",
led_set_user,0x080127FC,2,exact-ambiguous(unresolved:__aeabi_idiv0|__aeabi_ldiv0|__chibios_override_boardInit|__cpu_init|__late_init|__malloc_lock|__malloc_unlock|_fini|battery_stop|board_init|default_layer_debug|default_layer_state_set_user|dummy_cb|early_hardware_init_post|housekeeping_task_user|keyboard_post_init_user|keyboard_pre_init_user|layer_debug|layer_state_set_user|leader_start_user|led_init_ports|led_set_user|led_update_ports|matrix_init_user|matrix_power_down|matrix_power_up|matrix_print|matrix_scan_user|matrix_setup|notify_usb_device_state_change_user|oneshot_layer_changed_user|oneshot_locked_mods_changed_user|oneshot_mods_changed_user|post_process_record_user|rgb_matrix_none_indicators_user|suspend_power_down_user|suspend_wakeup_init_user|td0_reset|via_init_kb|via_set_layout_options_kb|wireless_enter_bluetooth_pin_code_entry_kb|wireless_enter_connected_kb|wireless_enter_discoverable_kb|wireless_enter_reconnecting_kb|wireless_enter_sleep_kb|wireless_exit_bluetooth_pin_code_entry_kb|wireless_post_task),"ref1011_default,ref1011_default_lto,ref1011_feat,ref1011_feat_lto,ref1011_via,ref1011_via_lto",
led_set_user,0x08013AF8,2,exact-ambiguous(unresolved:__aeabi_idiv0|__aeabi_ldiv0|__chibios_override_boardInit|__cpu_init|__late_init|__malloc_lock|__malloc_unlock|_fini|battery_stop|board_init|default_layer_debug|default_layer_state_set_user|dummy_cb|early_hardware_init_post|housekeeping_task_user|keyboard_post_init_user|keyboard_pre_init_user|layer_debug|layer_state_set_user|leader_start_user|led_init_ports|led_set_user|led_update_ports|matrix_init_user|matrix_power_down|matrix_power_up|matrix_print|matrix_scan_user|matrix_setup|notify_usb_device_state_change_user|oneshot_layer_changed_user|oneshot_locked_mods_changed_user|oneshot_mods_changed_user|post_process_record_user|rgb_matrix_none_indicators_user|suspend_power_down_user|suspend_wakeup_init_user|td0_reset|via_init_kb|via_set_layout_options_kb|wireless_enter_bluetooth_pin_code_entry_kb|wireless_enter_connected_kb|wireless_enter_discoverable_kb|wireless_enter_reconnecting_kb|wireless_enter_sleep_kb|wireless_exit_bluetooth_pin_code_entry_kb|wireless_post_task),"ref1011_default,ref1011_default_lto,ref1011_feat,ref1011_feat_lto,ref1011_via,ref1011_via_lto",
led_set_user,0x08014894,2,exact-ambiguous(unresolved:__aeabi_idiv0|__aeabi_ldiv0|__chibios_override_boardInit|__cpu_init|__late_init|__malloc_lock|__malloc_unlock|_fini|battery_stop|board_init|default_layer_debug|default_layer_state_set_user|dummy_cb|early_hardware_init_post|housekeeping_task_user|keyboard_post_init_user|keyboard_pre_init_user|layer_debug|layer_state_set_user|leader_start_user|led_init_ports|led_set_user|led_update_ports|matrix_init_user|matrix_power_down|matrix_power_up|matrix_print|matrix_scan_user|matrix_setup|notify_usb_device_state_change_user|oneshot_layer_changed_user|oneshot_locked_mods_changed_user|oneshot_mods_changed_user|post_process_record_user|rgb_matrix_none_indicators_user|suspend_power_down_user|suspend_wakeup_init_user|td0_reset|via_init_kb|via_set_layout_options_kb|wireless_enter_bluetooth_pin_code_entry_kb|wireless_enter_connected_kb|wireless_enter_discoverable_kb|wireless_enter_reconnecting_kb|wireless_enter_sleep_kb|wireless_exit_bluetooth_pin_code_entry_kb|wireless_post_task),"ref1011_default,ref1011_default_lto,ref1011_feat,ref1011_feat_lto,ref1011_via,ref1011_via_lto",
led_set_user,0x08014C76,2,exact-ambiguous(unresolved:__aeabi_idiv0|__aeabi_ldiv0|__chibios_override_boardInit|__cpu_init|__late_init|__malloc_lock|__malloc_unlock|_fini|battery_stop|board_init|default_layer_debug|default_layer_state_set_user|dummy_cb|early_hardware_init_post|housekeeping_task_user|keyboard_post_init_user|keyboard_pre_init_user|layer_debug|layer_state_set_user|leader_start_user|led_init_ports|led_set_user|led_update_ports|matrix_init_user|matrix_power_down|matrix_power_up|matrix_print|matrix_scan_user|matrix_setup|notify_usb_device_state_change_user|oneshot_layer_changed_user|oneshot_locked_mods_changed_user|oneshot_mods_changed_user|post_process_record_user|rgb_matrix_none_indicators_user|suspend_power_down_user|suspend_wakeup_init_user|td0_reset|via_init_kb|via_set_layout_options_kb|wireless_enter_bluetooth_pin_code_entry_kb|wireless_enter_connected_kb|wireless_enter_discoverable_kb|wireless_enter_reconnecting_kb|wireless_enter_sleep_kb|wireless_exit_bluetooth_pin_code_entry_kb|wireless_post_task),"ref1011_default,ref1011_default_lto,ref1011_feat,ref1011_feat_lto,ref1011_via,ref1011_via_lto",
led_set_user,0x0800D4AE,2,exact-ambiguous(unresolved:__aeabi_idiv0|__aeabi_ldiv0|__chibios_override_boardInit|__cpu_init|__late_init|__malloc_lock|__malloc_unlock|_fini|battery_stop|board_init|default_layer_debug|default_layer_state_set_user|dummy_cb|early_hardware_init_post|housekeeping_task_user|keyboard_post_init_user|keyboard_pre_init_user|layer_debug|layer_state_set_user|leader_start_user|led_init_ports|led_set_user|led_update_ports|matrix_init_user|matrix_power_down|matrix_power_up|matrix_print|matrix_scan_user|matrix_setup|notify_usb_device_state_change_user|oneshot_layer_changed_user|oneshot_locked_mods_changed_user|oneshot_mods_changed_user|post_process_record_user|rgb_matrix_none_indicators_user|suspend_power_down_user|suspend_wakeup_init_user|td0_reset|via_init_kb|via_set_layout_options_kb|wireless_enter_bluetooth_pin_code_entry_kb|wireless_enter_connected_kb|wireless_enter_discoverable_kb|wireless_enter_reconnecting_kb|wireless_enter_sleep_kb|wireless_exit_bluetooth_pin_code_entry_kb|wireless_post_task),"ref1011_default,ref1011_default_lto,ref1011_feat,ref1011_feat_lto,ref1011_via,ref1011_via_lto",
led_set_user,0x0800DBC2,2,exact-ambiguous(unresolved:__aeabi_idiv0|__aeabi_ldiv0|__chibios_override_boardInit|__cpu_init|__late_init|__malloc_lock|__malloc_unlock|_fini|battery_stop|board_init|default_layer_debug|default_layer_state_set_user|dummy_cb|early_hardware_init_post|housekeeping_task_user|keyboard_post_init_user|keyboard_pre_init_user|layer_debug|layer_state_set_user|leader_start_user|led_init_ports|led_set_user|led_update_ports|matrix_init_user|matrix_power_down|matrix_power_up|matrix_print|matrix_scan_user|matrix_setup|notify_usb_device_state_change_user|oneshot_layer_changed_user|oneshot_locked_mods_changed_user|oneshot_mods_changed_user|post_process_record_user|rgb_matrix_none_indicators_user|suspend_power_down_user|suspend_wakeup_init_user|td0_reset|via_init_kb|via_set_layout_options_kb|wireless_enter_bluetooth_pin_code_entry_kb|wireless_enter_connected_kb|wireless_enter_discoverable_kb|wireless_enter_reconnecting_kb|wireless_enter_sleep_kb|wireless_exit_bluetooth_pin_code_entry_kb|wireless_post_task),"ref1011_default,ref1011_default_lto,ref1011_feat,ref1011_feat_lto,ref1011_via,ref1011_via_lto",
led_set_user,0x08016700,2,exact-ambiguous(unresolved:__aeabi_idiv0|__aeabi_ldiv0|__chibios_override_boardInit|__cpu_init|__late_init|__malloc_lock|__malloc_unlock|_fini|battery_stop|board_init|default_layer_debug|default_layer_state_set_user|dummy_cb|early_hardware_init_post|housekeeping_task_user|keyboard_post_init_user|keyboard_pre_init_user|layer_debug|layer_state_set_user|leader_start_user|led_init_ports|led_set_user|led_update_ports|matrix_init_user|matrix_power_down|matrix_power_up|matrix_print|matrix_scan_user|matrix_setup|notify_usb_device_state_change_user|oneshot_layer_changed_user|oneshot_locked_mods_changed_user|oneshot_mods_changed_user|post_process_record_user|rgb_matrix_none_indicators_user|suspend_power_down_user|suspend_wakeup_init_user|td0_reset|via_init_kb|via_set_layout_options_kb|wireless_enter_bluetooth_pin_code_entry_kb|wireless_enter_connected_kb|wireless_enter_discoverable_kb|wireless_enter_reconnecting_kb|wireless_enter_sleep_kb|wireless_exit_bluetooth_pin_code_entry_kb|wireless_post_task),"ref1011_default,ref1011_default_lto,ref1011_feat,ref1011_feat_lto,ref1011_via,ref1011_via_lto",
via_command_kb,0x0800C874,148,exact,"ref1011_default,ref1011_feat",via_command_kb:b.w from raw_hid_receive@0x0800C908+0x8
eeconfig_update_kb,0x0800E60E,8,exact,"ref1011_default,ref1011_feat,ref1011_via",eeconfig_update_kb:bl from eeconfig_init_kb@0x0800E624+0x4
oneshot_mods_changed_user,0x0800896E,2,exact-ambiguous(unresolved:__aeabi_idiv0|__aeabi_ldiv0|__chibios_override_boardInit|__cpu_init|__late_init|__malloc_lock|__malloc_unlock|_fini|battery_stop|board_init|default_layer_debug|default_layer_state_set_user|dummy_cb|early_hardware_init_post|housekeeping_task_user|keyboard_post_init_user|keyboard_pre_init_user|layer_debug|layer_state_set_user|leader_start_user|led_init_ports|led_set_user|led_update_ports|matrix_init_user|matrix_power_down|matrix_power_up|matrix_print|matrix_scan_user|matrix_setup|notify_usb_device_state_change_user|oneshot_layer_changed_user|oneshot_locked_mods_changed_user|oneshot_mods_changed_user|post_process_record_user|rgb_matrix_none_indicators_user|suspend_power_down_user|suspend_wakeup_init_user|td0_reset|via_init_kb|via_set_layout_options_kb|wireless_enter_bluetooth_pin_code_entry_kb|wireless_enter_connected_kb|wireless_enter_discoverable_kb|wireless_enter_reconnecting_kb|wireless_enter_sleep_kb|wireless_exit_bluetooth_pin_code_entry_kb|wireless_post_task),"ref1011_default,ref1011_default_lto,ref1011_feat,ref1011_feat_lto,ref1011_via,ref1011_via_lto",
oneshot_mods_changed_user,0x0800ED0C,2,exact-ambiguous(unresolved:__aeabi_idiv0|__aeabi_ldiv0|__chibios_override_boardInit|__cpu_init|__late_init|__malloc_lock|__malloc_unlock|_fini|battery_stop|board_init|default_layer_debug|default_layer_state_set_user|dummy_cb|early_hardware_init_post|housekeeping_task_user|keyboard_post_init_user|keyboard_pre_init_user|layer_debug|layer_state_set_user|leader_start_user|led_init_ports|led_set_user|led_update_ports|matrix_init_user|matrix_power_down|matrix_power_up|matrix_print|matrix_scan_user|matrix_setup|notify_usb_device_state_change_user|oneshot_layer_changed_user|oneshot_locked_mods_changed_user|oneshot_mods_changed_user|post_process_record_user|rgb_matrix_none_indicators_user|suspend_power_down_user|suspend_wakeup_init_user|td0_reset|via_init_kb|via_set_layout_options_kb|wireless_enter_bluetooth_pin_code_entry_kb|wireless_enter_connected_kb|wireless_enter_discoverable_kb|wireless_enter_reconnecting_kb|wireless_enter_sleep_kb|wireless_exit_bluetooth_pin_code_entry_kb|wireless_post_task),"ref1011_default,ref1011_default_lto,ref1011_feat,ref1011_feat_lto,ref1011_via,ref1011_via_lto",
oneshot_mods_changed_user,0x0800FBA8,2,exact-ambiguous(unresolved:__aeabi_idiv0|__aeabi_ldiv0|__chibios_override_boardInit|__cpu_init|__late_init|__malloc_lock|__malloc_unlock|_fini|battery_stop|board_init|default_layer_debug|default_layer_state_set_user|dummy_cb|early_hardware_init_post|housekeeping_task_user|keyboard_post_init_user|keyboard_pre_init_user|layer_debug|layer_state_set_user|leader_start_user|led_init_ports|led_set_user|led_update_ports|matrix_init_user|matrix_power_down|matrix_power_up|matrix_print|matrix_scan_user|matrix_setup|notify_usb_device_state_change_user|oneshot_layer_changed_user|oneshot_locked_mods_changed_user|oneshot_mods_changed_user|post_process_record_user|rgb_matrix_none_indicators_user|suspend_power_down_user|suspend_wakeup_init_user|td0_reset|via_init_kb|via_set_layout_options_kb|wireless_enter_bluetooth_pin_code_entry_kb|wireless_enter_connected_kb|wireless_enter_discoverable_kb|wireless_enter_reconnecting_kb|wireless_enter_sleep_kb|wireless_exit_bluetooth_pin_code_entry_kb|wireless_post_task),"ref1011_default,ref1011_default_lto,ref1011_feat,ref1011_feat_lto,ref1011_via,ref1011_via_lto",
oneshot_mods_changed_user,0x080127FC,2,exact-ambiguous(unresolved:__aeabi_idiv0|__aeabi_ldiv0|__chibios_override_boardInit|__cpu_init|__late_init|__malloc_lock|__malloc_unlock|_fini|battery_stop|board_init|default_layer_debug|default_layer_state_set_user|dummy_cb|early_hardware_init_post|housekeeping_task_user|keyboard_post_init_user|keyboard_pre_init_user|layer_debug|layer_state_set_user|leader_start_user|led_init_ports|led_set_user|led_update_ports|matrix_init_user|matrix_power_down|matrix_power_up|matrix_print|matrix_scan_user|matrix_setup|notify_usb_device_state_change_user|oneshot_layer_changed_user|oneshot_locked_mods_changed_user|oneshot_mods_changed_user|post_process_record_user|rgb_matrix_none_indicators_user|suspend_power_down_user|suspend_wakeup_init_user|td0_reset|via_init_kb|via_set_layout_options_kb|wireless_enter_bluetooth_pin_code_entry_kb|wireless_enter_connected_kb|wireless_enter_discoverable_kb|wireless_enter_reconnecting_kb|wireless_enter_sleep_kb|wireless_exit_bluetooth_pin_code_entry_kb|wireless_post_task),"ref1011_default,ref1011_default_lto,ref1011_feat,ref1011_feat_lto,ref1011_via,ref1011_via_lto",
oneshot_mods_changed_user,0x08013AF8,2,exact-ambiguous(unresolved:__aeabi_idiv0|__aeabi_ldiv0|__chibios_override_boardInit|__cpu_init|__late_init|__malloc_lock|__malloc_unlock|_fini|battery_stop|board_init|default_layer_debug|default_layer_state_set_user|dummy_cb|early_hardware_init_post|housekeeping_task_user|keyboard_post_init_user|keyboard_pre_init_user|layer_debug|layer_state_set_user|leader_start_user|led_init_ports|led_set_user|led_update_ports|matrix_init_user|matrix_power_down|matrix_power_up|matrix_print|matrix_scan_user|matrix_setup|notify_usb_device_state_change_user|oneshot_layer_changed_user|oneshot_locked_mods_changed_user|oneshot_mods_changed_user|post_process_record_user|rgb_matrix_none_indicators_user|suspend_power_down_user|suspend_wakeup_init_user|td0_reset|via_init_kb|via_set_layout_options_kb|wireless_enter_bluetooth_pin_code_entry_kb|wireless_enter_connected_kb|wireless_enter_discoverable_kb|wireless_enter_reconnecting_kb|wireless_enter_sleep_kb|wireless_exit_bluetooth_pin_code_entry_kb|wireless_post_task),"ref1011_default,ref1011_default_lto,ref1011_feat,ref1011_feat_lto,ref1011_via,ref1011_via_lto",
oneshot_mods_changed_user,0x08014894,2,exact-ambiguous(unresolved:__aeabi_idiv0|__aeabi_ldiv0|__chibios_override_boardInit|__cpu_init|__late_init|__malloc_lock|__malloc_unlock|_fini|battery_stop|board_init|default_layer_debug|default_layer_state_set_user|dummy_cb|early_hardware_init_post|housekeeping_task_user|keyboard_post_init_user|keyboard_pre_init_user|layer_debug|layer_state_set_user|leader_start_user|led_init_ports|led_set_user|led_update_ports|matrix_init_user|matrix_power_down|matrix_power_up|matrix_print|matrix_scan_user|matrix_setup|notify_usb_device_state_change_user|oneshot_layer_changed_user|oneshot_locked_mods_changed_user|oneshot_mods_changed_user|post_process_record_user|rgb_matrix_none_indicators_user|suspend_power_down_user|suspend_wakeup_init_user|td0_reset|via_init_kb|via_set_layout_options_kb|wireless_enter_bluetooth_pin_code_entry_kb|wireless_enter_connected_kb|wireless_enter_discoverable_kb|wireless_enter_reconnecting_kb|wireless_enter_sleep_kb|wireless_exit_bluetooth_pin_code_entry_kb|wireless_post_task),"ref1011_default,ref1011_default_lto,ref1011_feat,ref1011_feat_lto,ref1011_via,ref1011_via_lto",
oneshot_mods_changed_user,0x08014C76,2,exact-ambiguous(unresolved:__aeabi_idiv0|__aeabi_ldiv0|__chibios_override_boardInit|__cpu_init|__late_init|__malloc_lock|__malloc_unlock|_fini|battery_stop|board_init|default_layer_debug|default_layer_state_set_user|dummy_cb|early_hardware_init_post|housekeeping_task_user|keyboard_post_init_user|keyboard_pre_init_user|layer_debug|layer_state_set_user|leader_start_user|led_init_ports|led_set_user|led_update_ports|matrix_init_user|matrix_power_down|matrix_power_up|matrix_print|matrix_scan_user|matrix_setup|notify_usb_device_state_change_user|oneshot_layer_changed_user|oneshot_locked_mods_changed_user|oneshot_mods_changed_user|post_process_record_user|rgb_matrix_none_indicators_user|suspend_power_down_user|suspend_wakeup_init_user|td0_reset|via_init_kb|via_set_layout_options_kb|wireless_enter_bluetooth_pin_code_entry_kb|wireless_enter_connected_kb|wireless_enter_discoverable_kb|wireless_enter_reconnecting_kb|wireless_enter_sleep_kb|wireless_exit_bluetooth_pin_code_entry_kb|wireless_post_task),"ref1011_default,ref1011_default_lto,ref1011_feat,ref1011_feat_lto,ref1011_via,ref1011_via_lto",
oneshot_mods_changed_user,0x0800D4AE,2,exact-ambiguous(unresolved:__aeabi_idiv0|__aeabi_ldiv0|__chibios_override_boardInit|__cpu_init|__late_init|__malloc_lock|__malloc_unlock|_fini|battery_stop|board_init|default_layer_debug|default_layer_state_set_user|dummy_cb|early_hardware_init_post|housekeeping_task_user|keyboard_post_init_user|keyboard_pre_init_user|layer_debug|layer_state_set_user|leader_start_user|led_init_ports|led_set_user|led_update_ports|matrix_init_user|matrix_power_down|matrix_power_up|matrix_print|matrix_scan_user|matrix_setup|notify_usb_device_state_change_user|oneshot_layer_changed_user|oneshot_locked_mods_changed_user|oneshot_mods_changed_user|post_process_record_user|rgb_matrix_none_indicators_user|suspend_power_down_user|suspend_wakeup_init_user|td0_reset|via_init_kb|via_set_layout_options_kb|wireless_enter_bluetooth_pin_code_entry_kb|wireless_enter_connected_kb|wireless_enter_discoverable_kb|wireless_enter_reconnecting_kb|wireless_enter_sleep_kb|wireless_exit_bluetooth_pin_code_entry_kb|wireless_post_task),"ref1011_default,ref1011_default_lto,ref1011_feat,ref1011_feat_lto,ref1011_via,ref1011_via_lto",
oneshot_mods_changed_user,0x0800DBC2,2,exact-ambiguous(unresolved:__aeabi_idiv0|__aeabi_ldiv0|__chibios_override_boardInit|__cpu_init|__late_init|__malloc_lock|__malloc_unlock|_fini|battery_stop|board_init|default_layer_debug|default_layer_state_set_user|dummy_cb|early_hardware_init_post|housekeeping_task_user|keyboard_post_init_user|keyboard_pre_init_user|layer_debug|layer_state_set_user|leader_start_user|led_init_ports|led_set_user|led_update_ports|matrix_init_user|matrix_power_down|matrix_power_up|matrix_print|matrix_scan_user|matrix_setup|notify_usb_device_state_change_user|oneshot_layer_changed_user|oneshot_locked_mods_changed_user|oneshot_mods_changed_user|post_process_record_user|rgb_matrix_none_indicators_user|suspend_power_down_user|suspend_wakeup_init_user|td0_reset|via_init_kb|via_set_layout_options_kb|wireless_enter_bluetooth_pin_code_entry_kb|wireless_enter_connected_kb|wireless_enter_discoverable_kb|wireless_enter_reconnecting_kb|wireless_enter_sleep_kb|wireless_exit_bluetooth_pin_code_entry_kb|wireless_post_task),"ref1011_default,ref1011_default_lto,ref1011_feat,ref1011_feat_lto,ref1011_via,ref1011_via_lto",
oneshot_mods_changed_user,0x08016700,2,exact-ambiguous(unresolved:__aeabi_idiv0|__aeabi_ldiv0|__chibios_override_boardInit|__cpu_init|__late_init|__malloc_lock|__malloc_unlock|_fini|battery_stop|board_init|default_layer_debug|default_layer_state_set_user|dummy_cb|early_hardware_init_post|housekeeping_task_user|keyboard_post_init_user|keyboard_pre_init_user|layer_debug|layer_state_set_user|leader_start_user|led_init_ports|led_set_user|led_update_ports|matrix_init_user|matrix_power_down|matrix_power_up|matrix_print|matrix_scan_user|matrix_setup|notify_usb_device_state_change_user|oneshot_layer_changed_user|oneshot_locked_mods_changed_user|oneshot_mods_changed_user|post_process_record_user|rgb_matrix_none_indicators_user|suspend_power_down_user|suspend_wakeup_init_user|td0_reset|via_init_kb|via_set_layout_options_kb|wireless_enter_bluetooth_pin_code_entry_kb|wireless_enter_connected_kb|wireless_enter_discoverable_kb|wireless_enter_reconnecting_kb|wireless_enter_sleep_kb|wireless_exit_bluetooth_pin_code_entry_kb|wireless_post_task),"ref1011_default,ref1011_default_lto,ref1011_feat,ref1011_feat_lto,ref1011_via,ref1011_via_lto",
oneshot_mods_changed_user,0x0800D088,540,UNMATCHED-custom-code-candidate,,bl from oneshot_mods_changed_kb@0x0800E3E4+0x2
oneshot_layer_changed_user,0x0800896E,2,exact-ambiguous(unresolved:__aeabi_idiv0|__aeabi_ldiv0|__chibios_override_boardInit|__cpu_init|__late_init|__malloc_lock|__malloc_unlock|_fini|battery_stop|board_init|default_layer_debug|default_layer_state_set_user|dummy_cb|early_hardware_init_post|housekeeping_task_user|keyboard_post_init_user|keyboard_pre_init_user|layer_debug|layer_state_set_user|leader_start_user|led_init_ports|led_set_user|led_update_ports|matrix_init_user|matrix_power_down|matrix_power_up|matrix_print|matrix_scan_user|matrix_setup|notify_usb_device_state_change_user|oneshot_layer_changed_user|oneshot_locked_mods_changed_user|oneshot_mods_changed_user|post_process_record_user|rgb_matrix_none_indicators_user|suspend_power_down_user|suspend_wakeup_init_user|td0_reset|via_init_kb|via_set_layout_options_kb|wireless_enter_bluetooth_pin_code_entry_kb|wireless_enter_connected_kb|wireless_enter_discoverable_kb|wireless_enter_reconnecting_kb|wireless_enter_sleep_kb|wireless_exit_bluetooth_pin_code_entry_kb|wireless_post_task),"ref1011_default,ref1011_default_lto,ref1011_feat,ref1011_feat_lto,ref1011_via,ref1011_via_lto",
oneshot_layer_changed_user,0x0800ED0C,2,exact-ambiguous(unresolved:__aeabi_idiv0|__aeabi_ldiv0|__chibios_override_boardInit|__cpu_init|__late_init|__malloc_lock|__malloc_unlock|_fini|battery_stop|board_init|default_layer_debug|default_layer_state_set_user|dummy_cb|early_hardware_init_post|housekeeping_task_user|keyboard_post_init_user|keyboard_pre_init_user|layer_debug|layer_state_set_user|leader_start_user|led_init_ports|led_set_user|led_update_ports|matrix_init_user|matrix_power_down|matrix_power_up|matrix_print|matrix_scan_user|matrix_setup|notify_usb_device_state_change_user|oneshot_layer_changed_user|oneshot_locked_mods_changed_user|oneshot_mods_changed_user|post_process_record_user|rgb_matrix_none_indicators_user|suspend_power_down_user|suspend_wakeup_init_user|td0_reset|via_init_kb|via_set_layout_options_kb|wireless_enter_bluetooth_pin_code_entry_kb|wireless_enter_connected_kb|wireless_enter_discoverable_kb|wireless_enter_reconnecting_kb|wireless_enter_sleep_kb|wireless_exit_bluetooth_pin_code_entry_kb|wireless_post_task),"ref1011_default,ref1011_default_lto,ref1011_feat,ref1011_feat_lto,ref1011_via,ref1011_via_lto",
oneshot_layer_changed_user,0x0800FBA8,2,exact-ambiguous(unresolved:__aeabi_idiv0|__aeabi_ldiv0|__chibios_override_boardInit|__cpu_init|__late_init|__malloc_lock|__malloc_unlock|_fini|battery_stop|board_init|default_layer_debug|default_layer_state_set_user|dummy_cb|early_hardware_init_post|housekeeping_task_user|keyboard_post_init_user|keyboard_pre_init_user|layer_debug|layer_state_set_user|leader_start_user|led_init_ports|led_set_user|led_update_ports|matrix_init_user|matrix_power_down|matrix_power_up|matrix_print|matrix_scan_user|matrix_setup|notify_usb_device_state_change_user|oneshot_layer_changed_user|oneshot_locked_mods_changed_user|oneshot_mods_changed_user|post_process_record_user|rgb_matrix_none_indicators_user|suspend_power_down_user|suspend_wakeup_init_user|td0_reset|via_init_kb|via_set_layout_options_kb|wireless_enter_bluetooth_pin_code_entry_kb|wireless_enter_connected_kb|wireless_enter_discoverable_kb|wireless_enter_reconnecting_kb|wireless_enter_sleep_kb|wireless_exit_bluetooth_pin_code_entry_kb|wireless_post_task),"ref1011_default,ref1011_default_lto,ref1011_feat,ref1011_feat_lto,ref1011_via,ref1011_via_lto",
oneshot_layer_changed_user,0x080127FC,2,exact-ambiguous(unresolved:__aeabi_idiv0|__aeabi_ldiv0|__chibios_override_boardInit|__cpu_init|__late_init|__malloc_lock|__malloc_unlock|_fini|battery_stop|board_init|default_layer_debug|default_layer_state_set_user|dummy_cb|early_hardware_init_post|housekeeping_task_user|keyboard_post_init_user|keyboard_pre_init_user|layer_debug|layer_state_set_user|leader_start_user|led_init_ports|led_set_user|led_update_ports|matrix_init_user|matrix_power_down|matrix_power_up|matrix_print|matrix_scan_user|matrix_setup|notify_usb_device_state_change_user|oneshot_layer_changed_user|oneshot_locked_mods_changed_user|oneshot_mods_changed_user|post_process_record_user|rgb_matrix_none_indicators_user|suspend_power_down_user|suspend_wakeup_init_user|td0_reset|via_init_kb|via_set_layout_options_kb|wireless_enter_bluetooth_pin_code_entry_kb|wireless_enter_connected_kb|wireless_enter_discoverable_kb|wireless_enter_reconnecting_kb|wireless_enter_sleep_kb|wireless_exit_bluetooth_pin_code_entry_kb|wireless_post_task),"ref1011_default,ref1011_default_lto,ref1011_feat,ref1011_feat_lto,ref1011_via,ref1011_via_lto",
oneshot_layer_changed_user,0x08013AF8,2,exact-ambiguous(unresolved:__aeabi_idiv0|__aeabi_ldiv0|__chibios_override_boardInit|__cpu_init|__late_init|__malloc_lock|__malloc_unlock|_fini|battery_stop|board_init|default_layer_debug|default_layer_state_set_user|dummy_cb|early_hardware_init_post|housekeeping_task_user|keyboard_post_init_user|keyboard_pre_init_user|layer_debug|layer_state_set_user|leader_start_user|led_init_ports|led_set_user|led_update_ports|matrix_init_user|matrix_power_down|matrix_power_up|matrix_print|matrix_scan_user|matrix_setup|notify_usb_device_state_change_user|oneshot_layer_changed_user|oneshot_locked_mods_changed_user|oneshot_mods_changed_user|post_process_record_user|rgb_matrix_none_indicators_user|suspend_power_down_user|suspend_wakeup_init_user|td0_reset|via_init_kb|via_set_layout_options_kb|wireless_enter_bluetooth_pin_code_entry_kb|wireless_enter_connected_kb|wireless_enter_discoverable_kb|wireless_enter_reconnecting_kb|wireless_enter_sleep_kb|wireless_exit_bluetooth_pin_code_entry_kb|wireless_post_task),"ref1011_default,ref1011_default_lto,ref1011_feat,ref1011_feat_lto,ref1011_via,ref1011_via_lto",
oneshot_layer_changed_user,0x08014894,2,exact-ambiguous(unresolved:__aeabi_idiv0|__aeabi_ldiv0|__chibios_override_boardInit|__cpu_init|__late_init|__malloc_lock|__malloc_unlock|_fini|battery_stop|board_init|default_layer_debug|default_layer_state_set_user|dummy_cb|early_hardware_init_post|housekeeping_task_user|keyboard_post_init_user|keyboard_pre_init_user|layer_debug|layer_state_set_user|leader_start_user|led_init_ports|led_set_user|led_update_ports|matrix_init_user|matrix_power_down|matrix_power_up|matrix_print|matrix_scan_user|matrix_setup|notify_usb_device_state_change_user|oneshot_layer_changed_user|oneshot_locked_mods_changed_user|oneshot_mods_changed_user|post_process_record_user|rgb_matrix_none_indicators_user|suspend_power_down_user|suspend_wakeup_init_user|td0_reset|via_init_kb|via_set_layout_options_kb|wireless_enter_bluetooth_pin_code_entry_kb|wireless_enter_connected_kb|wireless_enter_discoverable_kb|wireless_enter_reconnecting_kb|wireless_enter_sleep_kb|wireless_exit_bluetooth_pin_code_entry_kb|wireless_post_task),"ref1011_default,ref1011_default_lto,ref1011_feat,ref1011_feat_lto,ref1011_via,ref1011_via_lto",
oneshot_layer_changed_user,0x08014C76,2,exact-ambiguous(unresolved:__aeabi_idiv0|__aeabi_ldiv0|__chibios_override_boardInit|__cpu_init|__late_init|__malloc_lock|__malloc_unlock|_fini|battery_stop|board_init|default_layer_debug|default_layer_state_set_user|dummy_cb|early_hardware_init_post|housekeeping_task_user|keyboard_post_init_user|keyboard_pre_init_user|layer_debug|layer_state_set_user|leader_start_user|led_init_ports|led_set_user|led_update_ports|matrix_init_user|matrix_power_down|matrix_power_up|matrix_print|matrix_scan_user|matrix_setup|notify_usb_device_state_change_user|oneshot_layer_changed_user|oneshot_locked_mods_changed_user|oneshot_mods_changed_user|post_process_record_user|rgb_matrix_none_indicators_user|suspend_power_down_user|suspend_wakeup_init_user|td0_reset|via_init_kb|via_set_layout_options_kb|wireless_enter_bluetooth_pin_code_entry_kb|wireless_enter_connected_kb|wireless_enter_discoverable_kb|wireless_enter_reconnecting_kb|wireless_enter_sleep_kb|wireless_exit_bluetooth_pin_code_entry_kb|wireless_post_task),"ref1011_default,ref1011_default_lto,ref1011_feat,ref1011_feat_lto,ref1011_via,ref1011_via_lto",
oneshot_layer_changed_user,0x0800D4AE,2,exact-ambiguous(unresolved:__aeabi_idiv0|__aeabi_ldiv0|__chibios_override_boardInit|__cpu_init|__late_init|__malloc_lock|__malloc_unlock|_fini|battery_stop|board_init|default_layer_debug|default_layer_state_set_user|dummy_cb|early_hardware_init_post|housekeeping_task_user|keyboard_post_init_user|keyboard_pre_init_user|layer_debug|layer_state_set_user|leader_start_user|led_init_ports|led_set_user|led_update_ports|matrix_init_user|matrix_power_down|matrix_power_up|matrix_print|matrix_scan_user|matrix_setup|notify_usb_device_state_change_user|oneshot_layer_changed_user|oneshot_locked_mods_changed_user|oneshot_mods_changed_user|post_process_record_user|rgb_matrix_none_indicators_user|suspend_power_down_user|suspend_wakeup_init_user|td0_reset|via_init_kb|via_set_layout_options_kb|wireless_enter_bluetooth_pin_code_entry_kb|wireless_enter_connected_kb|wireless_enter_discoverable_kb|wireless_enter_reconnecting_kb|wireless_enter_sleep_kb|wireless_exit_bluetooth_pin_code_entry_kb|wireless_post_task),"ref1011_default,ref1011_default_lto,ref1011_feat,ref1011_feat_lto,ref1011_via,ref1011_via_lto",
oneshot_layer_changed_user,0x0800DBC2,2,exact-ambiguous(unresolved:__aeabi_idiv0|__aeabi_ldiv0|__chibios_override_boardInit|__cpu_init|__late_init|__malloc_lock|__malloc_unlock|_fini|battery_stop|board_init|default_layer_debug|default_layer_state_set_user|dummy_cb|early_hardware_init_post|housekeeping_task_user|keyboard_post_init_user|keyboard_pre_init_user|layer_debug|layer_state_set_user|leader_start_user|led_init_ports|led_set_user|led_update_ports|matrix_init_user|matrix_power_down|matrix_power_up|matrix_print|matrix_scan_user|matrix_setup|notify_usb_device_state_change_user|oneshot_layer_changed_user|oneshot_locked_mods_changed_user|oneshot_mods_changed_user|post_process_record_user|rgb_matrix_none_indicators_user|suspend_power_down_user|suspend_wakeup_init_user|td0_reset|via_init_kb|via_set_layout_options_kb|wireless_enter_bluetooth_pin_code_entry_kb|wireless_enter_connected_kb|wireless_enter_discoverable_kb|wireless_enter_reconnecting_kb|wireless_enter_sleep_kb|wireless_exit_bluetooth_pin_code_entry_kb|wireless_post_task),"ref1011_default,ref1011_default_lto,ref1011_feat,ref1011_feat_lto,ref1011_via,ref1011_via_lto",
oneshot_layer_changed_user,0x08016700,2,exact-ambiguous(unresolved:__aeabi_idiv0|__aeabi_ldiv0|__chibios_override_boardInit|__cpu_init|__late_init|__malloc_lock|__malloc_unlock|_fini|battery_stop|board_init|default_layer_debug|default_layer_state_set_user|dummy_cb|early_hardware_init_post|housekeeping_task_user|keyboard_post_init_user|keyboard_pre_init_user|layer_debug|layer_state_set_user|leader_start_user|led_init_ports|led_set_user|led_update_ports|matrix_init_user|matrix_power_down|matrix_power_up|matrix_print|matrix_scan_user|matrix_setup|notify_usb_device_state_change_user|oneshot_layer_changed_user|oneshot_locked_mods_changed_user|oneshot_mods_changed_user|post_process_record_user|rgb_matrix_none_indicators_user|suspend_power_down_user|suspend_wakeup_init_user|td0_reset|via_init_kb|via_set_layout_options_kb|wireless_enter_bluetooth_pin_code_entry_kb|wireless_enter_connected_kb|wireless_enter_discoverable_kb|wireless_enter_reconnecting_kb|wireless_enter_sleep_kb|wireless_exit_bluetooth_pin_code_entry_kb|wireless_post_task),"ref1011_default,ref1011_default_lto,ref1011_feat,ref1011_feat_lto,ref1011_via,ref1011_via_lto",
oneshot_layer_changed_user,0x0800D25C,72,UNMATCHED-custom-code-candidate,,bl from oneshot_layer_changed_kb@0x0800E4FC+0x2
notify_usb_device_state_change_user,0x0800896E,2,exact-ambiguous(unresolved:__aeabi_idiv0|__aeabi_ldiv0|__chibios_override_boardInit|__cpu_init|__late_init|__malloc_lock|__malloc_unlock|_fini|battery_stop|board_init|default_layer_debug|default_layer_state_set_user|dummy_cb|early_hardware_init_post|housekeeping_task_user|keyboard_post_init_user|keyboard_pre_init_user|layer_debug|layer_state_set_user|leader_start_user|led_init_ports|led_set_user|led_update_ports|matrix_init_user|matrix_power_down|matrix_power_up|matrix_print|matrix_scan_user|matrix_setup|notify_usb_device_state_change_user|oneshot_layer_changed_user|oneshot_locked_mods_changed_user|oneshot_mods_changed_user|post_process_record_user|rgb_matrix_none_indicators_user|suspend_power_down_user|suspend_wakeup_init_user|td0_reset|via_init_kb|via_set_layout_options_kb|wireless_enter_bluetooth_pin_code_entry_kb|wireless_enter_connected_kb|wireless_enter_discoverable_kb|wireless_enter_reconnecting_kb|wireless_enter_sleep_kb|wireless_exit_bluetooth_pin_code_entry_kb|wireless_post_task),"ref1011_default,ref1011_default_lto,ref1011_feat,ref1011_feat_lto,ref1011_via,ref1011_via_lto",
notify_usb_device_state_change_user,0x0800ED0C,2,exact-ambiguous(unresolved:__aeabi_idiv0|__aeabi_ldiv0|__chibios_override_boardInit|__cpu_init|__late_init|__malloc_lock|__malloc_unlock|_fini|battery_stop|board_init|default_layer_debug|default_layer_state_set_user|dummy_cb|early_hardware_init_post|housekeeping_task_user|keyboard_post_init_user|keyboard_pre_init_user|layer_debug|layer_state_set_user|leader_start_user|led_init_ports|led_set_user|led_update_ports|matrix_init_user|matrix_power_down|matrix_power_up|matrix_print|matrix_scan_user|matrix_setup|notify_usb_device_state_change_user|oneshot_layer_changed_user|oneshot_locked_mods_changed_user|oneshot_mods_changed_user|post_process_record_user|rgb_matrix_none_indicators_user|suspend_power_down_user|suspend_wakeup_init_user|td0_reset|via_init_kb|via_set_layout_options_kb|wireless_enter_bluetooth_pin_code_entry_kb|wireless_enter_connected_kb|wireless_enter_discoverable_kb|wireless_enter_reconnecting_kb|wireless_enter_sleep_kb|wireless_exit_bluetooth_pin_code_entry_kb|wireless_post_task),"ref1011_default,ref1011_default_lto,ref1011_feat,ref1011_feat_lto,ref1011_via,ref1011_via_lto",
notify_usb_device_state_change_user,0x0800FBA8,2,exact-ambiguous(unresolved:__aeabi_idiv0|__aeabi_ldiv0|__chibios_override_boardInit|__cpu_init|__late_init|__malloc_lock|__malloc_unlock|_fini|battery_stop|board_init|default_layer_debug|default_layer_state_set_user|dummy_cb|early_hardware_init_post|housekeeping_task_user|keyboard_post_init_user|keyboard_pre_init_user|layer_debug|layer_state_set_user|leader_start_user|led_init_ports|led_set_user|led_update_ports|matrix_init_user|matrix_power_down|matrix_power_up|matrix_print|matrix_scan_user|matrix_setup|notify_usb_device_state_change_user|oneshot_layer_changed_user|oneshot_locked_mods_changed_user|oneshot_mods_changed_user|post_process_record_user|rgb_matrix_none_indicators_user|suspend_power_down_user|suspend_wakeup_init_user|td0_reset|via_init_kb|via_set_layout_options_kb|wireless_enter_bluetooth_pin_code_entry_kb|wireless_enter_connected_kb|wireless_enter_discoverable_kb|wireless_enter_reconnecting_kb|wireless_enter_sleep_kb|wireless_exit_bluetooth_pin_code_entry_kb|wireless_post_task),"ref1011_default,ref1011_default_lto,ref1011_feat,ref1011_feat_lto,ref1011_via,ref1011_via_lto",
notify_usb_device_state_change_user,0x08012404,2,exact-ambiguous,"ref1011_default,ref1011_feat,ref1011_via",notify_usb_device_state_change_user:bl from notify_usb_device_state_change_kb@0x08012406+0x2
notify_usb_device_state_change_user,0x080127FC,2,exact-ambiguous(unresolved:__aeabi_idiv0|__aeabi_ldiv0|__chibios_override_boardInit|__cpu_init|__late_init|__malloc_lock|__malloc_unlock|_fini|battery_stop|board_init|default_layer_debug|default_layer_state_set_user|dummy_cb|early_hardware_init_post|housekeeping_task_user|keyboard_post_init_user|keyboard_pre_init_user|layer_debug|layer_state_set_user|leader_start_user|led_init_ports|led_set_user|led_update_ports|matrix_init_user|matrix_power_down|matrix_power_up|matrix_print|matrix_scan_user|matrix_setup|notify_usb_device_state_change_user|oneshot_layer_changed_user|oneshot_locked_mods_changed_user|oneshot_mods_changed_user|post_process_record_user|rgb_matrix_none_indicators_user|suspend_power_down_user|suspend_wakeup_init_user|td0_reset|via_init_kb|via_set_layout_options_kb|wireless_enter_bluetooth_pin_code_entry_kb|wireless_enter_connected_kb|wireless_enter_discoverable_kb|wireless_enter_reconnecting_kb|wireless_enter_sleep_kb|wireless_exit_bluetooth_pin_code_entry_kb|wireless_post_task),"ref1011_default,ref1011_default_lto,ref1011_feat,ref1011_feat_lto,ref1011_via,ref1011_via_lto",
notify_usb_device_state_change_user,0x08013AF8,2,exact-ambiguous(unresolved:__aeabi_idiv0|__aeabi_ldiv0|__chibios_override_boardInit|__cpu_init|__late_init|__malloc_lock|__malloc_unlock|_fini|battery_stop|board_init|default_layer_debug|default_layer_state_set_user|dummy_cb|early_hardware_init_post|housekeeping_task_user|keyboard_post_init_user|keyboard_pre_init_user|layer_debug|layer_state_set_user|leader_start_user|led_init_ports|led_set_user|led_update_ports|matrix_init_user|matrix_power_down|matrix_power_up|matrix_print|matrix_scan_user|matrix_setup|notify_usb_device_state_change_user|oneshot_layer_changed_user|oneshot_locked_mods_changed_user|oneshot_mods_changed_user|post_process_record_user|rgb_matrix_none_indicators_user|suspend_power_down_user|suspend_wakeup_init_user|td0_reset|via_init_kb|via_set_layout_options_kb|wireless_enter_bluetooth_pin_code_entry_kb|wireless_enter_connected_kb|wireless_enter_discoverable_kb|wireless_enter_reconnecting_kb|wireless_enter_sleep_kb|wireless_exit_bluetooth_pin_code_entry_kb|wireless_post_task),"ref1011_default,ref1011_default_lto,ref1011_feat,ref1011_feat_lto,ref1011_via,ref1011_via_lto",
notify_usb_device_state_change_user,0x08014894,2,exact-ambiguous(unresolved:__aeabi_idiv0|__aeabi_ldiv0|__chibios_override_boardInit|__cpu_init|__late_init|__malloc_lock|__malloc_unlock|_fini|battery_stop|board_init|default_layer_debug|default_layer_state_set_user|dummy_cb|early_hardware_init_post|housekeeping_task_user|keyboard_post_init_user|keyboard_pre_init_user|layer_debug|layer_state_set_user|leader_start_user|led_init_ports|led_set_user|led_update_ports|matrix_init_user|matrix_power_down|matrix_power_up|matrix_print|matrix_scan_user|matrix_setup|notify_usb_device_state_change_user|oneshot_layer_changed_user|oneshot_locked_mods_changed_user|oneshot_mods_changed_user|post_process_record_user|rgb_matrix_none_indicators_user|suspend_power_down_user|suspend_wakeup_init_user|td0_reset|via_init_kb|via_set_layout_options_kb|wireless_enter_bluetooth_pin_code_entry_kb|wireless_enter_connected_kb|wireless_enter_discoverable_kb|wireless_enter_reconnecting_kb|wireless_enter_sleep_kb|wireless_exit_bluetooth_pin_code_entry_kb|wireless_post_task),"ref1011_default,ref1011_default_lto,ref1011_feat,ref1011_feat_lto,ref1011_via,ref1011_via_lto",
notify_usb_device_state_change_user,0x08014C76,2,exact-ambiguous(unresolved:__aeabi_idiv0|__aeabi_ldiv0|__chibios_override_boardInit|__cpu_init|__late_init|__malloc_lock|__malloc_unlock|_fini|battery_stop|board_init|default_layer_debug|default_layer_state_set_user|dummy_cb|early_hardware_init_post|housekeeping_task_user|keyboard_post_init_user|keyboard_pre_init_user|layer_debug|layer_state_set_user|leader_start_user|led_init_ports|led_set_user|led_update_ports|matrix_init_user|matrix_power_down|matrix_power_up|matrix_print|matrix_scan_user|matrix_setup|notify_usb_device_state_change_user|oneshot_layer_changed_user|oneshot_locked_mods_changed_user|oneshot_mods_changed_user|post_process_record_user|rgb_matrix_none_indicators_user|suspend_power_down_user|suspend_wakeup_init_user|td0_reset|via_init_kb|via_set_layout_options_kb|wireless_enter_bluetooth_pin_code_entry_kb|wireless_enter_connected_kb|wireless_enter_discoverable_kb|wireless_enter_reconnecting_kb|wireless_enter_sleep_kb|wireless_exit_bluetooth_pin_code_entry_kb|wireless_post_task),"ref1011_default,ref1011_default_lto,ref1011_feat,ref1011_feat_lto,ref1011_via,ref1011_via_lto",
notify_usb_device_state_change_user,0x0800D4AE,2,exact-ambiguous(unresolved:__aeabi_idiv0|__aeabi_ldiv0|__chibios_override_boardInit|__cpu_init|__late_init|__malloc_lock|__malloc_unlock|_fini|battery_stop|board_init|default_layer_debug|default_layer_state_set_user|dummy_cb|early_hardware_init_post|housekeeping_task_user|keyboard_post_init_user|keyboard_pre_init_user|layer_debug|layer_state_set_user|leader_start_user|led_init_ports|led_set_user|led_update_ports|matrix_init_user|matrix_power_down|matrix_power_up|matrix_print|matrix_scan_user|matrix_setup|notify_usb_device_state_change_user|oneshot_layer_changed_user|oneshot_locked_mods_changed_user|oneshot_mods_changed_user|post_process_record_user|rgb_matrix_none_indicators_user|suspend_power_down_user|suspend_wakeup_init_user|td0_reset|via_init_kb|via_set_layout_options_kb|wireless_enter_bluetooth_pin_code_entry_kb|wireless_enter_connected_kb|wireless_enter_discoverable_kb|wireless_enter_reconnecting_kb|wireless_enter_sleep_kb|wireless_exit_bluetooth_pin_code_entry_kb|wireless_post_task),"ref1011_default,ref1011_default_lto,ref1011_feat,ref1011_feat_lto,ref1011_via,ref1011_via_lto",
notify_usb_device_state_change_user,0x0800DBC2,2,exact-ambiguous(unresolved:__aeabi_idiv0|__aeabi_ldiv0|__chibios_override_boardInit|__cpu_init|__late_init|__malloc_lock|__malloc_unlock|_fini|battery_stop|board_init|default_layer_debug|default_layer_state_set_user|dummy_cb|early_hardware_init_post|housekeeping_task_user|keyboard_post_init_user|keyboard_pre_init_user|layer_debug|layer_state_set_user|leader_start_user|led_init_ports|led_set_user|led_update_ports|matrix_init_user|matrix_power_down|matrix_power_up|matrix_print|matrix_scan_user|matrix_setup|notify_usb_device_state_change_user|oneshot_layer_changed_user|oneshot_locked_mods_changed_user|oneshot_mods_changed_user|post_process_record_user|rgb_matrix_none_indicators_user|suspend_power_down_user|suspend_wakeup_init_user|td0_reset|via_init_kb|via_set_layout_options_kb|wireless_enter_bluetooth_pin_code_entry_kb|wireless_enter_connected_kb|wireless_enter_discoverable_kb|wireless_enter_reconnecting_kb|wireless_enter_sleep_kb|wireless_exit_bluetooth_pin_code_entry_kb|wireless_post_task),"ref1011_default,ref1011_default_lto,ref1011_feat,ref1011_feat_lto,ref1011_via,ref1011_via_lto",
notify_usb_device_state_change_user,0x08016700,2,exact-ambiguous(unresolved:__aeabi_idiv0|__aeabi_ldiv0|__chibios_override_boardInit|__cpu_init|__late_init|__malloc_lock|__malloc_unlock|_fini|battery_stop|board_init|default_layer_debug|default_layer_state_set_user|dummy_cb|early_hardware_init_post|housekeeping_task_user|keyboard_post_init_user|keyboard_pre_init_user|layer_debug|layer_state_set_user|leader_start_user|led_init_ports|led_set_user|led_update_ports|matrix_init_user|matrix_power_down|matrix_power_up|matrix_print|matrix_scan_user|matrix_setup|notify_usb_device_state_change_user|oneshot_layer_changed_user|oneshot_locked_mods_changed_user|oneshot_mods_changed_user|post_process_record_user|rgb_matrix_none_indicators_user|suspend_power_down_user|suspend_wakeup_init_user|td0_reset|via_init_kb|via_set_layout_options_kb|wireless_enter_bluetooth_pin_code_entry_kb|wireless_enter_connected_kb|wireless_enter_discoverable_kb|wireless_enter_reconnecting_kb|wireless_enter_sleep_kb|wireless_exit_bluetooth_pin_code_entry_kb|wireless_post_task),"ref1011_default,ref1011_default_lto,ref1011_feat,ref1011_feat_lto,ref1011_via,ref1011_via_lto",
eeconfig_update_user,0x0800E616,8,exact,"ref1011_default,ref1011_feat,ref1011_via",eeconfig_update_user:b.w from eeconfig_init_user@0x0800E61E+0x2
wireless_enter_reset_kb,0x080080DC,4,exact-ambiguous(unresolved:_getpid_r|bootmagic_lite_reset_eeprom|chSchReadyI|chSysTimerHandlerI|default_layer_set|early_hardware_init_pre|eeconfig_init|eeconfig_update_rgb_matrix|eeprom_driver_erase|eeprom_driver_init|eflInit|housekeeping_task_kb|indicator_disable|itoa|keycode_at_encodermap_location|keycode_at_keymap_location|process_record_user|protocol_pre_task|protocol_setup|rgb_matrix_set_color|rgb_matrix_set_color_all|rtcGetTime|rtcInit|rtcSetTime|rtc_timer_init|spiInit|stInit|timer_init|usbInit|usb_device_state_init|usb_device_state_set_resume|via_set_device_indication|wireless_disconnect|wireless_enter_reset_kb),"ref1011_default,ref1011_default_lto,ref1011_feat,ref1011_feat_lto,ref1011_via,ref1011_via_lto",
wireless_enter_reset_kb,0x0800C594,4,exact-ambiguous,"ref1011_default,ref1011_feat,ref1011_via",wireless_enter_reset_kb:bl(fuzzy-paired) from wireless_event_task@0x0800A570+0x26
wireless_enter_reset_kb,0x0800D348,4,exact-ambiguous(unresolved:_getpid_r|bootmagic_lite_reset_eeprom|chSchReadyI|chSysTimerHandlerI|default_layer_set|early_hardware_init_pre|eeconfig_init|eeconfig_update_rgb_matrix|eeprom_driver_erase|eeprom_driver_init|eflInit|housekeeping_task_kb|indicator_disable|itoa|keycode_at_encodermap_location|keycode_at_keymap_location|process_record_user|protocol_pre_task|protocol_setup|rgb_matrix_set_color|rgb_matrix_set_color_all|rtcGetTime|rtcInit|rtcSetTime|rtc_timer_init|spiInit|stInit|timer_init|usbInit|usb_device_state_init|usb_device_state_set_resume|via_set_device_indication|wireless_disconnect|wireless_enter_reset_kb),"ref1011_default,ref1011_default_lto,ref1011_feat,ref1011_feat_lto,ref1011_via,ref1011_via_lto",
wireless_enter_reset_kb,0x080141A0,4,exact-ambiguous(unresolved:_getpid_r|bootmagic_lite_reset_eeprom|chSchReadyI|chSysTimerHandlerI|default_layer_set|early_hardware_init_pre|eeconfig_init|eeconfig_update_rgb_matrix|eeprom_driver_erase|eeprom_driver_init|eflInit|housekeeping_task_kb|indicator_disable|itoa|keycode_at_encodermap_location|keycode_at_keymap_location|process_record_user|protocol_pre_task|protocol_setup|rgb_matrix_set_color|rgb_matrix_set_color_all|rtcGetTime|rtcInit|rtcSetTime|rtc_timer_init|spiInit|stInit|timer_init|usbInit|usb_device_state_init|usb_device_state_set_resume|via_set_device_indication|wireless_disconnect|wireless_enter_reset_kb),"ref1011_default,ref1011_default_lto,ref1011_feat,ref1011_feat_lto,ref1011_via,ref1011_via_lto",
wireless_enter_reset_kb,0x08014354,4,exact-ambiguous(unresolved:_getpid_r|bootmagic_lite_reset_eeprom|chSchReadyI|chSysTimerHandlerI|default_layer_set|early_hardware_init_pre|eeconfig_init|eeconfig_update_rgb_matrix|eeprom_driver_erase|eeprom_driver_init|eflInit|housekeeping_task_kb|indicator_disable|itoa|keycode_at_encodermap_location|keycode_at_keymap_location|process_record_user|protocol_pre_task|protocol_setup|rgb_matrix_set_color|rgb_matrix_set_color_all|rtcGetTime|rtcInit|rtcSetTime|rtc_timer_init|spiInit|stInit|timer_init|usbInit|usb_device_state_init|usb_device_state_set_resume|via_set_device_indication|wireless_disconnect|wireless_enter_reset_kb),"ref1011_default,ref1011_default_lto,ref1011_feat,ref1011_feat_lto,ref1011_via,ref1011_via_lto",
wireless_enter_reset_kb,0x0801584A,4,exact-ambiguous(unresolved:_getpid_r|bootmagic_lite_reset_eeprom|chSchReadyI|chSysTimerHandlerI|default_layer_set|early_hardware_init_pre|eeconfig_init|eeconfig_update_rgb_matrix|eeprom_driver_erase|eeprom_driver_init|eflInit|housekeeping_task_kb|indicator_disable|itoa|keycode_at_encodermap_location|keycode_at_keymap_location|process_record_user|protocol_pre_task|protocol_setup|rgb_matrix_set_color|rgb_matrix_set_color_all|rtcGetTime|rtcInit|rtcSetTime|rtc_timer_init|spiInit|stInit|timer_init|usbInit|usb_device_state_init|usb_device_state_set_resume|via_set_device_indication|wireless_disconnect|wireless_enter_reset_kb),"ref1011_default,ref1011_default_lto,ref1011_feat,ref1011_feat_lto,ref1011_via,ref1011_via_lto",
wireless_enter_reset_kb,0x08013AF4,4,exact-ambiguous(unresolved:_getpid_r|bootmagic_lite_reset_eeprom|chSchReadyI|chSysTimerHandlerI|default_layer_set|early_hardware_init_pre|eeconfig_init|eeconfig_update_rgb_matrix|eeprom_driver_erase|eeprom_driver_init|eflInit|housekeeping_task_kb|indicator_disable|itoa|keycode_at_encodermap_location|keycode_at_keymap_location|process_record_user|protocol_pre_task|protocol_setup|rgb_matrix_set_color|rgb_matrix_set_color_all|rtcGetTime|rtcInit|rtcSetTime|rtc_timer_init|spiInit|stInit|timer_init|usbInit|usb_device_state_init|usb_device_state_set_resume|via_set_device_indication|wireless_disconnect|wireless_enter_reset_kb),"ref1011_default,ref1011_default_lto,ref1011_feat,ref1011_feat_lto,ref1011_via,ref1011_via_lto",
wireless_enter_reset_kb,0x08014108,4,exact-ambiguous(unresolved:_getpid_r|bootmagic_lite_reset_eeprom|chSchReadyI|chSysTimerHandlerI|default_layer_set|early_hardware_init_pre|eeconfig_init|eeconfig_update_rgb_matrix|eeprom_driver_erase|eeprom_driver_init|eflInit|housekeeping_task_kb|indicator_disable|itoa|keycode_at_encodermap_location|keycode_at_keymap_location|process_record_user|protocol_pre_task|protocol_setup|rgb_matrix_set_color|rgb_matrix_set_color_all|rtcGetTime|rtcInit|rtcSetTime|rtc_timer_init|spiInit|stInit|timer_init|usbInit|usb_device_state_init|usb_device_state_set_resume|via_set_device_indication|wireless_disconnect|wireless_enter_reset_kb),"ref1011_default,ref1011_default_lto,ref1011_feat,ref1011_feat_lto,ref1011_via,ref1011_via_lto",
wireless_enter_connected_kb,0x0800896E,2,exact-ambiguous(unresolved:__aeabi_idiv0|__aeabi_ldiv0|__chibios_override_boardInit|__cpu_init|__late_init|__malloc_lock|__malloc_unlock|_fini|battery_stop|board_init|default_layer_debug|default_layer_state_set_user|dummy_cb|early_hardware_init_post|housekeeping_task_user|keyboard_post_init_user|keyboard_pre_init_user|layer_debug|layer_state_set_user|leader_start_user|led_init_ports|led_set_user|led_update_ports|matrix_init_user|matrix_power_down|matrix_power_up|matrix_print|matrix_scan_user|matrix_setup|notify_usb_device_state_change_user|oneshot_layer_changed_user|oneshot_locked_mods_changed_user|oneshot_mods_changed_user|post_process_record_user|rgb_matrix_none_indicators_user|suspend_power_down_user|suspend_wakeup_init_user|td0_reset|via_init_kb|via_set_layout_options_kb|wireless_enter_bluetooth_pin_code_entry_kb|wireless_enter_connected_kb|wireless_enter_discoverable_kb|wireless_enter_reconnecting_kb|wireless_enter_sleep_kb|wireless_exit_bluetooth_pin_code_entry_kb|wireless_post_task),"ref1011_default,ref1011_default_lto,ref1011_feat,ref1011_feat_lto,ref1011_via,ref1011_via_lto",
wireless_enter_connected_kb,0x0800ED0C,2,exact-ambiguous(unresolved:__aeabi_idiv0|__aeabi_ldiv0|__chibios_override_boardInit|__cpu_init|__late_init|__malloc_lock|__malloc_unlock|_fini|battery_stop|board_init|default_layer_debug|default_layer_state_set_user|dummy_cb|early_hardware_init_post|housekeeping_task_user|keyboard_post_init_user|keyboard_pre_init_user|layer_debug|layer_state_set_user|leader_start_user|led_init_ports|led_set_user|led_update_ports|matrix_init_user|matrix_power_down|matrix_power_up|matrix_print|matrix_scan_user|matrix_setup|notify_usb_device_state_change_user|oneshot_layer_changed_user|oneshot_locked_mods_changed_user|oneshot_mods_changed_user|post_process_record_user|rgb_matrix_none_indicators_user|suspend_power_down_user|suspend_wakeup_init_user|td0_reset|via_init_kb|via_set_layout_options_kb|wireless_enter_bluetooth_pin_code_entry_kb|wireless_enter_connected_kb|wireless_enter_discoverable_kb|wireless_enter_reconnecting_kb|wireless_enter_sleep_kb|wireless_exit_bluetooth_pin_code_entry_kb|wireless_post_task),"ref1011_default,ref1011_default_lto,ref1011_feat,ref1011_feat_lto,ref1011_via,ref1011_via_lto",
wireless_enter_connected_kb,0x0800FBA8,2,exact-ambiguous(unresolved:__aeabi_idiv0|__aeabi_ldiv0|__chibios_override_boardInit|__cpu_init|__late_init|__malloc_lock|__malloc_unlock|_fini|battery_stop|board_init|default_layer_debug|default_layer_state_set_user|dummy_cb|early_hardware_init_post|housekeeping_task_user|keyboard_post_init_user|keyboard_pre_init_user|layer_debug|layer_state_set_user|leader_start_user|led_init_ports|led_set_user|led_update_ports|matrix_init_user|matrix_power_down|matrix_power_up|matrix_print|matrix_scan_user|matrix_setup|notify_usb_device_state_change_user|oneshot_layer_changed_user|oneshot_locked_mods_changed_user|oneshot_mods_changed_user|post_process_record_user|rgb_matrix_none_indicators_user|suspend_power_down_user|suspend_wakeup_init_user|td0_reset|via_init_kb|via_set_layout_options_kb|wireless_enter_bluetooth_pin_code_entry_kb|wireless_enter_connected_kb|wireless_enter_discoverable_kb|wireless_enter_reconnecting_kb|wireless_enter_sleep_kb|wireless_exit_bluetooth_pin_code_entry_kb|wireless_post_task),"ref1011_default,ref1011_default_lto,ref1011_feat,ref1011_feat_lto,ref1011_via,ref1011_via_lto",
wireless_enter_connected_kb,0x080127FC,2,exact-ambiguous(unresolved:__aeabi_idiv0|__aeabi_ldiv0|__chibios_override_boardInit|__cpu_init|__late_init|__malloc_lock|__malloc_unlock|_fini|battery_stop|board_init|default_layer_debug|default_layer_state_set_user|dummy_cb|early_hardware_init_post|housekeeping_task_user|keyboard_post_init_user|keyboard_pre_init_user|layer_debug|layer_state_set_user|leader_start_user|led_init_ports|led_set_user|led_update_ports|matrix_init_user|matrix_power_down|matrix_power_up|matrix_print|matrix_scan_user|matrix_setup|notify_usb_device_state_change_user|oneshot_layer_changed_user|oneshot_locked_mods_changed_user|oneshot_mods_changed_user|post_process_record_user|rgb_matrix_none_indicators_user|suspend_power_down_user|suspend_wakeup_init_user|td0_reset|via_init_kb|via_set_layout_options_kb|wireless_enter_bluetooth_pin_code_entry_kb|wireless_enter_connected_kb|wireless_enter_discoverable_kb|wireless_enter_reconnecting_kb|wireless_enter_sleep_kb|wireless_exit_bluetooth_pin_code_entry_kb|wireless_post_task),"ref1011_default,ref1011_default_lto,ref1011_feat,ref1011_feat_lto,ref1011_via,ref1011_via_lto",
wireless_enter_connected_kb,0x08013AF8,2,exact-ambiguous(unresolved:__aeabi_idiv0|__aeabi_ldiv0|__chibios_override_boardInit|__cpu_init|__late_init|__malloc_lock|__malloc_unlock|_fini|battery_stop|board_init|default_layer_debug|default_layer_state_set_user|dummy_cb|early_hardware_init_post|housekeeping_task_user|keyboard_post_init_user|keyboard_pre_init_user|layer_debug|layer_state_set_user|leader_start_user|led_init_ports|led_set_user|led_update_ports|matrix_init_user|matrix_power_down|matrix_power_up|matrix_print|matrix_scan_user|matrix_setup|notify_usb_device_state_change_user|oneshot_layer_changed_user|oneshot_locked_mods_changed_user|oneshot_mods_changed_user|post_process_record_user|rgb_matrix_none_indicators_user|suspend_power_down_user|suspend_wakeup_init_user|td0_reset|via_init_kb|via_set_layout_options_kb|wireless_enter_bluetooth_pin_code_entry_kb|wireless_enter_connected_kb|wireless_enter_discoverable_kb|wireless_enter_reconnecting_kb|wireless_enter_sleep_kb|wireless_exit_bluetooth_pin_code_entry_kb|wireless_post_task),"ref1011_default,ref1011_default_lto,ref1011_feat,ref1011_feat_lto,ref1011_via,ref1011_via_lto",
wireless_enter_connected_kb,0x08014894,2,exact-ambiguous(unresolved:__aeabi_idiv0|__aeabi_ldiv0|__chibios_override_boardInit|__cpu_init|__late_init|__malloc_lock|__malloc_unlock|_fini|battery_stop|board_init|default_layer_debug|default_layer_state_set_user|dummy_cb|early_hardware_init_post|housekeeping_task_user|keyboard_post_init_user|keyboard_pre_init_user|layer_debug|layer_state_set_user|leader_start_user|led_init_ports|led_set_user|led_update_ports|matrix_init_user|matrix_power_down|matrix_power_up|matrix_print|matrix_scan_user|matrix_setup|notify_usb_device_state_change_user|oneshot_layer_changed_user|oneshot_locked_mods_changed_user|oneshot_mods_changed_user|post_process_record_user|rgb_matrix_none_indicators_user|suspend_power_down_user|suspend_wakeup_init_user|td0_reset|via_init_kb|via_set_layout_options_kb|wireless_enter_bluetooth_pin_code_entry_kb|wireless_enter_connected_kb|wireless_enter_discoverable_kb|wireless_enter_reconnecting_kb|wireless_enter_sleep_kb|wireless_exit_bluetooth_pin_code_entry_kb|wireless_post_task),"ref1011_default,ref1011_default_lto,ref1011_feat,ref1011_feat_lto,ref1011_via,ref1011_via_lto",
wireless_enter_connected_kb,0x08014C76,2,exact-ambiguous(unresolved:__aeabi_idiv0|__aeabi_ldiv0|__chibios_override_boardInit|__cpu_init|__late_init|__malloc_lock|__malloc_unlock|_fini|battery_stop|board_init|default_layer_debug|default_layer_state_set_user|dummy_cb|early_hardware_init_post|housekeeping_task_user|keyboard_post_init_user|keyboard_pre_init_user|layer_debug|layer_state_set_user|leader_start_user|led_init_ports|led_set_user|led_update_ports|matrix_init_user|matrix_power_down|matrix_power_up|matrix_print|matrix_scan_user|matrix_setup|notify_usb_device_state_change_user|oneshot_layer_changed_user|oneshot_locked_mods_changed_user|oneshot_mods_changed_user|post_process_record_user|rgb_matrix_none_indicators_user|suspend_power_down_user|suspend_wakeup_init_user|td0_reset|via_init_kb|via_set_layout_options_kb|wireless_enter_bluetooth_pin_code_entry_kb|wireless_enter_connected_kb|wireless_enter_discoverable_kb|wireless_enter_reconnecting_kb|wireless_enter_sleep_kb|wireless_exit_bluetooth_pin_code_entry_kb|wireless_post_task),"ref1011_default,ref1011_default_lto,ref1011_feat,ref1011_feat_lto,ref1011_via,ref1011_via_lto",
wireless_enter_connected_kb,0x0800D4AE,2,exact-ambiguous(unresolved:__aeabi_idiv0|__aeabi_ldiv0|__chibios_override_boardInit|__cpu_init|__late_init|__malloc_lock|__malloc_unlock|_fini|battery_stop|board_init|default_layer_debug|default_layer_state_set_user|dummy_cb|early_hardware_init_post|housekeeping_task_user|keyboard_post_init_user|keyboard_pre_init_user|layer_debug|layer_state_set_user|leader_start_user|led_init_ports|led_set_user|led_update_ports|matrix_init_user|matrix_power_down|matrix_power_up|matrix_print|matrix_scan_user|matrix_setup|notify_usb_device_state_change_user|oneshot_layer_changed_user|oneshot_locked_mods_changed_user|oneshot_mods_changed_user|post_process_record_user|rgb_matrix_none_indicators_user|suspend_power_down_user|suspend_wakeup_init_user|td0_reset|via_init_kb|via_set_layout_options_kb|wireless_enter_bluetooth_pin_code_entry_kb|wireless_enter_connected_kb|wireless_enter_discoverable_kb|wireless_enter_reconnecting_kb|wireless_enter_sleep_kb|wireless_exit_bluetooth_pin_code_entry_kb|wireless_post_task),"ref1011_default,ref1011_default_lto,ref1011_feat,ref1011_feat_lto,ref1011_via,ref1011_via_lto",
wireless_enter_connected_kb,0x0800DBC2,2,exact-ambiguous(unresolved:__aeabi_idiv0|__aeabi_ldiv0|__chibios_override_boardInit|__cpu_init|__late_init|__malloc_lock|__malloc_unlock|_fini|battery_stop|board_init|default_layer_debug|default_layer_state_set_user|dummy_cb|early_hardware_init_post|housekeeping_task_user|keyboard_post_init_user|keyboard_pre_init_user|layer_debug|layer_state_set_user|leader_start_user|led_init_ports|led_set_user|led_update_ports|matrix_init_user|matrix_power_down|matrix_power_up|matrix_print|matrix_scan_user|matrix_setup|notify_usb_device_state_change_user|oneshot_layer_changed_user|oneshot_locked_mods_changed_user|oneshot_mods_changed_user|post_process_record_user|rgb_matrix_none_indicators_user|suspend_power_down_user|suspend_wakeup_init_user|td0_reset|via_init_kb|via_set_layout_options_kb|wireless_enter_bluetooth_pin_code_entry_kb|wireless_enter_connected_kb|wireless_enter_discoverable_kb|wireless_enter_reconnecting_kb|wireless_enter_sleep_kb|wireless_exit_bluetooth_pin_code_entry_kb|wireless_post_task),"ref1011_default,ref1011_default_lto,ref1011_feat,ref1011_feat_lto,ref1011_via,ref1011_via_lto",
wireless_enter_connected_kb,0x08016700,2,exact-ambiguous(unresolved:__aeabi_idiv0|__aeabi_ldiv0|__chibios_override_boardInit|__cpu_init|__late_init|__malloc_lock|__malloc_unlock|_fini|battery_stop|board_init|default_layer_debug|default_layer_state_set_user|dummy_cb|early_hardware_init_post|housekeeping_task_user|keyboard_post_init_user|keyboard_pre_init_user|layer_debug|layer_state_set_user|leader_start_user|led_init_ports|led_set_user|led_update_ports|matrix_init_user|matrix_power_down|matrix_power_up|matrix_print|matrix_scan_user|matrix_setup|notify_usb_device_state_change_user|oneshot_layer_changed_user|oneshot_locked_mods_changed_user|oneshot_mods_changed_user|post_process_record_user|rgb_matrix_none_indicators_user|suspend_power_down_user|suspend_wakeup_init_user|td0_reset|via_init_kb|via_set_layout_options_kb|wireless_enter_bluetooth_pin_code_entry_kb|wireless_enter_connected_kb|wireless_enter_discoverable_kb|wireless_enter_reconnecting_kb|wireless_enter_sleep_kb|wireless_exit_bluetooth_pin_code_entry_kb|wireless_post_task),"ref1011_default,ref1011_default_lto,ref1011_feat,ref1011_feat_lto,ref1011_via,ref1011_via_lto",
wireless_enter_connected_kb,0x0800A430,2,exact-ambiguous,"ref1011_default,ref1011_feat,ref1011_via",wireless_enter_connected_kb:bl(fuzzy-paired) from wireless_event_task@0x0800A570+0x44
wireless_enter_discoverable_kb,0x0800896E,2,exact-ambiguous(unresolved:__aeabi_idiv0|__aeabi_ldiv0|__chibios_override_boardInit|__cpu_init|__late_init|__malloc_lock|__malloc_unlock|_fini|battery_stop|board_init|default_layer_debug|default_layer_state_set_user|dummy_cb|early_hardware_init_post|housekeeping_task_user|keyboard_post_init_user|keyboard_pre_init_user|layer_debug|layer_state_set_user|leader_start_user|led_init_ports|led_set_user|led_update_ports|matrix_init_user|matrix_power_down|matrix_power_up|matrix_print|matrix_scan_user|matrix_setup|notify_usb_device_state_change_user|oneshot_layer_changed_user|oneshot_locked_mods_changed_user|oneshot_mods_changed_user|post_process_record_user|rgb_matrix_none_indicators_user|suspend_power_down_user|suspend_wakeup_init_user|td0_reset|via_init_kb|via_set_layout_options_kb|wireless_enter_bluetooth_pin_code_entry_kb|wireless_enter_connected_kb|wireless_enter_discoverable_kb|wireless_enter_reconnecting_kb|wireless_enter_sleep_kb|wireless_exit_bluetooth_pin_code_entry_kb|wireless_post_task),"ref1011_default,ref1011_default_lto,ref1011_feat,ref1011_feat_lto,ref1011_via,ref1011_via_lto",
wireless_enter_discoverable_kb,0x0800A42C,2,exact-ambiguous,"ref1011_default,ref1011_feat,ref1011_via",wireless_enter_discoverable_kb:bl(fuzzy-paired) from wireless_event_task@0x0800A570+0x78
wireless_enter_discoverable_kb,0x0800ED0C,2,exact-ambiguous(unresolved:__aeabi_idiv0|__aeabi_ldiv0|__chibios_override_boardInit|__cpu_init|__late_init|__malloc_lock|__malloc_unlock|_fini|battery_stop|board_init|default_layer_debug|default_layer_state_set_user|dummy_cb|early_hardware_init_post|housekeeping_task_user|keyboard_post_init_user|keyboard_pre_init_user|layer_debug|layer_state_set_user|leader_start_user|led_init_ports|led_set_user|led_update_ports|matrix_init_user|matrix_power_down|matrix_power_up|matrix_print|matrix_scan_user|matrix_setup|notify_usb_device_state_change_user|oneshot_layer_changed_user|oneshot_locked_mods_changed_user|oneshot_mods_changed_user|post_process_record_user|rgb_matrix_none_indicators_user|suspend_power_down_user|suspend_wakeup_init_user|td0_reset|via_init_kb|via_set_layout_options_kb|wireless_enter_bluetooth_pin_code_entry_kb|wireless_enter_connected_kb|wireless_enter_discoverable_kb|wireless_enter_reconnecting_kb|wireless_enter_sleep_kb|wireless_exit_bluetooth_pin_code_entry_kb|wireless_post_task),"ref1011_default,ref1011_default_lto,ref1011_feat,ref1011_feat_lto,ref1011_via,ref1011_via_lto",
wireless_enter_discoverable_kb,0x0800FBA8,2,exact-ambiguous(unresolved:__aeabi_idiv0|__aeabi_ldiv0|__chibios_override_boardInit|__cpu_init|__late_init|__malloc_lock|__malloc_unlock|_fini|battery_stop|board_init|default_layer_debug|default_layer_state_set_user|dummy_cb|early_hardware_init_post|housekeeping_task_user|keyboard_post_init_user|keyboard_pre_init_user|layer_debug|layer_state_set_user|leader_start_user|led_init_ports|led_set_user|led_update_ports|matrix_init_user|matrix_power_down|matrix_power_up|matrix_print|matrix_scan_user|matrix_setup|notify_usb_device_state_change_user|oneshot_layer_changed_user|oneshot_locked_mods_changed_user|oneshot_mods_changed_user|post_process_record_user|rgb_matrix_none_indicators_user|suspend_power_down_user|suspend_wakeup_init_user|td0_reset|via_init_kb|via_set_layout_options_kb|wireless_enter_bluetooth_pin_code_entry_kb|wireless_enter_connected_kb|wireless_enter_discoverable_kb|wireless_enter_reconnecting_kb|wireless_enter_sleep_kb|wireless_exit_bluetooth_pin_code_entry_kb|wireless_post_task),"ref1011_default,ref1011_default_lto,ref1011_feat,ref1011_feat_lto,ref1011_via,ref1011_via_lto",
wireless_enter_discoverable_kb,0x080127FC,2,exact-ambiguous(unresolved:__aeabi_idiv0|__aeabi_ldiv0|__chibios_override_boardInit|__cpu_init|__late_init|__malloc_lock|__malloc_unlock|_fini|battery_stop|board_init|default_layer_debug|default_layer_state_set_user|dummy_cb|early_hardware_init_post|housekeeping_task_user|keyboard_post_init_user|keyboard_pre_init_user|layer_debug|layer_state_set_user|leader_start_user|led_init_ports|led_set_user|led_update_ports|matrix_init_user|matrix_power_down|matrix_power_up|matrix_print|matrix_scan_user|matrix_setup|notify_usb_device_state_change_user|oneshot_layer_changed_user|oneshot_locked_mods_changed_user|oneshot_mods_changed_user|post_process_record_user|rgb_matrix_none_indicators_user|suspend_power_down_user|suspend_wakeup_init_user|td0_reset|via_init_kb|via_set_layout_options_kb|wireless_enter_bluetooth_pin_code_entry_kb|wireless_enter_connected_kb|wireless_enter_discoverable_kb|wireless_enter_reconnecting_kb|wireless_enter_sleep_kb|wireless_exit_bluetooth_pin_code_entry_kb|wireless_post_task),"ref1011_default,ref1011_default_lto,ref1011_feat,ref1011_feat_lto,ref1011_via,ref1011_via_lto",
wireless_enter_discoverable_kb,0x08013AF8,2,exact-ambiguous(unresolved:__aeabi_idiv0|__aeabi_ldiv0|__chibios_override_boardInit|__cpu_init|__late_init|__malloc_lock|__malloc_unlock|_fini|battery_stop|board_init|default_layer_debug|default_layer_state_set_user|dummy_cb|early_hardware_init_post|housekeeping_task_user|keyboard_post_init_user|keyboard_pre_init_user|layer_debug|layer_state_set_user|leader_start_user|led_init_ports|led_set_user|led_update_ports|matrix_init_user|matrix_power_down|matrix_power_up|matrix_print|matrix_scan_user|matrix_setup|notify_usb_device_state_change_user|oneshot_layer_changed_user|oneshot_locked_mods_changed_user|oneshot_mods_changed_user|post_process_record_user|rgb_matrix_none_indicators_user|suspend_power_down_user|suspend_wakeup_init_user|td0_reset|via_init_kb|via_set_layout_options_kb|wireless_enter_bluetooth_pin_code_entry_kb|wireless_enter_connected_kb|wireless_enter_discoverable_kb|wireless_enter_reconnecting_kb|wireless_enter_sleep_kb|wireless_exit_bluetooth_pin_code_entry_kb|wireless_post_task),"ref1011_default,ref1011_default_lto,ref1011_feat,ref1011_feat_lto,ref1011_via,ref1011_via_lto",
wireless_enter_discoverable_kb,0x08014894,2,exact-ambiguous(unresolved:__aeabi_idiv0|__aeabi_ldiv0|__chibios_override_boardInit|__cpu_init|__late_init|__malloc_lock|__malloc_unlock|_fini|battery_stop|board_init|default_layer_debug|default_layer_state_set_user|dummy_cb|early_hardware_init_post|housekeeping_task_user|keyboard_post_init_user|keyboard_pre_init_user|layer_debug|layer_state_set_user|leader_start_user|led_init_ports|led_set_user|led_update_ports|matrix_init_user|matrix_power_down|matrix_power_up|matrix_print|matrix_scan_user|matrix_setup|notify_usb_device_state_change_user|oneshot_layer_changed_user|oneshot_locked_mods_changed_user|oneshot_mods_changed_user|post_process_record_user|rgb_matrix_none_indicators_user|suspend_power_down_user|suspend_wakeup_init_user|td0_reset|via_init_kb|via_set_layout_options_kb|wireless_enter_bluetooth_pin_code_entry_kb|wireless_enter_connected_kb|wireless_enter_discoverable_kb|wireless_enter_reconnecting_kb|wireless_enter_sleep_kb|wireless_exit_bluetooth_pin_code_entry_kb|wireless_post_task),"ref1011_default,ref1011_default_lto,ref1011_feat,ref1011_feat_lto,ref1011_via,ref1011_via_lto",
wireless_enter_discoverable_kb,0x08014C76,2,exact-ambiguous(unresolved:__aeabi_idiv0|__aeabi_ldiv0|__chibios_override_boardInit|__cpu_init|__late_init|__malloc_lock|__malloc_unlock|_fini|battery_stop|board_init|default_layer_debug|default_layer_state_set_user|dummy_cb|early_hardware_init_post|housekeeping_task_user|keyboard_post_init_user|keyboard_pre_init_user|layer_debug|layer_state_set_user|leader_start_user|led_init_ports|led_set_user|led_update_ports|matrix_init_user|matrix_power_down|matrix_power_up|matrix_print|matrix_scan_user|matrix_setup|notify_usb_device_state_change_user|oneshot_layer_changed_user|oneshot_locked_mods_changed_user|oneshot_mods_changed_user|post_process_record_user|rgb_matrix_none_indicators_user|suspend_power_down_user|suspend_wakeup_init_user|td0_reset|via_init_kb|via_set_layout_options_kb|wireless_enter_bluetooth_pin_code_entry_kb|wireless_enter_connected_kb|wireless_enter_discoverable_kb|wireless_enter_reconnecting_kb|wireless_enter_sleep_kb|wireless_exit_bluetooth_pin_code_entry_kb|wireless_post_task),"ref1011_default,ref1011_default_lto,ref1011_feat,ref1011_feat_lto,ref1011_via,ref1011_via_lto",
wireless_enter_discoverable_kb,0x0800D4AE,2,exact-ambiguous(unresolved:__aeabi_idiv0|__aeabi_ldiv0|__chibios_override_boardInit|__cpu_init|__late_init|__malloc_lock|__malloc_unlock|_fini|battery_stop|board_init|default_layer_debug|default_layer_state_set_user|dummy_cb|early_hardware_init_post|housekeeping_task_user|keyboard_post_init_user|keyboard_pre_init_user|layer_debug|layer_state_set_user|leader_start_user|led_init_ports|led_set_user|led_update_ports|matrix_init_user|matrix_power_down|matrix_power_up|matrix_print|matrix_scan_user|matrix_setup|notify_usb_device_state_change_user|oneshot_layer_changed_user|oneshot_locked_mods_changed_user|oneshot_mods_changed_user|post_process_record_user|rgb_matrix_none_indicators_user|suspend_power_down_user|suspend_wakeup_init_user|td0_reset|via_init_kb|via_set_layout_options_kb|wireless_enter_bluetooth_pin_code_entry_kb|wireless_enter_connected_kb|wireless_enter_discoverable_kb|wireless_enter_reconnecting_kb|wireless_enter_sleep_kb|wireless_exit_bluetooth_pin_code_entry_kb|wireless_post_task),"ref1011_default,ref1011_default_lto,ref1011_feat,ref1011_feat_lto,ref1011_via,ref1011_via_lto",
wireless_enter_discoverable_kb,0x0800DBC2,2,exact-ambiguous(unresolved:__aeabi_idiv0|__aeabi_ldiv0|__chibios_override_boardInit|__cpu_init|__late_init|__malloc_lock|__malloc_unlock|_fini|battery_stop|board_init|default_layer_debug|default_layer_state_set_user|dummy_cb|early_hardware_init_post|housekeeping_task_user|keyboard_post_init_user|keyboard_pre_init_user|layer_debug|layer_state_set_user|leader_start_user|led_init_ports|led_set_user|led_update_ports|matrix_init_user|matrix_power_down|matrix_power_up|matrix_print|matrix_scan_user|matrix_setup|notify_usb_device_state_change_user|oneshot_layer_changed_user|oneshot_locked_mods_changed_user|oneshot_mods_changed_user|post_process_record_user|rgb_matrix_none_indicators_user|suspend_power_down_user|suspend_wakeup_init_user|td0_reset|via_init_kb|via_set_layout_options_kb|wireless_enter_bluetooth_pin_code_entry_kb|wireless_enter_connected_kb|wireless_enter_discoverable_kb|wireless_enter_reconnecting_kb|wireless_enter_sleep_kb|wireless_exit_bluetooth_pin_code_entry_kb|wireless_post_task),"ref1011_default,ref1011_default_lto,ref1011_feat,ref1011_feat_lto,ref1011_via,ref1011_via_lto",
wireless_enter_discoverable_kb,0x08016700,2,exact-ambiguous(unresolved:__aeabi_idiv0|__aeabi_ldiv0|__chibios_override_boardInit|__cpu_init|__late_init|__malloc_lock|__malloc_unlock|_fini|battery_stop|board_init|default_layer_debug|default_layer_state_set_user|dummy_cb|early_hardware_init_post|housekeeping_task_user|keyboard_post_init_user|keyboard_pre_init_user|layer_debug|layer_state_set_user|leader_start_user|led_init_ports|led_set_user|led_update_ports|matrix_init_user|matrix_power_down|matrix_power_up|matrix_print|matrix_scan_user|matrix_setup|notify_usb_device_state_change_user|oneshot_layer_changed_user|oneshot_locked_mods_changed_user|oneshot_mods_changed_user|post_process_record_user|rgb_matrix_none_indicators_user|suspend_power_down_user|suspend_wakeup_init_user|td0_reset|via_init_kb|via_set_layout_options_kb|wireless_enter_bluetooth_pin_code_entry_kb|wireless_enter_connected_kb|wireless_enter_discoverable_kb|wireless_enter_reconnecting_kb|wireless_enter_sleep_kb|wireless_exit_bluetooth_pin_code_entry_kb|wireless_post_task),"ref1011_default,ref1011_default_lto,ref1011_feat,ref1011_feat_lto,ref1011_via,ref1011_via_lto",
wireless_enter_reconnecting_kb,0x0800896E,2,exact-ambiguous(unresolved:__aeabi_idiv0|__aeabi_ldiv0|__chibios_override_boardInit|__cpu_init|__late_init|__malloc_lock|__malloc_unlock|_fini|battery_stop|board_init|default_layer_debug|default_layer_state_set_user|dummy_cb|early_hardware_init_post|housekeeping_task_user|keyboard_post_init_user|keyboard_pre_init_user|layer_debug|layer_state_set_user|leader_start_user|led_init_ports|led_set_user|led_update_ports|matrix_init_user|matrix_power_down|matrix_power_up|matrix_print|matrix_scan_user|matrix_setup|notify_usb_device_state_change_user|oneshot_layer_changed_user|oneshot_locked_mods_changed_user|oneshot_mods_changed_user|post_process_record_user|rgb_matrix_none_indicators_user|suspend_power_down_user|suspend_wakeup_init_user|td0_reset|via_init_kb|via_set_layout_options_kb|wireless_enter_bluetooth_pin_code_entry_kb|wireless_enter_connected_kb|wireless_enter_discoverable_kb|wireless_enter_reconnecting_kb|wireless_enter_sleep_kb|wireless_exit_bluetooth_pin_code_entry_kb|wireless_post_task),"ref1011_default,ref1011_default_lto,ref1011_feat,ref1011_feat_lto,ref1011_via,ref1011_via_lto",
wireless_enter_reconnecting_kb,0x0800ED0C,2,exact-ambiguous(unresolved:__aeabi_idiv0|__aeabi_ldiv0|__chibios_override_boardInit|__cpu_init|__late_init|__malloc_lock|__malloc_unlock|_fini|battery_stop|board_init|default_layer_debug|default_layer_state_set_user|dummy_cb|early_hardware_init_post|housekeeping_task_user|keyboard_post_init_user|keyboard_pre_init_user|layer_debug|layer_state_set_user|leader_start_user|led_init_ports|led_set_user|led_update_ports|matrix_init_user|matrix_power_down|matrix_power_up|matrix_print|matrix_scan_user|matrix_setup|notify_usb_device_state_change_user|oneshot_layer_changed_user|oneshot_locked_mods_changed_user|oneshot_mods_changed_user|post_process_record_user|rgb_matrix_none_indicators_user|suspend_power_down_user|suspend_wakeup_init_user|td0_reset|via_init_kb|via_set_layout_options_kb|wireless_enter_bluetooth_pin_code_entry_kb|wireless_enter_connected_kb|wireless_enter_discoverable_kb|wireless_enter_reconnecting_kb|wireless_enter_sleep_kb|wireless_exit_bluetooth_pin_code_entry_kb|wireless_post_task),"ref1011_default,ref1011_default_lto,ref1011_feat,ref1011_feat_lto,ref1011_via,ref1011_via_lto",
wireless_enter_reconnecting_kb,0x0800FBA8,2,exact-ambiguous(unresolved:__aeabi_idiv0|__aeabi_ldiv0|__chibios_override_boardInit|__cpu_init|__late_init|__malloc_lock|__malloc_unlock|_fini|battery_stop|board_init|default_layer_debug|default_layer_state_set_user|dummy_cb|early_hardware_init_post|housekeeping_task_user|keyboard_post_init_user|keyboard_pre_init_user|layer_debug|layer_state_set_user|leader_start_user|led_init_ports|led_set_user|led_update_ports|matrix_init_user|matrix_power_down|matrix_power_up|matrix_print|matrix_scan_user|matrix_setup|notify_usb_device_state_change_user|oneshot_layer_changed_user|oneshot_locked_mods_changed_user|oneshot_mods_changed_user|post_process_record_user|rgb_matrix_none_indicators_user|suspend_power_down_user|suspend_wakeup_init_user|td0_reset|via_init_kb|via_set_layout_options_kb|wireless_enter_bluetooth_pin_code_entry_kb|wireless_enter_connected_kb|wireless_enter_discoverable_kb|wireless_enter_reconnecting_kb|wireless_enter_sleep_kb|wireless_exit_bluetooth_pin_code_entry_kb|wireless_post_task),"ref1011_default,ref1011_default_lto,ref1011_feat,ref1011_feat_lto,ref1011_via,ref1011_via_lto",
wireless_enter_reconnecting_kb,0x080127FC,2,exact-ambiguous(unresolved:__aeabi_idiv0|__aeabi_ldiv0|__chibios_override_boardInit|__cpu_init|__late_init|__malloc_lock|__malloc_unlock|_fini|battery_stop|board_init|default_layer_debug|default_layer_state_set_user|dummy_cb|early_hardware_init_post|housekeeping_task_user|keyboard_post_init_user|keyboard_pre_init_user|layer_debug|layer_state_set_user|leader_start_user|led_init_ports|led_set_user|led_update_ports|matrix_init_user|matrix_power_down|matrix_power_up|matrix_print|matrix_scan_user|matrix_setup|notify_usb_device_state_change_user|oneshot_layer_changed_user|oneshot_locked_mods_changed_user|oneshot_mods_changed_user|post_process_record_user|rgb_matrix_none_indicators_user|suspend_power_down_user|suspend_wakeup_init_user|td0_reset|via_init_kb|via_set_layout_options_kb|wireless_enter_bluetooth_pin_code_entry_kb|wireless_enter_connected_kb|wireless_enter_discoverable_kb|wireless_enter_reconnecting_kb|wireless_enter_sleep_kb|wireless_exit_bluetooth_pin_code_entry_kb|wireless_post_task),"ref1011_default,ref1011_default_lto,ref1011_feat,ref1011_feat_lto,ref1011_via,ref1011_via_lto",
wireless_enter_reconnecting_kb,0x08013AF8,2,exact-ambiguous(unresolved:__aeabi_idiv0|__aeabi_ldiv0|__chibios_override_boardInit|__cpu_init|__late_init|__malloc_lock|__malloc_unlock|_fini|battery_stop|board_init|default_layer_debug|default_layer_state_set_user|dummy_cb|early_hardware_init_post|housekeeping_task_user|keyboard_post_init_user|keyboard_pre_init_user|layer_debug|layer_state_set_user|leader_start_user|led_init_ports|led_set_user|led_update_ports|matrix_init_user|matrix_power_down|matrix_power_up|matrix_print|matrix_scan_user|matrix_setup|notify_usb_device_state_change_user|oneshot_layer_changed_user|oneshot_locked_mods_changed_user|oneshot_mods_changed_user|post_process_record_user|rgb_matrix_none_indicators_user|suspend_power_down_user|suspend_wakeup_init_user|td0_reset|via_init_kb|via_set_layout_options_kb|wireless_enter_bluetooth_pin_code_entry_kb|wireless_enter_connected_kb|wireless_enter_discoverable_kb|wireless_enter_reconnecting_kb|wireless_enter_sleep_kb|wireless_exit_bluetooth_pin_code_entry_kb|wireless_post_task),"ref1011_default,ref1011_default_lto,ref1011_feat,ref1011_feat_lto,ref1011_via,ref1011_via_lto",
wireless_enter_reconnecting_kb,0x08014894,2,exact-ambiguous(unresolved:__aeabi_idiv0|__aeabi_ldiv0|__chibios_override_boardInit|__cpu_init|__late_init|__malloc_lock|__malloc_unlock|_fini|battery_stop|board_init|default_layer_debug|default_layer_state_set_user|dummy_cb|early_hardware_init_post|housekeeping_task_user|keyboard_post_init_user|keyboard_pre_init_user|layer_debug|layer_state_set_user|leader_start_user|led_init_ports|led_set_user|led_update_ports|matrix_init_user|matrix_power_down|matrix_power_up|matrix_print|matrix_scan_user|matrix_setup|notify_usb_device_state_change_user|oneshot_layer_changed_user|oneshot_locked_mods_changed_user|oneshot_mods_changed_user|post_process_record_user|rgb_matrix_none_indicators_user|suspend_power_down_user|suspend_wakeup_init_user|td0_reset|via_init_kb|via_set_layout_options_kb|wireless_enter_bluetooth_pin_code_entry_kb|wireless_enter_connected_kb|wireless_enter_discoverable_kb|wireless_enter_reconnecting_kb|wireless_enter_sleep_kb|wireless_exit_bluetooth_pin_code_entry_kb|wireless_post_task),"ref1011_default,ref1011_default_lto,ref1011_feat,ref1011_feat_lto,ref1011_via,ref1011_via_lto",
wireless_enter_reconnecting_kb,0x08014C76,2,exact-ambiguous(unresolved:__aeabi_idiv0|__aeabi_ldiv0|__chibios_override_boardInit|__cpu_init|__late_init|__malloc_lock|__malloc_unlock|_fini|battery_stop|board_init|default_layer_debug|default_layer_state_set_user|dummy_cb|early_hardware_init_post|housekeeping_task_user|keyboard_post_init_user|keyboard_pre_init_user|layer_debug|layer_state_set_user|leader_start_user|led_init_ports|led_set_user|led_update_ports|matrix_init_user|matrix_power_down|matrix_power_up|matrix_print|matrix_scan_user|matrix_setup|notify_usb_device_state_change_user|oneshot_layer_changed_user|oneshot_locked_mods_changed_user|oneshot_mods_changed_user|post_process_record_user|rgb_matrix_none_indicators_user|suspend_power_down_user|suspend_wakeup_init_user|td0_reset|via_init_kb|via_set_layout_options_kb|wireless_enter_bluetooth_pin_code_entry_kb|wireless_enter_connected_kb|wireless_enter_discoverable_kb|wireless_enter_reconnecting_kb|wireless_enter_sleep_kb|wireless_exit_bluetooth_pin_code_entry_kb|wireless_post_task),"ref1011_default,ref1011_default_lto,ref1011_feat,ref1011_feat_lto,ref1011_via,ref1011_via_lto",
wireless_enter_reconnecting_kb,0x0800A42E,2,exact-ambiguous,"ref1011_default,ref1011_feat,ref1011_via",wireless_enter_reconnecting_kb:bl(fuzzy-paired) from wireless_event_task@0x0800A570+0x92
wireless_enter_reconnecting_kb,0x0800D4AE,2,exact-ambiguous(unresolved:__aeabi_idiv0|__aeabi_ldiv0|__chibios_override_boardInit|__cpu_init|__late_init|__malloc_lock|__malloc_unlock|_fini|battery_stop|board_init|default_layer_debug|default_layer_state_set_user|dummy_cb|early_hardware_init_post|housekeeping_task_user|keyboard_post_init_user|keyboard_pre_init_user|layer_debug|layer_state_set_user|leader_start_user|led_init_ports|led_set_user|led_update_ports|matrix_init_user|matrix_power_down|matrix_power_up|matrix_print|matrix_scan_user|matrix_setup|notify_usb_device_state_change_user|oneshot_layer_changed_user|oneshot_locked_mods_changed_user|oneshot_mods_changed_user|post_process_record_user|rgb_matrix_none_indicators_user|suspend_power_down_user|suspend_wakeup_init_user|td0_reset|via_init_kb|via_set_layout_options_kb|wireless_enter_bluetooth_pin_code_entry_kb|wireless_enter_connected_kb|wireless_enter_discoverable_kb|wireless_enter_reconnecting_kb|wireless_enter_sleep_kb|wireless_exit_bluetooth_pin_code_entry_kb|wireless_post_task),"ref1011_default,ref1011_default_lto,ref1011_feat,ref1011_feat_lto,ref1011_via,ref1011_via_lto",
wireless_enter_reconnecting_kb,0x0800DBC2,2,exact-ambiguous(unresolved:__aeabi_idiv0|__aeabi_ldiv0|__chibios_override_boardInit|__cpu_init|__late_init|__malloc_lock|__malloc_unlock|_fini|battery_stop|board_init|default_layer_debug|default_layer_state_set_user|dummy_cb|early_hardware_init_post|housekeeping_task_user|keyboard_post_init_user|keyboard_pre_init_user|layer_debug|layer_state_set_user|leader_start_user|led_init_ports|led_set_user|led_update_ports|matrix_init_user|matrix_power_down|matrix_power_up|matrix_print|matrix_scan_user|matrix_setup|notify_usb_device_state_change_user|oneshot_layer_changed_user|oneshot_locked_mods_changed_user|oneshot_mods_changed_user|post_process_record_user|rgb_matrix_none_indicators_user|suspend_power_down_user|suspend_wakeup_init_user|td0_reset|via_init_kb|via_set_layout_options_kb|wireless_enter_bluetooth_pin_code_entry_kb|wireless_enter_connected_kb|wireless_enter_discoverable_kb|wireless_enter_reconnecting_kb|wireless_enter_sleep_kb|wireless_exit_bluetooth_pin_code_entry_kb|wireless_post_task),"ref1011_default,ref1011_default_lto,ref1011_feat,ref1011_feat_lto,ref1011_via,ref1011_via_lto",
wireless_enter_reconnecting_kb,0x08016700,2,exact-ambiguous(unresolved:__aeabi_idiv0|__aeabi_ldiv0|__chibios_override_boardInit|__cpu_init|__late_init|__malloc_lock|__malloc_unlock|_fini|battery_stop|board_init|default_layer_debug|default_layer_state_set_user|dummy_cb|early_hardware_init_post|housekeeping_task_user|keyboard_post_init_user|keyboard_pre_init_user|layer_debug|layer_state_set_user|leader_start_user|led_init_ports|led_set_user|led_update_ports|matrix_init_user|matrix_power_down|matrix_power_up|matrix_print|matrix_scan_user|matrix_setup|notify_usb_device_state_change_user|oneshot_layer_changed_user|oneshot_locked_mods_changed_user|oneshot_mods_changed_user|post_process_record_user|rgb_matrix_none_indicators_user|suspend_power_down_user|suspend_wakeup_init_user|td0_reset|via_init_kb|via_set_layout_options_kb|wireless_enter_bluetooth_pin_code_entry_kb|wireless_enter_connected_kb|wireless_enter_discoverable_kb|wireless_enter_reconnecting_kb|wireless_enter_sleep_kb|wireless_exit_bluetooth_pin_code_entry_kb|wireless_post_task),"ref1011_default,ref1011_default_lto,ref1011_feat,ref1011_feat_lto,ref1011_via,ref1011_via_lto",
wireless_enter_disconnected_kb,0x0800C598,44,exact,"ref1011_default,ref1011_feat,ref1011_via",wireless_enter_disconnected_kb:bl(fuzzy-paired) from wireless_event_task@0x0800A570+0xDE
wireless_enter_bluetooth_pin_code_entry_kb,0x0800896E,2,exact-ambiguous(unresolved:__aeabi_idiv0|__aeabi_ldiv0|__chibios_override_boardInit|__cpu_init|__late_init|__malloc_lock|__malloc_unlock|_fini|battery_stop|board_init|default_layer_debug|default_layer_state_set_user|dummy_cb|early_hardware_init_post|housekeeping_task_user|keyboard_post_init_user|keyboard_pre_init_user|layer_debug|layer_state_set_user|leader_start_user|led_init_ports|led_set_user|led_update_ports|matrix_init_user|matrix_power_down|matrix_power_up|matrix_print|matrix_scan_user|matrix_setup|notify_usb_device_state_change_user|oneshot_layer_changed_user|oneshot_locked_mods_changed_user|oneshot_mods_changed_user|post_process_record_user|rgb_matrix_none_indicators_user|suspend_power_down_user|suspend_wakeup_init_user|td0_reset|via_init_kb|via_set_layout_options_kb|wireless_enter_bluetooth_pin_code_entry_kb|wireless_enter_connected_kb|wireless_enter_discoverable_kb|wireless_enter_reconnecting_kb|wireless_enter_sleep_kb|wireless_exit_bluetooth_pin_code_entry_kb|wireless_post_task),"ref1011_default,ref1011_default_lto,ref1011_feat,ref1011_feat_lto,ref1011_via,ref1011_via_lto",
wireless_enter_bluetooth_pin_code_entry_kb,0x0800ED0C,2,exact-ambiguous(unresolved:__aeabi_idiv0|__aeabi_ldiv0|__chibios_override_boardInit|__cpu_init|__late_init|__malloc_lock|__malloc_unlock|_fini|battery_stop|board_init|default_layer_debug|default_layer_state_set_user|dummy_cb|early_hardware_init_post|housekeeping_task_user|keyboard_post_init_user|keyboard_pre_init_user|layer_debug|layer_state_set_user|leader_start_user|led_init_ports|led_set_user|led_update_ports|matrix_init_user|matrix_power_down|matrix_power_up|matrix_print|matrix_scan_user|matrix_setup|notify_usb_device_state_change_user|oneshot_layer_changed_user|oneshot_locked_mods_changed_user|oneshot_mods_changed_user|post_process_record_user|rgb_matrix_none_indicators_user|suspend_power_down_user|suspend_wakeup_init_user|td0_reset|via_init_kb|via_set_layout_options_kb|wireless_enter_bluetooth_pin_code_entry_kb|wireless_enter_connected_kb|wireless_enter_discoverable_kb|wireless_enter_reconnecting_kb|wireless_enter_sleep_kb|wireless_exit_bluetooth_pin_code_entry_kb|wireless_post_task),"ref1011_default,ref1011_default_lto,ref1011_feat,ref1011_feat_lto,ref1011_via,ref1011_via_lto",
wireless_enter_bluetooth_pin_code_entry_kb,0x0800FBA8,2,exact-ambiguous(unresolved:__aeabi_idiv0|__aeabi_ldiv0|__chibios_override_boardInit|__cpu_init|__late_init|__malloc_lock|__malloc_unlock|_fini|battery_stop|board_init|default_layer_debug|default_layer_state_set_user|dummy_cb|early_hardware_init_post|housekeeping_task_user|keyboard_post_init_user|keyboard_pre_init_user|layer_debug|layer_state_set_user|leader_start_user|led_init_ports|led_set_user|led_update_ports|matrix_init_user|matrix_power_down|matrix_power_up|matrix_print|matrix_scan_user|matrix_setup|notify_usb_device_state_change_user|oneshot_layer_changed_user|oneshot_locked_mods_changed_user|oneshot_mods_changed_user|post_process_record_user|rgb_matrix_none_indicators_user|suspend_power_down_user|suspend_wakeup_init_user|td0_reset|via_init_kb|via_set_layout_options_kb|wireless_enter_bluetooth_pin_code_entry_kb|wireless_enter_connected_kb|wireless_enter_discoverable_kb|wireless_enter_reconnecting_kb|wireless_enter_sleep_kb|wireless_exit_bluetooth_pin_code_entry_kb|wireless_post_task),"ref1011_default,ref1011_default_lto,ref1011_feat,ref1011_feat_lto,ref1011_via,ref1011_via_lto",
wireless_enter_bluetooth_pin_code_entry_kb,0x080127FC,2,exact-ambiguous(unresolved:__aeabi_idiv0|__aeabi_ldiv0|__chibios_override_boardInit|__cpu_init|__late_init|__malloc_lock|__malloc_unlock|_fini|battery_stop|board_init|default_layer_debug|default_layer_state_set_user|dummy_cb|early_hardware_init_post|housekeeping_task_user|keyboard_post_init_user|keyboard_pre_init_user|layer_debug|layer_state_set_user|leader_start_user|led_init_ports|led_set_user|led_update_ports|matrix_init_user|matrix_power_down|matrix_power_up|matrix_print|matrix_scan_user|matrix_setup|notify_usb_device_state_change_user|oneshot_layer_changed_user|oneshot_locked_mods_changed_user|oneshot_mods_changed_user|post_process_record_user|rgb_matrix_none_indicators_user|suspend_power_down_user|suspend_wakeup_init_user|td0_reset|via_init_kb|via_set_layout_options_kb|wireless_enter_bluetooth_pin_code_entry_kb|wireless_enter_connected_kb|wireless_enter_discoverable_kb|wireless_enter_reconnecting_kb|wireless_enter_sleep_kb|wireless_exit_bluetooth_pin_code_entry_kb|wireless_post_task),"ref1011_default,ref1011_default_lto,ref1011_feat,ref1011_feat_lto,ref1011_via,ref1011_via_lto",
wireless_enter_bluetooth_pin_code_entry_kb,0x08013AF8,2,exact-ambiguous(unresolved:__aeabi_idiv0|__aeabi_ldiv0|__chibios_override_boardInit|__cpu_init|__late_init|__malloc_lock|__malloc_unlock|_fini|battery_stop|board_init|default_layer_debug|default_layer_state_set_user|dummy_cb|early_hardware_init_post|housekeeping_task_user|keyboard_post_init_user|keyboard_pre_init_user|layer_debug|layer_state_set_user|leader_start_user|led_init_ports|led_set_user|led_update_ports|matrix_init_user|matrix_power_down|matrix_power_up|matrix_print|matrix_scan_user|matrix_setup|notify_usb_device_state_change_user|oneshot_layer_changed_user|oneshot_locked_mods_changed_user|oneshot_mods_changed_user|post_process_record_user|rgb_matrix_none_indicators_user|suspend_power_down_user|suspend_wakeup_init_user|td0_reset|via_init_kb|via_set_layout_options_kb|wireless_enter_bluetooth_pin_code_entry_kb|wireless_enter_connected_kb|wireless_enter_discoverable_kb|wireless_enter_reconnecting_kb|wireless_enter_sleep_kb|wireless_exit_bluetooth_pin_code_entry_kb|wireless_post_task),"ref1011_default,ref1011_default_lto,ref1011_feat,ref1011_feat_lto,ref1011_via,ref1011_via_lto",
wireless_enter_bluetooth_pin_code_entry_kb,0x08014894,2,exact-ambiguous(unresolved:__aeabi_idiv0|__aeabi_ldiv0|__chibios_override_boardInit|__cpu_init|__late_init|__malloc_lock|__malloc_unlock|_fini|battery_stop|board_init|default_layer_debug|default_layer_state_set_user|dummy_cb|early_hardware_init_post|housekeeping_task_user|keyboard_post_init_user|keyboard_pre_init_user|layer_debug|layer_state_set_user|leader_start_user|led_init_ports|led_set_user|led_update_ports|matrix_init_user|matrix_power_down|matrix_power_up|matrix_print|matrix_scan_user|matrix_setup|notify_usb_device_state_change_user|oneshot_layer_changed_user|oneshot_locked_mods_changed_user|oneshot_mods_changed_user|post_process_record_user|rgb_matrix_none_indicators_user|suspend_power_down_user|suspend_wakeup_init_user|td0_reset|via_init_kb|via_set_layout_options_kb|wireless_enter_bluetooth_pin_code_entry_kb|wireless_enter_connected_kb|wireless_enter_discoverable_kb|wireless_enter_reconnecting_kb|wireless_enter_sleep_kb|wireless_exit_bluetooth_pin_code_entry_kb|wireless_post_task),"ref1011_default,ref1011_default_lto,ref1011_feat,ref1011_feat_lto,ref1011_via,ref1011_via_lto",
wireless_enter_bluetooth_pin_code_entry_kb,0x08014C76,2,exact-ambiguous(unresolved:__aeabi_idiv0|__aeabi_ldiv0|__chibios_override_boardInit|__cpu_init|__late_init|__malloc_lock|__malloc_unlock|_fini|battery_stop|board_init|default_layer_debug|default_layer_state_set_user|dummy_cb|early_hardware_init_post|housekeeping_task_user|keyboard_post_init_user|keyboard_pre_init_user|layer_debug|layer_state_set_user|leader_start_user|led_init_ports|led_set_user|led_update_ports|matrix_init_user|matrix_power_down|matrix_power_up|matrix_print|matrix_scan_user|matrix_setup|notify_usb_device_state_change_user|oneshot_layer_changed_user|oneshot_locked_mods_changed_user|oneshot_mods_changed_user|post_process_record_user|rgb_matrix_none_indicators_user|suspend_power_down_user|suspend_wakeup_init_user|td0_reset|via_init_kb|via_set_layout_options_kb|wireless_enter_bluetooth_pin_code_entry_kb|wireless_enter_connected_kb|wireless_enter_discoverable_kb|wireless_enter_reconnecting_kb|wireless_enter_sleep_kb|wireless_exit_bluetooth_pin_code_entry_kb|wireless_post_task),"ref1011_default,ref1011_default_lto,ref1011_feat,ref1011_feat_lto,ref1011_via,ref1011_via_lto",
wireless_enter_bluetooth_pin_code_entry_kb,0x0800D4AE,2,exact-ambiguous(unresolved:__aeabi_idiv0|__aeabi_ldiv0|__chibios_override_boardInit|__cpu_init|__late_init|__malloc_lock|__malloc_unlock|_fini|battery_stop|board_init|default_layer_debug|default_layer_state_set_user|dummy_cb|early_hardware_init_post|housekeeping_task_user|keyboard_post_init_user|keyboard_pre_init_user|layer_debug|layer_state_set_user|leader_start_user|led_init_ports|led_set_user|led_update_ports|matrix_init_user|matrix_power_down|matrix_power_up|matrix_print|matrix_scan_user|matrix_setup|notify_usb_device_state_change_user|oneshot_layer_changed_user|oneshot_locked_mods_changed_user|oneshot_mods_changed_user|post_process_record_user|rgb_matrix_none_indicators_user|suspend_power_down_user|suspend_wakeup_init_user|td0_reset|via_init_kb|via_set_layout_options_kb|wireless_enter_bluetooth_pin_code_entry_kb|wireless_enter_connected_kb|wireless_enter_discoverable_kb|wireless_enter_reconnecting_kb|wireless_enter_sleep_kb|wireless_exit_bluetooth_pin_code_entry_kb|wireless_post_task),"ref1011_default,ref1011_default_lto,ref1011_feat,ref1011_feat_lto,ref1011_via,ref1011_via_lto",
wireless_enter_bluetooth_pin_code_entry_kb,0x0800DBC2,2,exact-ambiguous(unresolved:__aeabi_idiv0|__aeabi_ldiv0|__chibios_override_boardInit|__cpu_init|__late_init|__malloc_lock|__malloc_unlock|_fini|battery_stop|board_init|default_layer_debug|default_layer_state_set_user|dummy_cb|early_hardware_init_post|housekeeping_task_user|keyboard_post_init_user|keyboard_pre_init_user|layer_debug|layer_state_set_user|leader_start_user|led_init_ports|led_set_user|led_update_ports|matrix_init_user|matrix_power_down|matrix_power_up|matrix_print|matrix_scan_user|matrix_setup|notify_usb_device_state_change_user|oneshot_layer_changed_user|oneshot_locked_mods_changed_user|oneshot_mods_changed_user|post_process_record_user|rgb_matrix_none_indicators_user|suspend_power_down_user|suspend_wakeup_init_user|td0_reset|via_init_kb|via_set_layout_options_kb|wireless_enter_bluetooth_pin_code_entry_kb|wireless_enter_connected_kb|wireless_enter_discoverable_kb|wireless_enter_reconnecting_kb|wireless_enter_sleep_kb|wireless_exit_bluetooth_pin_code_entry_kb|wireless_post_task),"ref1011_default,ref1011_default_lto,ref1011_feat,ref1011_feat_lto,ref1011_via,ref1011_via_lto",
wireless_enter_bluetooth_pin_code_entry_kb,0x08016700,2,exact-ambiguous(unresolved:__aeabi_idiv0|__aeabi_ldiv0|__chibios_override_boardInit|__cpu_init|__late_init|__malloc_lock|__malloc_unlock|_fini|battery_stop|board_init|default_layer_debug|default_layer_state_set_user|dummy_cb|early_hardware_init_post|housekeeping_task_user|keyboard_post_init_user|keyboard_pre_init_user|layer_debug|layer_state_set_user|leader_start_user|led_init_ports|led_set_user|led_update_ports|matrix_init_user|matrix_power_down|matrix_power_up|matrix_print|matrix_scan_user|matrix_setup|notify_usb_device_state_change_user|oneshot_layer_changed_user|oneshot_locked_mods_changed_user|oneshot_mods_changed_user|post_process_record_user|rgb_matrix_none_indicators_user|suspend_power_down_user|suspend_wakeup_init_user|td0_reset|via_init_kb|via_set_layout_options_kb|wireless_enter_bluetooth_pin_code_entry_kb|wireless_enter_connected_kb|wireless_enter_discoverable_kb|wireless_enter_reconnecting_kb|wireless_enter_sleep_kb|wireless_exit_bluetooth_pin_code_entry_kb|wireless_post_task),"ref1011_default,ref1011_default_lto,ref1011_feat,ref1011_feat_lto,ref1011_via,ref1011_via_lto",
wireless_enter_bluetooth_pin_code_entry_kb,0x0800A432,2,exact-ambiguous,"ref1011_default,ref1011_default_lto,ref1011_feat,ref1011_feat_lto,ref1011_via,ref1011_via_lto",wireless_enter_bluetooth_pin_code_entry_kb:bl(fuzzy-paired) from wireless_event_task@0x0800A570+0x106
wireless_exit_bluetooth_pin_code_entry_kb,0x0800896E,2,exact-ambiguous(unresolved:__aeabi_idiv0|__aeabi_ldiv0|__chibios_override_boardInit|__cpu_init|__late_init|__malloc_lock|__malloc_unlock|_fini|battery_stop|board_init|default_layer_debug|default_layer_state_set_user|dummy_cb|early_hardware_init_post|housekeeping_task_user|keyboard_post_init_user|keyboard_pre_init_user|layer_debug|layer_state_set_user|leader_start_user|led_init_ports|led_set_user|led_update_ports|matrix_init_user|matrix_power_down|matrix_power_up|matrix_print|matrix_scan_user|matrix_setup|notify_usb_device_state_change_user|oneshot_layer_changed_user|oneshot_locked_mods_changed_user|oneshot_mods_changed_user|post_process_record_user|rgb_matrix_none_indicators_user|suspend_power_down_user|suspend_wakeup_init_user|td0_reset|via_init_kb|via_set_layout_options_kb|wireless_enter_bluetooth_pin_code_entry_kb|wireless_enter_connected_kb|wireless_enter_discoverable_kb|wireless_enter_reconnecting_kb|wireless_enter_sleep_kb|wireless_exit_bluetooth_pin_code_entry_kb|wireless_post_task),"ref1011_default,ref1011_default_lto,ref1011_feat,ref1011_feat_lto,ref1011_via,ref1011_via_lto",
wireless_exit_bluetooth_pin_code_entry_kb,0x0800ED0C,2,exact-ambiguous(unresolved:__aeabi_idiv0|__aeabi_ldiv0|__chibios_override_boardInit|__cpu_init|__late_init|__malloc_lock|__malloc_unlock|_fini|battery_stop|board_init|default_layer_debug|default_layer_state_set_user|dummy_cb|early_hardware_init_post|housekeeping_task_user|keyboard_post_init_user|keyboard_pre_init_user|layer_debug|layer_state_set_user|leader_start_user|led_init_ports|led_set_user|led_update_ports|matrix_init_user|matrix_power_down|matrix_power_up|matrix_print|matrix_scan_user|matrix_setup|notify_usb_device_state_change_user|oneshot_layer_changed_user|oneshot_locked_mods_changed_user|oneshot_mods_changed_user|post_process_record_user|rgb_matrix_none_indicators_user|suspend_power_down_user|suspend_wakeup_init_user|td0_reset|via_init_kb|via_set_layout_options_kb|wireless_enter_bluetooth_pin_code_entry_kb|wireless_enter_connected_kb|wireless_enter_discoverable_kb|wireless_enter_reconnecting_kb|wireless_enter_sleep_kb|wireless_exit_bluetooth_pin_code_entry_kb|wireless_post_task),"ref1011_default,ref1011_default_lto,ref1011_feat,ref1011_feat_lto,ref1011_via,ref1011_via_lto",
wireless_exit_bluetooth_pin_code_entry_kb,0x0800FBA8,2,exact-ambiguous(unresolved:__aeabi_idiv0|__aeabi_ldiv0|__chibios_override_boardInit|__cpu_init|__late_init|__malloc_lock|__malloc_unlock|_fini|battery_stop|board_init|default_layer_debug|default_layer_state_set_user|dummy_cb|early_hardware_init_post|housekeeping_task_user|keyboard_post_init_user|keyboard_pre_init_user|layer_debug|layer_state_set_user|leader_start_user|led_init_ports|led_set_user|led_update_ports|matrix_init_user|matrix_power_down|matrix_power_up|matrix_print|matrix_scan_user|matrix_setup|notify_usb_device_state_change_user|oneshot_layer_changed_user|oneshot_locked_mods_changed_user|oneshot_mods_changed_user|post_process_record_user|rgb_matrix_none_indicators_user|suspend_power_down_user|suspend_wakeup_init_user|td0_reset|via_init_kb|via_set_layout_options_kb|wireless_enter_bluetooth_pin_code_entry_kb|wireless_enter_connected_kb|wireless_enter_discoverable_kb|wireless_enter_reconnecting_kb|wireless_enter_sleep_kb|wireless_exit_bluetooth_pin_code_entry_kb|wireless_post_task),"ref1011_default,ref1011_default_lto,ref1011_feat,ref1011_feat_lto,ref1011_via,ref1011_via_lto",
wireless_exit_bluetooth_pin_code_entry_kb,0x080127FC,2,exact-ambiguous(unresolved:__aeabi_idiv0|__aeabi_ldiv0|__chibios_override_boardInit|__cpu_init|__late_init|__malloc_lock|__malloc_unlock|_fini|battery_stop|board_init|default_layer_debug|default_layer_state_set_user|dummy_cb|early_hardware_init_post|housekeeping_task_user|keyboard_post_init_user|keyboard_pre_init_user|layer_debug|layer_state_set_user|leader_start_user|led_init_ports|led_set_user|led_update_ports|matrix_init_user|matrix_power_down|matrix_power_up|matrix_print|matrix_scan_user|matrix_setup|notify_usb_device_state_change_user|oneshot_layer_changed_user|oneshot_locked_mods_changed_user|oneshot_mods_changed_user|post_process_record_user|rgb_matrix_none_indicators_user|suspend_power_down_user|suspend_wakeup_init_user|td0_reset|via_init_kb|via_set_layout_options_kb|wireless_enter_bluetooth_pin_code_entry_kb|wireless_enter_connected_kb|wireless_enter_discoverable_kb|wireless_enter_reconnecting_kb|wireless_enter_sleep_kb|wireless_exit_bluetooth_pin_code_entry_kb|wireless_post_task),"ref1011_default,ref1011_default_lto,ref1011_feat,ref1011_feat_lto,ref1011_via,ref1011_via_lto",
wireless_exit_bluetooth_pin_code_entry_kb,0x08013AF8,2,exact-ambiguous(unresolved:__aeabi_idiv0|__aeabi_ldiv0|__chibios_override_boardInit|__cpu_init|__late_init|__malloc_lock|__malloc_unlock|_fini|battery_stop|board_init|default_layer_debug|default_layer_state_set_user|dummy_cb|early_hardware_init_post|housekeeping_task_user|keyboard_post_init_user|keyboard_pre_init_user|layer_debug|layer_state_set_user|leader_start_user|led_init_ports|led_set_user|led_update_ports|matrix_init_user|matrix_power_down|matrix_power_up|matrix_print|matrix_scan_user|matrix_setup|notify_usb_device_state_change_user|oneshot_layer_changed_user|oneshot_locked_mods_changed_user|oneshot_mods_changed_user|post_process_record_user|rgb_matrix_none_indicators_user|suspend_power_down_user|suspend_wakeup_init_user|td0_reset|via_init_kb|via_set_layout_options_kb|wireless_enter_bluetooth_pin_code_entry_kb|wireless_enter_connected_kb|wireless_enter_discoverable_kb|wireless_enter_reconnecting_kb|wireless_enter_sleep_kb|wireless_exit_bluetooth_pin_code_entry_kb|wireless_post_task),"ref1011_default,ref1011_default_lto,ref1011_feat,ref1011_feat_lto,ref1011_via,ref1011_via_lto",
wireless_exit_bluetooth_pin_code_entry_kb,0x08014894,2,exact-ambiguous(unresolved:__aeabi_idiv0|__aeabi_ldiv0|__chibios_override_boardInit|__cpu_init|__late_init|__malloc_lock|__malloc_unlock|_fini|battery_stop|board_init|default_layer_debug|default_layer_state_set_user|dummy_cb|early_hardware_init_post|housekeeping_task_user|keyboard_post_init_user|keyboard_pre_init_user|layer_debug|layer_state_set_user|leader_start_user|led_init_ports|led_set_user|led_update_ports|matrix_init_user|matrix_power_down|matrix_power_up|matrix_print|matrix_scan_user|matrix_setup|notify_usb_device_state_change_user|oneshot_layer_changed_user|oneshot_locked_mods_changed_user|oneshot_mods_changed_user|post_process_record_user|rgb_matrix_none_indicators_user|suspend_power_down_user|suspend_wakeup_init_user|td0_reset|via_init_kb|via_set_layout_options_kb|wireless_enter_bluetooth_pin_code_entry_kb|wireless_enter_connected_kb|wireless_enter_discoverable_kb|wireless_enter_reconnecting_kb|wireless_enter_sleep_kb|wireless_exit_bluetooth_pin_code_entry_kb|wireless_post_task),"ref1011_default,ref1011_default_lto,ref1011_feat,ref1011_feat_lto,ref1011_via,ref1011_via_lto",
wireless_exit_bluetooth_pin_code_entry_kb,0x08014C76,2,exact-ambiguous(unresolved:__aeabi_idiv0|__aeabi_ldiv0|__chibios_override_boardInit|__cpu_init|__late_init|__malloc_lock|__malloc_unlock|_fini|battery_stop|board_init|default_layer_debug|default_layer_state_set_user|dummy_cb|early_hardware_init_post|housekeeping_task_user|keyboard_post_init_user|keyboard_pre_init_user|layer_debug|layer_state_set_user|leader_start_user|led_init_ports|led_set_user|led_update_ports|matrix_init_user|matrix_power_down|matrix_power_up|matrix_print|matrix_scan_user|matrix_setup|notify_usb_device_state_change_user|oneshot_layer_changed_user|oneshot_locked_mods_changed_user|oneshot_mods_changed_user|post_process_record_user|rgb_matrix_none_indicators_user|suspend_power_down_user|suspend_wakeup_init_user|td0_reset|via_init_kb|via_set_layout_options_kb|wireless_enter_bluetooth_pin_code_entry_kb|wireless_enter_connected_kb|wireless_enter_discoverable_kb|wireless_enter_reconnecting_kb|wireless_enter_sleep_kb|wireless_exit_bluetooth_pin_code_entry_kb|wireless_post_task),"ref1011_default,ref1011_default_lto,ref1011_feat,ref1011_feat_lto,ref1011_via,ref1011_via_lto",
wireless_exit_bluetooth_pin_code_entry_kb,0x0800A434,2,exact-ambiguous,"ref1011_default,ref1011_feat,ref1011_via",wireless_exit_bluetooth_pin_code_entry_kb:bl(fuzzy-paired) from wireless_event_task@0x0800A570+0x11C
wireless_exit_bluetooth_pin_code_entry_kb,0x0800D4AE,2,exact-ambiguous(unresolved:__aeabi_idiv0|__aeabi_ldiv0|__chibios_override_boardInit|__cpu_init|__late_init|__malloc_lock|__malloc_unlock|_fini|battery_stop|board_init|default_layer_debug|default_layer_state_set_user|dummy_cb|early_hardware_init_post|housekeeping_task_user|keyboard_post_init_user|keyboard_pre_init_user|layer_debug|layer_state_set_user|leader_start_user|led_init_ports|led_set_user|led_update_ports|matrix_init_user|matrix_power_down|matrix_power_up|matrix_print|matrix_scan_user|matrix_setup|notify_usb_device_state_change_user|oneshot_layer_changed_user|oneshot_locked_mods_changed_user|oneshot_mods_changed_user|post_process_record_user|rgb_matrix_none_indicators_user|suspend_power_down_user|suspend_wakeup_init_user|td0_reset|via_init_kb|via_set_layout_options_kb|wireless_enter_bluetooth_pin_code_entry_kb|wireless_enter_connected_kb|wireless_enter_discoverable_kb|wireless_enter_reconnecting_kb|wireless_enter_sleep_kb|wireless_exit_bluetooth_pin_code_entry_kb|wireless_post_task),"ref1011_default,ref1011_default_lto,ref1011_feat,ref1011_feat_lto,ref1011_via,ref1011_via_lto",
wireless_exit_bluetooth_pin_code_entry_kb,0x0800DBC2,2,exact-ambiguous(unresolved:__aeabi_idiv0|__aeabi_ldiv0|__chibios_override_boardInit|__cpu_init|__late_init|__malloc_lock|__malloc_unlock|_fini|battery_stop|board_init|default_layer_debug|default_layer_state_set_user|dummy_cb|early_hardware_init_post|housekeeping_task_user|keyboard_post_init_user|keyboard_pre_init_user|layer_debug|layer_state_set_user|leader_start_user|led_init_ports|led_set_user|led_update_ports|matrix_init_user|matrix_power_down|matrix_power_up|matrix_print|matrix_scan_user|matrix_setup|notify_usb_device_state_change_user|oneshot_layer_changed_user|oneshot_locked_mods_changed_user|oneshot_mods_changed_user|post_process_record_user|rgb_matrix_none_indicators_user|suspend_power_down_user|suspend_wakeup_init_user|td0_reset|via_init_kb|via_set_layout_options_kb|wireless_enter_bluetooth_pin_code_entry_kb|wireless_enter_connected_kb|wireless_enter_discoverable_kb|wireless_enter_reconnecting_kb|wireless_enter_sleep_kb|wireless_exit_bluetooth_pin_code_entry_kb|wireless_post_task),"ref1011_default,ref1011_default_lto,ref1011_feat,ref1011_feat_lto,ref1011_via,ref1011_via_lto",
wireless_exit_bluetooth_pin_code_entry_kb,0x08016700,2,exact-ambiguous(unresolved:__aeabi_idiv0|__aeabi_ldiv0|__chibios_override_boardInit|__cpu_init|__late_init|__malloc_lock|__malloc_unlock|_fini|battery_stop|board_init|default_layer_debug|default_layer_state_set_user|dummy_cb|early_hardware_init_post|housekeeping_task_user|keyboard_post_init_user|keyboard_pre_init_user|layer_debug|layer_state_set_user|leader_start_user|led_init_ports|led_set_user|led_update_ports|matrix_init_user|matrix_power_down|matrix_power_up|matrix_print|matrix_scan_user|matrix_setup|notify_usb_device_state_change_user|oneshot_layer_changed_user|oneshot_locked_mods_changed_user|oneshot_mods_changed_user|post_process_record_user|rgb_matrix_none_indicators_user|suspend_power_down_user|suspend_wakeup_init_user|td0_reset|via_init_kb|via_set_layout_options_kb|wireless_enter_bluetooth_pin_code_entry_kb|wireless_enter_connected_kb|wireless_enter_discoverable_kb|wireless_enter_reconnecting_kb|wireless_enter_sleep_kb|wireless_exit_bluetooth_pin_code_entry_kb|wireless_post_task),"ref1011_default,ref1011_default_lto,ref1011_feat,ref1011_feat_lto,ref1011_via,ref1011_via_lto",
wireless_enter_sleep_kb,0x0800896E,2,exact-ambiguous(unresolved:__aeabi_idiv0|__aeabi_ldiv0|__chibios_override_boardInit|__cpu_init|__late_init|__malloc_lock|__malloc_unlock|_fini|battery_stop|board_init|default_layer_debug|default_layer_state_set_user|dummy_cb|early_hardware_init_post|housekeeping_task_user|keyboard_post_init_user|keyboard_pre_init_user|layer_debug|layer_state_set_user|leader_start_user|led_init_ports|led_set_user|led_update_ports|matrix_init_user|matrix_power_down|matrix_power_up|matrix_print|matrix_scan_user|matrix_setup|notify_usb_device_state_change_user|oneshot_layer_changed_user|oneshot_locked_mods_changed_user|oneshot_mods_changed_user|post_process_record_user|rgb_matrix_none_indicators_user|suspend_power_down_user|suspend_wakeup_init_user|td0_reset|via_init_kb|via_set_layout_options_kb|wireless_enter_bluetooth_pin_code_entry_kb|wireless_enter_connected_kb|wireless_enter_discoverable_kb|wireless_enter_reconnecting_kb|wireless_enter_sleep_kb|wireless_exit_bluetooth_pin_code_entry_kb|wireless_post_task),"ref1011_default,ref1011_default_lto,ref1011_feat,ref1011_feat_lto,ref1011_via,ref1011_via_lto",
wireless_enter_sleep_kb,0x0800A436,2,exact-ambiguous,"ref1011_default,ref1011_feat,ref1011_via",wireless_enter_sleep_kb:bl(fuzzy-paired) from wireless_event_task@0x0800A570+0x138
wireless_enter_sleep_kb,0x0800ED0C,2,exact-ambiguous(unresolved:__aeabi_idiv0|__aeabi_ldiv0|__chibios_override_boardInit|__cpu_init|__late_init|__malloc_lock|__malloc_unlock|_fini|battery_stop|board_init|default_layer_debug|default_layer_state_set_user|dummy_cb|early_hardware_init_post|housekeeping_task_user|keyboard_post_init_user|keyboard_pre_init_user|layer_debug|layer_state_set_user|leader_start_user|led_init_ports|led_set_user|led_update_ports|matrix_init_user|matrix_power_down|matrix_power_up|matrix_print|matrix_scan_user|matrix_setup|notify_usb_device_state_change_user|oneshot_layer_changed_user|oneshot_locked_mods_changed_user|oneshot_mods_changed_user|post_process_record_user|rgb_matrix_none_indicators_user|suspend_power_down_user|suspend_wakeup_init_user|td0_reset|via_init_kb|via_set_layout_options_kb|wireless_enter_bluetooth_pin_code_entry_kb|wireless_enter_connected_kb|wireless_enter_discoverable_kb|wireless_enter_reconnecting_kb|wireless_enter_sleep_kb|wireless_exit_bluetooth_pin_code_entry_kb|wireless_post_task),"ref1011_default,ref1011_default_lto,ref1011_feat,ref1011_feat_lto,ref1011_via,ref1011_via_lto",
wireless_enter_sleep_kb,0x0800FBA8,2,exact-ambiguous(unresolved:__aeabi_idiv0|__aeabi_ldiv0|__chibios_override_boardInit|__cpu_init|__late_init|__malloc_lock|__malloc_unlock|_fini|battery_stop|board_init|default_layer_debug|default_layer_state_set_user|dummy_cb|early_hardware_init_post|housekeeping_task_user|keyboard_post_init_user|keyboard_pre_init_user|layer_debug|layer_state_set_user|leader_start_user|led_init_ports|led_set_user|led_update_ports|matrix_init_user|matrix_power_down|matrix_power_up|matrix_print|matrix_scan_user|matrix_setup|notify_usb_device_state_change_user|oneshot_layer_changed_user|oneshot_locked_mods_changed_user|oneshot_mods_changed_user|post_process_record_user|rgb_matrix_none_indicators_user|suspend_power_down_user|suspend_wakeup_init_user|td0_reset|via_init_kb|via_set_layout_options_kb|wireless_enter_bluetooth_pin_code_entry_kb|wireless_enter_connected_kb|wireless_enter_discoverable_kb|wireless_enter_reconnecting_kb|wireless_enter_sleep_kb|wireless_exit_bluetooth_pin_code_entry_kb|wireless_post_task),"ref1011_default,ref1011_default_lto,ref1011_feat,ref1011_feat_lto,ref1011_via,ref1011_via_lto",
wireless_enter_sleep_kb,0x080127FC,2,exact-ambiguous(unresolved:__aeabi_idiv0|__aeabi_ldiv0|__chibios_override_boardInit|__cpu_init|__late_init|__malloc_lock|__malloc_unlock|_fini|battery_stop|board_init|default_layer_debug|default_layer_state_set_user|dummy_cb|early_hardware_init_post|housekeeping_task_user|keyboard_post_init_user|keyboard_pre_init_user|layer_debug|layer_state_set_user|leader_start_user|led_init_ports|led_set_user|led_update_ports|matrix_init_user|matrix_power_down|matrix_power_up|matrix_print|matrix_scan_user|matrix_setup|notify_usb_device_state_change_user|oneshot_layer_changed_user|oneshot_locked_mods_changed_user|oneshot_mods_changed_user|post_process_record_user|rgb_matrix_none_indicators_user|suspend_power_down_user|suspend_wakeup_init_user|td0_reset|via_init_kb|via_set_layout_options_kb|wireless_enter_bluetooth_pin_code_entry_kb|wireless_enter_connected_kb|wireless_enter_discoverable_kb|wireless_enter_reconnecting_kb|wireless_enter_sleep_kb|wireless_exit_bluetooth_pin_code_entry_kb|wireless_post_task),"ref1011_default,ref1011_default_lto,ref1011_feat,ref1011_feat_lto,ref1011_via,ref1011_via_lto",
wireless_enter_sleep_kb,0x08013AF8,2,exact-ambiguous(unresolved:__aeabi_idiv0|__aeabi_ldiv0|__chibios_override_boardInit|__cpu_init|__late_init|__malloc_lock|__malloc_unlock|_fini|battery_stop|board_init|default_layer_debug|default_layer_state_set_user|dummy_cb|early_hardware_init_post|housekeeping_task_user|keyboard_post_init_user|keyboard_pre_init_user|layer_debug|layer_state_set_user|leader_start_user|led_init_ports|led_set_user|led_update_ports|matrix_init_user|matrix_power_down|matrix_power_up|matrix_print|matrix_scan_user|matrix_setup|notify_usb_device_state_change_user|oneshot_layer_changed_user|oneshot_locked_mods_changed_user|oneshot_mods_changed_user|post_process_record_user|rgb_matrix_none_indicators_user|suspend_power_down_user|suspend_wakeup_init_user|td0_reset|via_init_kb|via_set_layout_options_kb|wireless_enter_bluetooth_pin_code_entry_kb|wireless_enter_connected_kb|wireless_enter_discoverable_kb|wireless_enter_reconnecting_kb|wireless_enter_sleep_kb|wireless_exit_bluetooth_pin_code_entry_kb|wireless_post_task),"ref1011_default,ref1011_default_lto,ref1011_feat,ref1011_feat_lto,ref1011_via,ref1011_via_lto",
wireless_enter_sleep_kb,0x08014894,2,exact-ambiguous(unresolved:__aeabi_idiv0|__aeabi_ldiv0|__chibios_override_boardInit|__cpu_init|__late_init|__malloc_lock|__malloc_unlock|_fini|battery_stop|board_init|default_layer_debug|default_layer_state_set_user|dummy_cb|early_hardware_init_post|housekeeping_task_user|keyboard_post_init_user|keyboard_pre_init_user|layer_debug|layer_state_set_user|leader_start_user|led_init_ports|led_set_user|led_update_ports|matrix_init_user|matrix_power_down|matrix_power_up|matrix_print|matrix_scan_user|matrix_setup|notify_usb_device_state_change_user|oneshot_layer_changed_user|oneshot_locked_mods_changed_user|oneshot_mods_changed_user|post_process_record_user|rgb_matrix_none_indicators_user|suspend_power_down_user|suspend_wakeup_init_user|td0_reset|via_init_kb|via_set_layout_options_kb|wireless_enter_bluetooth_pin_code_entry_kb|wireless_enter_connected_kb|wireless_enter_discoverable_kb|wireless_enter_reconnecting_kb|wireless_enter_sleep_kb|wireless_exit_bluetooth_pin_code_entry_kb|wireless_post_task),"ref1011_default,ref1011_default_lto,ref1011_feat,ref1011_feat_lto,ref1011_via,ref1011_via_lto",
wireless_enter_sleep_kb,0x08014C76,2,exact-ambiguous(unresolved:__aeabi_idiv0|__aeabi_ldiv0|__chibios_override_boardInit|__cpu_init|__late_init|__malloc_lock|__malloc_unlock|_fini|battery_stop|board_init|default_layer_debug|default_layer_state_set_user|dummy_cb|early_hardware_init_post|housekeeping_task_user|keyboard_post_init_user|keyboard_pre_init_user|layer_debug|layer_state_set_user|leader_start_user|led_init_ports|led_set_user|led_update_ports|matrix_init_user|matrix_power_down|matrix_power_up|matrix_print|matrix_scan_user|matrix_setup|notify_usb_device_state_change_user|oneshot_layer_changed_user|oneshot_locked_mods_changed_user|oneshot_mods_changed_user|post_process_record_user|rgb_matrix_none_indicators_user|suspend_power_down_user|suspend_wakeup_init_user|td0_reset|via_init_kb|via_set_layout_options_kb|wireless_enter_bluetooth_pin_code_entry_kb|wireless_enter_connected_kb|wireless_enter_discoverable_kb|wireless_enter_reconnecting_kb|wireless_enter_sleep_kb|wireless_exit_bluetooth_pin_code_entry_kb|wireless_post_task),"ref1011_default,ref1011_default_lto,ref1011_feat,ref1011_feat_lto,ref1011_via,ref1011_via_lto",
wireless_enter_sleep_kb,0x0800D4AE,2,exact-ambiguous(unresolved:__aeabi_idiv0|__aeabi_ldiv0|__chibios_override_boardInit|__cpu_init|__late_init|__malloc_lock|__malloc_unlock|_fini|battery_stop|board_init|default_layer_debug|default_layer_state_set_user|dummy_cb|early_hardware_init_post|housekeeping_task_user|keyboard_post_init_user|keyboard_pre_init_user|layer_debug|layer_state_set_user|leader_start_user|led_init_ports|led_set_user|led_update_ports|matrix_init_user|matrix_power_down|matrix_power_up|matrix_print|matrix_scan_user|matrix_setup|notify_usb_device_state_change_user|oneshot_layer_changed_user|oneshot_locked_mods_changed_user|oneshot_mods_changed_user|post_process_record_user|rgb_matrix_none_indicators_user|suspend_power_down_user|suspend_wakeup_init_user|td0_reset|via_init_kb|via_set_layout_options_kb|wireless_enter_bluetooth_pin_code_entry_kb|wireless_enter_connected_kb|wireless_enter_discoverable_kb|wireless_enter_reconnecting_kb|wireless_enter_sleep_kb|wireless_exit_bluetooth_pin_code_entry_kb|wireless_post_task),"ref1011_default,ref1011_default_lto,ref1011_feat,ref1011_feat_lto,ref1011_via,ref1011_via_lto",
wireless_enter_sleep_kb,0x0800DBC2,2,exact-ambiguous(unresolved:__aeabi_idiv0|__aeabi_ldiv0|__chibios_override_boardInit|__cpu_init|__late_init|__malloc_lock|__malloc_unlock|_fini|battery_stop|board_init|default_layer_debug|default_layer_state_set_user|dummy_cb|early_hardware_init_post|housekeeping_task_user|keyboard_post_init_user|keyboard_pre_init_user|layer_debug|layer_state_set_user|leader_start_user|led_init_ports|led_set_user|led_update_ports|matrix_init_user|matrix_power_down|matrix_power_up|matrix_print|matrix_scan_user|matrix_setup|notify_usb_device_state_change_user|oneshot_layer_changed_user|oneshot_locked_mods_changed_user|oneshot_mods_changed_user|post_process_record_user|rgb_matrix_none_indicators_user|suspend_power_down_user|suspend_wakeup_init_user|td0_reset|via_init_kb|via_set_layout_options_kb|wireless_enter_bluetooth_pin_code_entry_kb|wireless_enter_connected_kb|wireless_enter_discoverable_kb|wireless_enter_reconnecting_kb|wireless_enter_sleep_kb|wireless_exit_bluetooth_pin_code_entry_kb|wireless_post_task),"ref1011_default,ref1011_default_lto,ref1011_feat,ref1011_feat_lto,ref1011_via,ref1011_via_lto",
wireless_enter_sleep_kb,0x08016700,2,exact-ambiguous(unresolved:__aeabi_idiv0|__aeabi_ldiv0|__chibios_override_boardInit|__cpu_init|__late_init|__malloc_lock|__malloc_unlock|_fini|battery_stop|board_init|default_layer_debug|default_layer_state_set_user|dummy_cb|early_hardware_init_post|housekeeping_task_user|keyboard_post_init_user|keyboard_pre_init_user|layer_debug|layer_state_set_user|leader_start_user|led_init_ports|led_set_user|led_update_ports|matrix_init_user|matrix_power_down|matrix_power_up|matrix_print|matrix_scan_user|matrix_setup|notify_usb_device_state_change_user|oneshot_layer_changed_user|oneshot_locked_mods_changed_user|oneshot_mods_changed_user|post_process_record_user|rgb_matrix_none_indicators_user|suspend_power_down_user|suspend_wakeup_init_user|td0_reset|via_init_kb|via_set_layout_options_kb|wireless_enter_bluetooth_pin_code_entry_kb|wireless_enter_connected_kb|wireless_enter_discoverable_kb|wireless_enter_reconnecting_kb|wireless_enter_sleep_kb|wireless_exit_bluetooth_pin_code_entry_kb|wireless_post_task),"ref1011_default,ref1011_default_lto,ref1011_feat,ref1011_feat_lto,ref1011_via,ref1011_via_lto",
